序號,開標日期,股票代號,CB代號,名稱,股本,發行規模,年期,擔保,信用評等,競拍張數,底標價,截標日,截標收盤,轉換價,訂價溢價率,理論價,最低得標,最低溢價,平均得標,平均溢價,發行券商,產業分類,合格件數,投標張數,投標倍數,投標均張,投標開始日,最高投(得)標數量(張),撥券日,得標總金額,得標手續費率(%),最高得標價格(元),承銷價格(元)
1,2019/3/22,4943,49431,康控一KY,15.7,15,3,無擔保,9,13500,100,2019/3/20,124.5,121.1,1.02,102.807597,100.5,-0.022445783,102.07,-0.007174538,中信證券,電子零組件業,829,19751,1.463037037,23.82509047,2019/3/18,1350,2019/4/2,1377907550,1,159,102.07
2,2019/9/2,4736,47363,泰博三,9.22,15,5,有擔保,4,12752,100,2019/8/7,126,140,1.0566,90,107.17,0.190777778,108.46,0.205111111,凱基證券,生技醫療業,1559,54356,4.262547051,34.8659397,2019/8/5,1275,2019/8/21,1394223850,0.5,140.1,109.33
3,2019/11/4,8028,80281,昇陽一,13.2,10,3,無擔保,6,8732,102,2019/10/31,76.8,76.1,1.02,100.9198423,108.45,0.074615234,109.92,0.08918125,富邦證券,半導體業,1063,31398,3.595739808,29.53715898,,,,,,,
4,2019/12/2,2729,27291,瓦城一,2.33,8,3,無擔保,5,6880,102,2019/11/28,286,300,1.0722,95.33333333,102.81,0.078426573,107.3,0.125524476,富邦證券,觀光餐旅,674,11341,1.648401163,16.8264095,,,,,,,
5,2019/12/11,6477,64771,安集一,11.4,3,5,無擔保,6,2550,100,2019/12/9,22.65,23,1.02,98.47826087,100.51,0.020631347,101.59,0.031598234,福邦證券,光電業,187,4116,1.614117647,22.01069519,2019/12/5,255,2019/12/20,259066700,0.5,109.22,101.59
6,2020/1/6,3617,36171,碩天一,8.1,12,3,無擔保,5,10200,101.5,2020/1/2,113,122,1.0961,92.62295082,104.1,0.123911504,105.23,0.136111504,宏遠證券,其他電子業,882,24587,2.410490196,27.87641723,2019/12/30,1020,2020/1/15,1073334860,0.5,141,105.23
7,2020/1/8,1436,14361,華友聯一,9.56,3,5,有擔保,8,2550,100,2020/1/6,40.95,40,1.0521,102.375,106.66,0.041855922,107.73,0.052307692,第一金證,建材營造業,372,7637,2.994901961,20.52956989,2020/1/2,255,2020/1/17,274721790,0.5,120,107.73
8,2020/1/9,3594,35943,磐儀三,7.16,3,3,無擔保,7,2550,100,2020/1/7,25.45,22.8,1.02,111.622807,101.65,-0.089343811,104.86,-0.060586248,福邦證券,電腦及週邊設備業,241,4769,1.870196078,19.78838174,2020/1/3,255,2020/1/20,267389720,0.5,115.3,104.86
9,2020/2/6,4967,49671,十銓一,7.45,5,3,有擔保,6,4250,102,2020/2/4,36.55,33.9,1.0688,107.8171091,110.7,0.026738714,112.21,0.040743912,群益證券,半導體業,444,11307,2.660470588,25.46621622,2020/1/31,425,2020/2/17,476883600,0.5,119.6,112.21
10,2020/2/18,2466,24663,冠希電三,15.6,3,3,有擔保,8,2660,102,2020/2/14,34.9,38,1.08,91.84210526,103.11,0.122687679,104.5,0.13782235,中信證券,光電業,481,5011,1.883834586,10.41787942,2020/2/12,266,2020/2/27,277980900,0.5,110,104.5
11,2020/2/19,4175,41752,杏一二,3.16,3,5,無擔保,6,2550,102,2020/2/17,72.9,77.3,1.0503,94.30789133,102.65,0.088456104,103.62,0.098741564,國泰證券,生技醫療業,190,4108,1.610980392,21.62105263,2020/2/13,255,2020/3/2,264225240,0.5,110,103.62
12,2020/2/26,2228,22282,劍麟二,7.58,3,3,無擔保,5,2550,100,2020/2/24,95.2,106.23,1.05,89.61686906,104.5,0.166075105,105.98,0.182589853,元大證券,汽車工業,416,11327,4.441960784,27.22836538,2020/2/20,255,2020/3/9,270260630,0.5,110,105.98
13,2020/4/20,6150,61504,撼訊四,4.49,4,3,無擔保,8,3550,100,2020/4/16,42.8,34.5,1.02,124.057971,102.22,-0.176030374,106.83,-0.138870327,宏遠證券,電腦及週邊設備業,221,4439,1.250422535,20.08597285,2020/4/14,355,2020/4/29,379239070,0.5,117.33,106.83
14,2020/5/11,4919,49191,新唐一,39.1,20,7,無擔保,4,5361,100,2020/5/7,39.15,39.9,1.0828,98.12030075,100,0.019157088,100.91,0.028431418,中信證券,半導體業,473,5361,1.00000,11.33403805,2020/5/5,1800,2020/5/20,540953740,0.5,110,100
15,2020/5/28,6189,61893,豐藝三,18.3,10,3,無擔保,4,3740,101,2020/5/26,34.4,34.5,1.0213,99.71014493,101,0.012936047,103.94,0.042421512,群益證券,電子通路業,192,3740,1.00000,19.47916667,2020/5/22,850,2020/6/8,388726950,0.5,498,101
16,2020/7/31,9958,99584,世紀鋼四,23.1,15,3,無擔保,5,10544,100,2020/7/29,92.8,90.88,1.02,102.1126761,100,-0.020689655,101.13,-0.009623448,群益證券,鋼鐵工業,426,10544,1.00000,24.75117371,2020/7/27,1275,2020/8/11,1066290440,0.5,110,100
17,2020/8/6,9802,98025,鈺齊五KY,18.6,5,3,無擔保,4,4250,100,2020/8/4,105,112,1.0228,93.75,105.5,0.125333333,106.55,0.136533333,國票證券,運動休閒,648,19271,4.534352941,29.73919753,2020/7/31,425,2020/8/17,452831280,0.5,110.1,106.55
18,2020/8/25,1589,15893,永冠三KY,11.1,15,5,無擔保,6,12750,100,2020/8/21,99,100,1.0249,99,101.5,0.025252525,103.56,0.046060606,中信證券,電機機械,941,24755,1.941568627,26.30712009,2020/8/19,1275,2020/9/3,1320378820,0.5,120.02,103.56
19,2020/8/26,2937,29371,集雅社一,3.29,2.5,3,有擔保,6,2125,104,2020/8/24,33.95,39,1.1468,87.05128205,104.6,0.201590574,106.1,0.218821797,富邦證券,居家生活,177,2989,1.406588235,16.88700565,2020/8/20,212,2020/9/4,225465300,0.5,120,106.1
20,2020/9/24,4967,49672,十銓二,7.45,8,3,有擔保,6,6880,102,2020/9/22,37.1,42,1.1468,88.33333333,105,0.188679245,106.47,0.205320755,第一金證,半導體業,692,16215,2.356831395,23.43208092,2020/9/18,688,2020/10/7,732547700,0.5,240,106.47
21,2020/9/24,8044,80441,網家一,11.8,15,3,有擔保,6,13304,103,2020/9/22,105,112,1.05861,93.75,105.77,0.128213333,107.42,0.145813333,凱基證券,數位雲端,1138,31470,2.365453999,27.65377856,2020/9/18,1330,2020/10/7,1429120140,1.5,230,107.42
22,2020/9/28,5263,52633,智崴三,5.68,7,5,無擔保,7,5951,100,2020/9/24,104,105,1.0211,99.04761905,100.7,0.016682692,101.64,0.026173077,台新證券,文化創意業,335,11333,1.904385818,33.82985075,2020/9/22,595,2020/10/12,604869400,0.5,115,101.64
23,2020/10/13,6629,66291,泰金一KY,3.57,2,3,無擔保,6,1700,100,2020/10/8,63.9,59.8,1.02,106.8561873,106.1,-0.007076682,107.88,0.009581221,中信證券,居家生活,574,8668,5.098823529,15.1010453,2020/10/6,170,2020/10/22,183392590,0.5,113,107.88
24,2020/10/21,6477,64772,安集二,11.4,3,5,無擔保,6,2550,100,2020/10/19,59.5,42.1,1.02,141.3301663,115.2,-0.184887395,120.18,-0.149650756,國泰證券,光電業,599,8781,3.443529412,14.65943239,2020/10/15,255,2020/10/30,306465660,0.5,150.1,120.18
25,2020/10/21,5306,53063,桂盟三,12.6,10,3,有擔保,4,8500,103,2020/10/19,198.5,205.2,1.0502,96.73489279,106.1,0.096812091,107.5,0.111284635,凱基證券,運動休閒,718,19924,2.344,27.74930362,2020/10/15,850,2020/10/30,913722320,1,120,107.5
26,2020/11/23,2636,26364,台驊四,12.7,3,3,無擔保,4,2550,102,2020/11/19,37.85,40,1.0363,94.625,104.2,0.101188904,105.09,0.110594452,凱基證券,航運業,480,10480,4.109803922,21.83333333,2020/11/17,255,2020/12/2,267979230,0.5,108.69,105.09
27,2020/12/1,1626,16264,艾美特四KY,14.1,4,3,無擔保,7,3460,100,2020/11/27,26.25,27,1.07,97.22222222,100,0.028571429,100,0.028571429,凱基證券,電器電纜,96,1280,0.369942197,13.33333333,2020/11/25,346,2020/12/10,129816450,0.5,106.02,100
28,2020/12/3,3489,34891,森寶一,8.31,1,3,有擔保,8,900,103,2020/12/1,13,13.85,1.14,93.86281588,105.99,0.129201154,107.48,0.145075385,合庫證券,建材營造業,223,2487,2.763333333,11.15246637,2020/11/27,90,2020/12/14,96729890,0.5,112.63,107.48
29,2020/12/4,3023,30237,信邦七,23.3,13,3,無擔保,4,11400,101,2020/12/2,206,203,1.0513,101.4778325,105.28,0.037467961,108.3,0.067228155,富邦證券,電子零組件業,1005,32101,2.815877193,31.94129353,2020/11/30,1140,2020/12/15,1234582540,0.5,158.28,108.3
30,2020/12/7,5546,55461,永固一KY,8.23,8,3,無擔保,7,6800,100,2020/12/3,83.9,78.8,1.0233,106.4720812,100.11,-0.059753516,102.41,-0.038151609,中信證券,建材營造業,427,9989,1.468970588,23.39344262,2020/12/1,680,2020/12/16,696364820,0.5,120,102.41
31,2021/1/25,6706,67061,惠特一,7.22,5,3,無擔保,5,4250,100,2021/1/21,157.5,168,1.05,93.75,108.16,0.153706667,109.28,0.165653333,凱基證券,光電業,930,22780,5.36,24.49462366,2021/1/19,425,2021/2/3,464426010,0.5,136,109.28
32,2021/2/26,3713,37131,新晶投控一,7.81,5,3,有擔保,7,4250,102,2021/2/24,54.6,53.8,1.0487,101.4869888,112.62,0.109698901,113.92,0.122508425,第一金證,綠能環保,727,22095,5.198823529,30.39202201,2021/2/22,425,2021/3/10,484175190,0.5,120,113.92
33,2021/5/4,6251,62512,定穎二,27.8,5,3,無擔保,5,4250,101,2021/4/29,22.55,23.5,1.078,95.95744681,107.7,0.122372506,110.1,0.147383592,富邦證券,電子零組件業,734,13542,3.186352941,18.44959128,2021/4/27,425,2021/5/13,467936910,0.5,121.1,110.1
34,2021/5/4,1341,13411,富林KY一,4.94,1.5,3,無擔保,6,1275,100,2021/4/29,82.4,75.8,1.0218,108.707124,112.2,0.032131068,115,0.05788835,中信證券,塑膠工業,436,6451,5.059607843,14.79587156,2021/4/27,127,2021/5/13,146628770,0.5,152.1,115
35,2021/5/6,3512,35121,皇龍一,8.4,4,3,有擔保,8,3400,100,2021/5/4,36.6,39,1.04,93.84615385,109.29,0.164565574,112.04,0.193868852,台新證券,建材營造業,420,8803,2.589117647,20.95952381,2021/4/29,340,2021/5/17,380938230,0.5,138,112.04
36,2021/5/6,6641,66411,基士德KY一,3.4,3,3,無擔保,5,2550,100,2021/5/4,71.6,76,1.05,94.21052632,101.5,0.077374302,104.64,0.110703911,永豐金證,綠能環保,189,3666,1.437647059,19.3968254,2021/4/29,255,2021/5/17,266842900,0.5,138,104.64
37,2021/6/2,6015,60151,宏遠一,33.1,7,5,無擔保,BBB,7000,100,2021/5/31,25.15,19.18,1.02,131.1261731,114.7,-0.12526998,117.8,-0.101628628,凱基證券,證券業,747,21079,3.011285714,28.21820616,2021/5/27,700,2021/6/11,824581730,0.5,151.3,117.8
38,2021/6/10,6179,61792,亞通二,7.41,2,3,有擔保,6,1700,101,2021/6/10,32.75,32.9,1.02,99.54407295,114.33,0.148536489,115.29,0.158180458,兆豐證券,其他業,613,11047,6.498235294,18.02120718,2021/6/4,170,2021/6/22,195992260,0.5,125,115.29
39,2021/7/1,2482,24822,連宇二,6.21,2,3,有擔保,7,1700,100,2021/7/1,12.5,12.65,1.0251,98.81422925,112.8,0.141536,114.15,0.155198,國票證券,其他電子業,311,6224,3.661176471,20.01286174,2021/6/25,170,2021/7/12,194053150,0.5,117.71,114.15
40,2021/7/8,6541,65481,長科一,31.2,15,5,有擔保,7,12750,102,2021/7/6,83.1,75,1.0417,110.8,118.28,0.067509025,120.56,0.088086643,凱基證券,生技醫療業,1154,41071,3.221254902,35.59012132,2021/7/2,1275,2021/7/19,1537201910,0.5,128,120.56
41,2021/7/9,8109,81091,博大一,7.76,3,3,無擔保,5,2550,100,2021/7/7,72.7,74,1.0207,98.24324324,109.8,0.117634113,111.42,0.134123796,凱基證券,電子零組件業,559,12744,4.997647059,22.79785331,2021/7/5,255,2021/7/20,284123890,0.5,116.23,111.42
42,2021/7/23,2338,23383,光罩三,25.3,20,5,無擔保,7,17200,102,2021/7/21,99,88.8,1.0242,111.4864865,112.56,0.009629091,115.23,0.033578182,凱基證券,半導體業,1154,33705,1.959593023,29.20710572,2021/7/19,1720,2021/8/3,1981888020,0.5,128,115.23
43,2021/7/23,3028,30284,增你強四,21.4,7,3,無擔保,6,5100,101,2021/7/21,27.65,29,1.0335,95.34482759,107.33,0.125703436,109.18,0.145106691,群益證券,電子通路業,562,15559,3.050784314,27.68505338,2021/7/19,510,2021/8/3,556814850,0.5,115.2,109.18
44,2021/7/26,6477,64773,安集三,11.4,5,5,無擔保,6,4250,100,2021/7/22,45.8,45.3,1.0215,101.1037528,103.88,0.027459389,106.99,0.058219869,福邦證券,光電業,321,7088,1.667764706,22.08099688,2021/7/20,425,2021/8/4,454703100,0.5,116.5,106.99
45,2021/7/26,6150,61505,撼訊五,4.49,7,3,無擔保,8,5950,100,2021/7/22,139,138.3,1.0207,100.5061461,100.23,-0.002747554,104.29,0.037647986,宏遠證券,電腦及週邊設備業,333,7459,1.253613445,22.3993994,2021/7/20,595,2021/8/4,620518730,0.5,120,104.29
46,2021/8/4,6209,62092,今國光二,16.3,3.5,3,有擔保,6,2975,100,2021/8/2,33.6,35,1.0355,96,113.3,0.180208333,115.17,0.1996875,國票證券,光電業,696,12874,4.327394958,18.49712644,2021/7/29,297,2021/8/13,342640330,0.5,123.5,115.17
47,2021/8/10,3533,35331,嘉澤一,10.3,10,3,無擔保,4,8800,102,2021/8/6,570,563.2,1.02,101.2073864,114.46,0.130945123,115.45,0.140727018,元大證券,電子零組件業,1352,37818,4.2975,27.97189349,2021/8/4,880,2021/8/19,1015932860,0.6,163.5,115.45
48,2021/8/24,3339,33394,泰谷四,4.33,3,3,有擔保,8,2550,102,2021/8/20,18.8,19.8,1.02,94.94949495,109.3,0.151138298,110.98,0.168831915,富邦證券,光電業,315,7618,2.98745098,24.18412698,2021/8/18,255,2021/9/2,282999350,0.5,116.5,110.98
49,2021/8/31,6203,62031,海韻一,8,6,3,無擔保,5,5116,103.5,2021/8/27,97.2,95.8,1.02,101.4613779,111.1,0.094997942,112.84,0.112147325,富邦證券,電子零組件業,550,13263,2.592455043,24.11454545,2021/8/25,511,2021/9/9,577269840,0.5,119,112.84
50,2021/8/31,1582,15823,信錦三,12.4,12,3,無擔保,4,10320,100,2021/8/27,70.3,66.8,1.02,105.239521,108.3,0.029081081,111.87,0.063003698,富邦證券,電子零組件業,640,18383,1.78129845,28.7234375,2021/8/25,1032,2021/9/9,1154510750,0.5,118.1,111.87
51,2021/9/7,3018,30184,同開四,7.31,3.5,3,有擔保,9,2975,102,2021/9/9,17.75,19.8,1.1,89.64646465,108.6,0.211425352,110.84,0.236412394,富邦證券,其他電子業,231,7623,2.562352941,33,2021/9/1,297,2021/9/16,329763570,0.5,115.11,110.84
52,2021/9/8,6190,61905,萬泰科五,14,3,3,無擔保,6,2550,101,2021/9/6,24.25,25,1.0183,97,103.8,0.070103093,106.4,0.096907216,元富證券,通信網路業,162,4229,1.658431373,26.10493827,2021/9/2,255,2021/9/17,271310080,0.5,111.8,106.4
53,2021/9/14,3122,31221,笙泉一,3.83,2,3,有擔保,6,1700,102,2021/9/10,50.3,52,1.0318,96.73076923,109.6,0.13304175,111.71,0.154854871,群益證券,半導體業,249,4909,2.887647059,19.71485944,2021/9/8,170,2021/9/27,189899440,0.5,119.28,111.71
54,2021/9/14,3708,37083,上緯三,9.35,10,5,有擔保,6,8500,100,2021/9/10,91.4,99,1.0687,92.32323232,106.33,0.151714442,108.38,0.173919037,元大證券,綠能環保,373,13269,1.561058824,35.57372654,2021/9/8,850,2021/9/27,921263960,0.5,113.94,108.38
55,2021/9/15,3708,37084,上緯四,9.35,10,5,無擔保,6,8500,100,2021/9/13,89.7,95,1.0233,94.42105263,100.5,0.064381271,103.45,0.095624303,元大證券,綠能環保,180,9524,1.120470588,52.91111111,2021/9/9,850,2021/9/28,879359860,0.5,107.72,103.45
56,2021/9/15,8473,84732,山林水二,13.5,10,5,無擔保,6,8500,101,2021/9/13,35.95,38,1.0526,94.60526316,101,0.06759388,103.24,0.09127121,兆豐證券,綠能環保,56,1597,0.187882353,28.51785714,2021/9/9,850,2021/9/28,164873020,0.5,106.8,101
57,2021/9/16,3483,34833,力致三,7.07,3,3,無擔保,6,2550,100,2021/9/14,83.4,83.6,1.02,99.76076555,106.5,0.067553957,108.22,0.084795204,永豐金證,電腦及週邊設備業,278,7976,3.127843137,28.69064748,2021/9/10,255,2021/9/29,275963920,0.5,113.1,108.22
58,2021/9/17,6275,62756,元山六,6.98,3,5,有擔保,6,2550,100,2021/9/15,28.6,30,1.0619,95.33333333,108.6,0.139160839,110.95,0.163811189,第一金證,電子零組件業,257,6889,2.701568627,26.80544747,2021/9/13,255,2021/9/30,282924490,0.5,115,110.95
59,2021/10/1,6257,62574,矽格四,44.4,15,3,無擔保,4,12750,101,2021/9/29,58.4,65.4,1.0296,89.29663609,104.6,0.171376712,106.2,0.189294521,凱基證券,半導體業,594,26059,2.043843137,43.87037037,2021/9/27,1275,2021/10/13,1353995740,0.5,110.5,106.2
60,2021/10/5,4714,47146,永捷六,13.5,3,5,有擔保,8,2680,101,2021/10/1,13.7,16.8,1.17,81.54761905,103.02,0.263310949,105.37,0.292128467,富邦證券,化學工業,142,3757,1.401865672,26.45774648,2021/9/29,268,2021/10/15,282394680,0.5,111,105.37
61,2021/10/7,8420,84201,明揚一,5.1,5,3,無擔保,6,4250,102,2022/9/28,67.5,75,1.02,90,102.38,0.137555556,103.98,0.155333333,台新證券,運動休閒,181,6931,1.630823529,38.29281768,2022/9/22,425,2022/10/7,437666000,0.5,106,102.98
62,2021/10/14,8103,81034,瀚荃四,7.9,5,3,無擔保,5,4250,101,2021/10/8,45.8,42.2,1.0203,108.5308057,104.28,-0.039166812,105.8,-0.025161572,群益證券,電子零組件業,325,8572,2.016941176,26.37538462,2021/10/5,425,2021/10/21,449652530,0.5,114.15,105.8
63,2021/10/14,3576,35763,聯合再生三,151,30,3,有擔保,7,27000,102,2021/10/8,20.65,20.9,1.021,98.80382775,102.35,0.035891041,104.18,0.054412591,凱基證券,光電業,554,31011,1.148555556,55.9765343,2021/10/6,2700,2021/10/25,2812889950,0.5,114.7,104.18
64,2021/10/14,6552,65521,易華電一,8.3,5,5,有擔保,6,4250,102.5,2021/10/12,54.7,63.5,1.0763,86.14173228,104.89,0.217644424,106.63,0.237843693,台新證券,半導體業,324,9921,2.334352941,30.62037037,2021/10/7,425,2021/10/25,453198380,0.5,115,106.63
65,2021/10/19,4739,47393,康普三,10.3,7,5,有擔保,5,6050,100,2021/10/15,123,110,1.051,111.8181818,113.89,0.018528455,116.01,0.037487805,福邦證券,化學工業,795,22128,3.657520661,27.83396226,2021/10/13,605,2021/10/28,701846690,0.5,125.11,116.01
66,2021/10/20,6509,65095,聚和五,17.3,3,3,無擔保,5,2600,102,2021/10/18,56.5,55.9,1.02,101.0733453,107.99,0.068432035,110.12,0.089505841,台新證券,化學工業,381,9974,3.836153846,26.17847769,2021/10/14,260,2021/10/29,286317270,0.5,123.9,110.12
67,2021/10/27,4714,47147,永捷七,17.78,2,3,無擔保,8,1785,100,2021/10/25,14.25,14,1.02,101.7857143,102.38,0.005838596,103.76,0.019396491,富邦證券,化學工業,161,3912,2.191596639,24.29813665,2021/10/21,178,2021/11/5,185211190,0.5,109.8,103.76
68,2021/11/2,6616,66162,特昇二-KY,3.55,1.2,3,無擔保,6,1020,101,2021/10/29,22.3,22.8,1.05,97.80701754,101,0.03264574,101.76,0.040416143,第一金證,居家生活,44,576,0.564705882,13.09090909,2021/10/27,102,2021/11/11,50877860,0.5,107,101
69,2021/11/11,1609,16094,大亞四,59.5,12,5,無擔保,5,10320,101,2021/11/9,27.6,28.8,1.06,95.83333333,106.89,0.115373913,108.31,0.130191304,凱基證券,電器電纜,1164,41122,3.984689922,35.32817869,2021/11/5,1032,2021/11/22,1117729060,0.5,116.5,108.31
70,2021/11/11,6283,62832,淳安二,14.8,3,3,有擔保,6,2550,100,2021/11/9,49.1,55.1,1.02,89.1107078,109.28,0.226339715,110.78,0.243172709,中信證券,其他電子業,844,17102,6.706666667,20.26303318,2021/11/5,255,2021/11/22,282500280,1,120.5,110.78
71,2021/11/16,2069,20694,運錩四,15.6,3,3,無擔保,7,2550,100,2021/11/12,35.55,31.5,1.0237,112.8571429,109.91,-0.026113924,111.6,-0.011139241,台新證券,鋼鐵工業,393,8160,3.2,20.76335878,2021/11/10,255,2021/11/25,284589610,0.5,117.99,111.6
72,2021/11/29,2066,20661,世德一,3.65,4,3,無擔保,6,3410,103,2021/11/25,61.6,63.1,1.02,97.62282092,109.1,0.117566558,110.21,0.128936851,台新證券,電機機械,616,15035,4.409090909,24.40746753,2021/11/23,341,2021/12/8,375808410,0.5,113.14,110.21
73,2021/11/29,6578,65781,達邦蛋白一,3.01,2,3,有擔保,6,1700,101,2021/11/25,17.9,18.5,1.0482,96.75675676,110.78,0.144932961,112.02,0.157748603,兆豐證券,農業科技業,413,9184,5.402352941,22.23728814,2021/11/23,170,2021/12/8,190431500,0.5,115.1,112.02
74,2021/12/1,8927,89276,北基六,19.8,3,3,無擔保,7,2700,100,2021/11/29,33.15,35.5,1.05,93.38028169,100,0.070889894,103.04,0.103444947,合庫證券,油電燃氣業,173,2542,0.941481481,14.69364162,2021/11/25,270,2021/12/10,261927730,0.5,111.38,100
75,2021/12/1,6654,66541,天正國際一,3.7,4,3,有擔保,6,3400,102.5,2021/11/29,103,98,1.0234,105.1020408,115.1,0.095126214,116.41,0.107590291,凱基證券,其他電子業,912,22722,6.682941176,24.91447368,2021/11/25,340,2021/12/10,395792660,0.5,121.96,116.41
76,2021/12/9,1909,19094,榮成四,128,7,3,無擔保,7,5950,102,2021/12/7,24.55,26.1,1.07,94.06130268,107,0.137556008,108.58,0.154353564,台新證券,造紙工業,720,19387,3.258319328,26.92638889,2021/12/3,595,2021/12/20,646048920,0.5,120,108.58
77,2021/12/22,4566,45662,時碩二,7.15,6.3,3,無擔保,5,5355,101,2021/12/20,46.05,47,1.0431,97.9787234,110.08,0.123509229,111.8,0.141064061,凱基證券,電機機械,811,23230,4.338001867,28.64364982,2021/12/16,535,2022/1/3,598662850,0.5,305,111.8
78,2021/12/29,3268,32681,海德威一,3.34,2,3,有擔保,7,1700,104,2021/12/27,29.3,29.2,1.0246,100.3424658,114.93,0.145377474,115.76,0.153649147,合庫證券,半導體業,740,14059,8.27,18.99864865,2021/12/23,170,2022/1/10,196788580,0.5,120,115.76
79,2022/1/3,2061,20612,風青二,4.69,1,3,有擔保,8,850,100,2021/12/29,22.9,22.7,1.02,100.8810573,117.39,0.163647598,118.94,0.179012227,中信證券,電器電纜,465,8057,9.478823529,17.32688172,2021/12/27,85,2022/1/12,101097900,1,122.11,118.94
80,2022/1/7,3138,31381,耀登一,4.66,4,3,有擔保,7,3400,100,2022/1/5,237.5,230,1.0376,103.2608696,118.45,0.147094737,121,0.171789474,國票證券,通信網路業,947,22623,6.653823529,23.88912355,2022/1/3,340,2022/1/18,411409590,0.5,200,121
81,2022/1/10,6715,67151,嘉基一,5.7,3,3,無擔保,5,2550,100,2022/1/6,123,123.4,1.02,99.67585089,114.2,0.145713821,116.22,0.165979512,中信證券,電子零組件業,581,15355,6.021568627,26.42857143,2022/1/4,255,2022/1/19,296356590,0.5,118.89,116.22
82,2022/1/12,8147,81472,正凌二,3.06,2,3,無擔保,6,1700,102,2022/1/10,59.6,63.8,1.02,93.4169279,109,0.166812081,111.28,0.191218792,富邦證券,電子零組件業,230,4939,2.905294118,21.47391304,2022/1/6,170,2022/1/21,189168260,0.5,115.25,111.28
83,2022/1/13,1532,15324,勤美四,37.6,15,3,無擔保,6,12750,100.5,2022/1/11,33.05,34.2,1.04,96.6374269,108,0.117579425,110.04,0.138689259,台新證券,電機機械,757,34721,2.723215686,45.8665786,2022/1/7,1275,2022/1/24,1403055610,0.5,117.5,110.04
84,2022/1/14,8367,83671,建新一,8.11,7,3,無擔保,6,5950,100,2022/1/12,49,55,1.0275,89.09090909,104.8,0.176326531,106.94,0.200346939,凱基證券,航運業,459,20488,3.443361345,44.63616558,2022/1/10,595,2022/1/25,636313800,0.5,116,106.94
85,2022/1/17,1533,15332,車王電二,9.85,10,3,無擔保,6,8500,100,2022/1/17,60.7,73.5,1.05,82.58503401,102.51,0.241266063,109.58,0.326874794,凱基證券,汽車工業,422,20345,2.393529412,48.21090047,2022/1/11,850,2022/1/26,896873940,0.5,115,105.51
86,2022/2/11,6187,61874,萬潤四,8.33,10,3,無擔保,5,8500,103,2022/2/9,126,127,1.027,99.21259843,111.46,0.123446032,110.58,0.11457619,台新證券,其他電子業,1279,38586,4.539529412,30.16888194,2022/2/7,850,2022/2/22,958665010,0.5,122.5,112.78
87,2022/2/17,1474,14742,弘裕二,13,3,3,無擔保,6,2550,102,2022/1/17,15.7,16,1.0224,98.125,106.8,0.088407643,109.01,0.110929936,兆豐證券,紡織纖維,289,6023,2.361960784,20.84083045,2022/1/11,255,2022/1/26,277970700,0.5,120,109.01
88,2022/2/18,1617,16173,榮星三,14.4,2,5,無擔保,6,1800,100,2022/2/16,17.95,18.5,1.0306,97.02702703,111,0.144011142,111.8,0.152256267,台新證券,電器電纜,520,11451,6.361666667,22.02115385,2022/2/14,180,2022/3/2,201234760,0.5,113.1,111.8
89,2022/3/11,2065,20652,世豐二,4.58,6,3,無擔保,5,5100,101,2022/3/9,50.3,61,1.1424,82.45901639,106.21,0.288033797,107.64,0.305375746,富邦證券,鋼鐵工業,599,17957,3.520980392,29.97829716,2022/3/7,510,2022/3/22,548940450,0.5,113,107.64
90,2022/3/16,2012,20121,春雨一,28.8,7,3,有擔保,6,5950,100,2022/3/14,31.55,37.5,1.1503,84.13333333,108.66,0.291521395,111.31,0.323019017,國票證券,鋼鐵工業,434,13173,2.21394958,30.35253456,2022/3/10,595,2022/3/25,662286860,0.5,115.68,111.31
91,2022/3/16,2012,20122,春雨二,28.8,5,3,有擔保,6,4250,100,2022/3/14,31.55,37.5,1.1503,84.13333333,108.76,0.292709984,111.51,0.325396197,國票證券,鋼鐵工業,351,9992,2.351058824,28.46723647,2022/3/10,425,2022/3/25,473930510,0.5,115.3,111.51
92,2022/3/16,2012,20123,春雨三,28.8,4,3,有擔保,6,3400,100,2022/3/14,31.55,37.5,1.1503,84.13333333,108.66,0.291521395,111.25,0.322305864,國票證券,鋼鐵工業,282,7714,2.268823529,27.35460993,2022/3/10,340,2022/3/25,378254850,0.5,115.58,111.25
93,2022/3/25,3707,37074,漢磊四,31.4,10,3,有擔保,7,8870,101,2022/3/23,130.5,118.8,1.025,109.8484848,123.26,0.122091034,124.85,0.136565517,凱基證券,半導體業,1402,36687,4.136076663,26.16761769,2022/3/21,887,2022/4/7,1107443300,1,136.81,124.85
94,2022/3/29,6670,66701,復盛一,13.1,15,3,無擔保,3,12750,102,2022/3/25,202,208,1.0345,97.11538462,110.68,0.139675248,112.01,0.153370297,富邦證券,運動休閒,1147,39987,3.136235294,34.86224935,2022/3/23,1275,2022/4/11,1428079540,0.5,124,112.01
95,2022/4/19,3548,35481,兆利一,6.01,4,3,無擔保,5,3425,101,2022/4/15,65.4,72,1.0286,90.83333333,108.52,0.194715596,109.57,0.206275229,永豐金證,電子零組件業,549,15913,4.646131387,28.98542805,2022/4/13,342,2022/4/28,375282180,0.5,112.13,109.57
96,2022/4/26,3687,36871,歐買尬一,3.01,6,3,有擔保,5,5100,102,2022/4/22,147.5,150.6,1.0459,97.94156707,111.56,0.139046508,113.52,0.159058441,第一金證,數位雲端,572,16369,3.209607843,28.61713287,2022/4/20,510,2022/5/6,578964060,0.5,118.5,113.52
97,2022/4/29,4763,47633,材料KY三,5.86,5,5,無擔保,5,4250,101,2022/4/25,98.6,102.1,1.02,96.57198825,101,0.045851927,102.73,0.063766024,富邦證券,化學工業,101,2710,0.637647059,26.83168317,2022/4/25,425,2022/5/11,278409540,0.5,111.3,101
98,2022/5/24,1342,13421,八貫一,6.78,2,3,有擔保,6,1780,100,2022/5/20,73.6,72,1.0381,102.2222222,111.52,0.090956522,112.93,0.10475,元大證券,其他業,406,9568,5.375280899,23.56650246,2022/5/18,178,2022/6/2,201013900,0.5,121.57,112.93
99,2022/5/25,6570,65701,維田一,3.01,1.5,3,無擔保,6,1275,100,2022/5/23,40.5,40.8,1.02,99.26470588,103.1,0.038637037,104.61,0.053848889,中信證券,電腦及週邊設備業,158,3328,2.610196078,21.06329114,2022/5/19,127,2022/6/6,133372770,0.5,111.55,104.61
100,2022/5/27,5288,52881,豐祥一KY,6.58,5,3,無擔保,4,4260,100,2022/5/25,152,153,1.03,99.34640523,100.79,0.014530921,103.82,0.045030263,元大證券,電機機械,168,8179,1.919953052,48.68452381,2022/5/23,426,2022/6/8,442272670,0.5,116.1,103.82
101,2022/6/2,6134,61342,萬旭二,7.26,2,3,有擔保,7,1720,103,2022/5/31,25,21.6,1.02,115.7407407,113.89,-0.0159904,116.23,0.0042272,中信證券,電子零組件業,242,5920,3.441860465,24.46280992,2022/5/27,172,2022/6/14,199908830,1,122.2,116.23
102,2022/6/10,3645,36451,達邁一,13.1,6,3,無擔保,6,5220,101,2022/6/8,60,57,1.027,105.2631579,106.19,0.008805,108.67,0.032365,元大證券,電子零組件業,406,13737,2.631609195,33.83497537,2022/6/6,522,2022/6/21,567243770,0.5,124.5,108.67
103,2022/6/16,4168,41683,醣聯三,10.86,4,3,有擔保,7,3400,100,2022/6/14,26.8,27.5,1.0436,97.45454545,102.4,0.050746269,105.16,0.079067164,台新證券,生技醫療業,205,5075,1.492647059,24.75609756,2022/6/10,340,2022/6/27,357534190,0.5,113.95,105.16
104,2022/6/28,2497,24972,怡利電二,11.9,3,3,有擔保,7,2550,100,2022/6/24,80.3,85,1.0251,94.47058824,103.62,0.096849315,104.97,0.111139477,國票證券,汽車工業,299,7132,2.796862745,23.85284281,2022/6/22,255,2022/7/7,267664620,0.5,111.99,104.97
105,2022/7/11,8938,89383,明安三,13.5,10,3,無擔保,4,8500,102,2022/7/7,76.5,81,1.0227,94.44444444,102,0.08,102.87,0.089211765,台新證券,運動休閒,150,7124,0.838117647,47.49333333,2022/7/5,850,2022/7/20,732872950,0.5,106.6,102
106,2022/7/12,6477,64774,安集四,11.4,10,5,無擔保,6,8500,100,2022/7/8,53.3,53.9,1.02,98.88682746,100,0.011257036,100.91,0.020459475,福邦證券,光電業,249,12402,1.459058824,49.80722892,2022/7/6,850,2022/7/21,857727990,0.5,107,100.91
107,2022/7/12,3209,32094,全科四,18.9,6,3,無擔保,6,5100,101,2022/7/8,36.3,38.2,1.0203,95.02617801,101,0.062865014,101.31,0.066127273,富邦證券,電子通路業,35,942,0.184705882,26.91428571,2022/7/6,510,2022/7/21,95431360,0.5,106.25,101
108,2022/7/19,2641,26415,正德五,18.9,6,3,無擔保,6,5138,101,2022/7/15,19.85,19.99,1.02,99.29964982,101,0.017123426,101.18,0.018936121,台中銀證,航運業,91,2406,0.468275594,26.43956044,2022/7/13,513,2022/7/28,243437180,0.5,105.37,101
109,2022/8/10,8442,84421,威宏KY一,6,3,3,無擔保,6,2569,102,2022/8/8,65,65,1.02,100,103.95,0.0395,105.71,0.0571,富邦證券,其他業,278,7034,2.738030362,25.30215827,2022/8/4,256,2022/8/19,271580070,0.5,115,105.71
110,2022/8/16,5245,52451,智晶一,4.5,3,3,有擔保,6,2700,102,2022/8/12,64.2,64.9,1.02,98.92141757,105.62,0.067716199,107.29,0.084598287,合庫證券,光電業,422,9586,3.55037037,22.71563981,2022/8/10,270,2022/8/25,289688740,1,111,107.29
111,2022/8/25,4555,45553,氣立三,6.7,6,3,有擔保,6,5100,103.5,2022/8/23,57.2,60,1.0563,95.33333333,103.5,0.085664336,104.42,0.095314685,富邦證券,電機機械,186,4567,0.895490196,24.55376344,2022/8/19,510,2022/9/5,476870940,0.5,107.11,103.5
112,2022/8/31,6469,64692,大樹二,5.4,10,3,無擔保,4,8500,100,2022/8/31,295,304.98,1.02,96.72765427,101.89,0.053369905,104.21,0.077354773,統一證券,生技醫療業,377,15124,1.779294118,40.11671088,2022/8/25,850,2022/9/12,885772730,0.5,120,104.21
113,2022/9/19,6472,64722,保瑞二,5.41,8,5,有擔保,6,6800,100,2022/9/19,312.5,300,1.0204,104.1666667,104.1,-0.00064,106.3,0.02048,台新證券,生技醫療業,577,14104,2.074117647,24.44367418,2022/9/13,680,2022/9/28,722827730,0.5,112.1,106.3
114,2022/9/19,2358,23581,廷鑫一,12.5,3,3,有擔保,8,2625,103,2022/9/19,14.9,15.15,1.0424,98.34983498,105.6,0.073718121,106.63,0.08419094,合庫證券,其他電子業,289,7052,2.68647619,24.40138408,2022/9/13,262,2022/9/28,279914920,1,109,106.63
115,2022/9/21,4416,44163,三圓三,6.04,10,5,有擔保,8,9500,100.5,2022/9/21,80.7,81,1.0227,99.62962963,100.5,0.008736059,102.31,0.026903346,第一金證,建材營造業,180,7066,0.743789474,39.25555556,2022/9/15,950,2022/9/30,722931140,0.5,106.1,100.5
116,2022/9/22,4438,44382,廣越二,10.3,15,3,無擔保,4,12845,101,2022/9/22,130.5,138,1.0268,94.56521739,101,0.068045977,101.64,0.074813793,凱基證券,紡織纖維,302,13258,1.032152589,43.90066225,2022/9/16,1284,2022/10/3,1305597020,0.5,106.62,101.64
117,2022/10/13,4540,45401,全球傳動一,9.42,5,3,有擔保,6,4250,101,2022/10/13,33.9,40.5,1.0498,83.7037037,101.38,0.211176991,102.23,0.221331858,凱基證券,電機機械,268,9022,2.122823529,33.6641791,2022/10/6,425,2022/10/24,434478090,0.5,106.8,102.23
118,2022/10/20,6190,61906,萬泰科六,14,8,3,無擔保,6,6800,101,2022/10/20,32.55,36.2,1.0163,89.91712707,101,0.123256528,101.89,0.133154531,元富證券,通信網路業,90,3027,0.445147059,33.63333333,2022/10/14,680,2022/10/31,239139410,0.5,105.56,101
119,2022/11/9,1599,15991,宏佳騰一,7.55,3,3,有擔保,5,2550,101,2022/11/9,41,43.3,1.05,94.68822171,101.88,0.075952195,103.07,0.088519756,富邦證券,電機機械,159,4213,1.652156863,26.49685535,2022/11/3,255,2022/11/18,262828070,0.5,108,103.07
120,2022/11/11,3290,32903,東浦三,9.95,3,3,有擔保,7,2700,100,2022/11/11,21.35,20.4,1.02,104.6568627,106.5,0.017611241,106.85,0.020955504,統一證券,電子零組件業,239,9318,3.451111111,38.9874477,2022/11/7,270,2022/11/22,288487550,0.5,108.11,106.85
121,2022/11/11,8422,84221,可寧衛一,10.9,25,5,無擔保,4,21250,101,2022/11/11,170,170,1.0204,100,101.02,0.0102,102.37,0.0237,台新證券,綠能環保,374,22182,1.043858824,59.31016043,2022/11/7,2125,2022/11/22,2175308810,0.5,106.22,102.37
122,2022/11/17,5225,52251,東科KY一,6.14,3.5,3,有擔保,6,3150,101,2022/11/17,40.5,39.2,1.03,103.3163265,104.89,0.015231605,106.42,0.030040494,凱基證券,其他電子業,302,9454,3.001269841,31.30463576,2022/11/11,315,2022/11/28,335224810,0.5,110,106.42
123,2022/11/28,4744,47442,皇將二,4.72,1.5,3,有擔保,6,1380,100,2022/11/28,25.85,27,1.0377,95.74074074,103.89,0.085117988,104.82,0.094831721,福邦證券,生技醫療業,210,5457,3.954347826,25.98571429,2022/11/22,138,2022/12/7,144656600,1,107.11,104.82
124,2022/12/1,3023,30238,信邦八,23.3,10,3,無擔保,4,8500,101,2022/12/1,269,286.5,1.04,93.89179756,103.2,0.099137546,104.5,0.112983271,台新證券,電子零組件業,408,18825,2.214705882,46.13970588,2022/11/25,850,2022/12/12,888290480,0.5,107.89,104.5
125,2022/12/1,4540,45402,全球傳動二,9.42,3,3,無擔保,6,2550,100,2022/12/1,35.75,37,1.0221,96.62162162,100,0.034965035,100.17,0.036724476,凱基證券,電機機械,87,3340,1.309803922,38.3908046,2022/11/25,255,2022/12/12,255426270,0.5,102.1,100.17
126,2022/12/5,6593,65931,台灣銘版一,2.02,3,3,有擔保,7,2550,100,2022/12/5,39.75,37.8,1.02,105.1587302,107.7,0.024166038,109.71,0.04328,統一證券,資訊服務業,184,7133,2.797254902,38.76630435,2022/11/29,255,2022/12/14,279766660,0.5,120,109.71
127,2022/12/20,4968,49681,立積一,6.32,3,3,無擔保,4,2550,101,2022/7/18,138,137.2,1.02,100.5830904,103.38,0.027806957,104.98,0.043714203,台新證券,半導體業,228,5931,2.325882353,26.01315789,2022/7/14,255,2022/7/29,267710450,0.5,110.2,104.98
128,2022/12/27,2230,22304,泰茂四,3.99,3,3,有擔保,8,2700,100,2022/12/23,30.1,29,1.0255,103.7931034,109.95,0.059318937,110.42,0.063847176,統一證券,電機機械,329,8984,3.327407407,27.30699088,2022/12/21,270,2023/1/6,298144150,0.5,111.5,110.42
129,2022/12/30,6486,64862,互動二,3.88,6,3,有擔保,6,5100,101,2022/12/28,62.8,60.7,1.02,103.4596376,104.23,0.007446019,106.15,0.026003981,富邦證券,通信網路業,302,8601,1.686470588,28.48013245,2022/12/26,510,2023/1/11,541348980,0.5,120,106.15
130,2023/2/9,1589,15894,永冠四KY,11.1,15,5,無擔保,6,13500,100,2023/2/7,67.7,62.3,1.0213,108.6677368,100.51,-0.075070458,104.23,-0.040837666,永豐金證,電機機械,409,15003,1.111333333,36.68215159,2023/2/3,1350,2023/2/20,1407155910,0.5,112.52,104.23
131,2023/2/24,3533,35332,嘉澤二,10.3,10,3,無擔保,4,8800,102,2023/2/22,818,862.1,1.02,94.88458415,106.59,0.12336478,108.14,0.139700416,元大證券,電子零組件業,837,34481,3.918295455,41.19593787,2023/2/20,880,2023/3/9,951609470,0.6,120,108.14
132,2023/3/10,3663,36633,鑫科三,7.35,2,3,有擔保,6,1700,101.5,2023/3/8,30.5,30.9,1.035,98.70550162,108.11,0.095278361,109.8,0.1124,富邦證券,其他電子業,355,9433,5.548823529,26.57183099,2023/3/6,170,2023/3/21,186655190,0.5,129,109.8
133,2023/3/10,5450,54501,南良一,12.2,5,5,有擔保,7,4250,100.5,2023/3/8,21.15,18.8,1.0256,112.5,113.28,0.006933333,116.23,0.033155556,富邦證券,其他業,456,13528,3.183058824,29.66666667,2023/3/6,425,2023/3/21,493967970,0.5,125.65,116.23
134,2023/4/17,4123,41236,晟德六,45.9,7,5,有擔保,6,5950,100,2023/4/13,48.3,48,1.0408,100.625,109.1,0.084223602,110.08,0.093962733,元富證券,生技醫療業,681,21349,3.588067227,31.34948605,2023/4/11,595,2023/4/26,654998900,0.5,125.6,110.08
135,2023/5/15,2421,24213,建準三,25.1,12,5,無擔保,5,10200,100,2023/5/11,65,54.9,1.0353,118.3970856,113.52,-0.041192615,115.52,-0.024300308,台新證券,電子零組件業,620,23927,2.345784314,38.59193548,2023/5/9,1020,2023/5/24,1178337000,0.5,121.13,115.52
136,2023/5/19,4129,41294,聯合四,8.81,5,3,無擔保,6,4250,100,2023/5/17,62.5,61.7,1.021,101.2965964,105.03,0.03685616,106.57,0.05205904,凱基證券,生技醫療業,443,15667,3.686352941,35.36568849,2023/5/15,425,2023/5/30,452918350,0.5,114,106.57
137,2023/5/24,4906,49066,正文六,36.3,15,3,無擔保,6,13201,101,2023/5/22,30.5,30.8,1.022,99.02597403,102.33,0.033365246,103.82,0.048411803,凱基證券,通信網路業,535,23142,1.753049011,43.25607477,2023/5/18,1320,2023/6/2,1370592120,0.5,110.01,103.82
138,2023/5/31,9906,99061,欣巴巴一,8.33,2,3,有擔保,8,1700,101,2023/5/29,50.8,53.8,1.1002,94.42379182,108.83,0.152569685,110,0.16496063,統一證券,建材營造業,213,5818,3.422352941,27.31455399,2023/5/25,170,2023/6/9,187007330,0.5,115,110
139,2023/6/5,6279,62791,胡連一,9.97,15,3,無擔保,4,12750,102,2023/6/1,148,146.5,1.0209,101.0238908,107.21,0.061234122,108.61,0.07509223,永豐金證,電子零組件業,1044,34318,2.691607843,32.87164751,2023/5/30,1275,2023/6/14,1384715900,0.5,138.88,108.61
140,2023/6/7,3617,36172,碩天二,8.1,12,5,無擔保,5,10200,100,2023/6/5,199.5,200,1.0246,99.75,105.5,0.05764411,107.64,0.079097744,宏遠證券,其他電子業,652,23369,2.291078431,35.84202454,2023/6/1,1020,2023/6/16,1097954960,0.5,150,107.64
141,2023/6/8,6804,68041,明係一,3.5,2,3,無擔保,6,1700,102,2023/6/6,71.1,73.8,1.0351,96.34146341,102.93,0.068387342,104.24,0.08198481,兆豐證券,運動休閒,171,4158,2.445882353,24.31578947,2023/6/2,170,2023/6/19,177199790,0.5,109,104.24
142,2023/6/9,3587,35871,閎康一,6.23,6,3,無擔保,4,5100,102,2023/6/7,231.5,218,1.0337,106.1926606,112.53,0.059677754,113.69,0.070601296,元大證券,其他電子業,951,30207,5.922941176,31.76340694,2023/6/5,510,2023/6/20,579832050,0.5,150,113.69
143,2023/6/12,5608,56086,四維航六,27.9,5,3,無擔保,7,4250,100,2023/6/8,23.55,23.8,1.0312,98.94957983,105.22,0.063369851,107.71,0.088534183,永豐金證,航運業,293,8696,2.046117647,29.67918089,2023/6/6,425,2023/6/21,457763900,0.5,112.32,107.71
144,2023/6/21,3092,30922,鴻碩二,9.08,2.5,3,無擔保,7,2125,100,2023/6/19,39,37.6,1.022,103.7234043,105.1,0.013271795,107.33,0.034771282,凱基證券,電子零組件業,439,10219,4.808941176,23.27790433,2023/6/15,212,2023/7/4,228066890,0.5,113.25,107.33
145,2023/7/13,5230,52303,雷迪克三,4.7,3,3,無擔保,7,2550,101.5,2023/7/11,24.35,23.6,1.02,103.1779661,110.68,0.072709651,111.88,0.084340041,富邦證券,光電業,545,14459,5.670196078,26.53027523,2023/7/7,255,2023/7/24,285286060,0.5,114,111.88
146,2023/7/20,2066,20662,世德二,3.65,4,3,無擔保,6,3400,101.5,2023/7/18,103,101,1.0177,101.980198,109,0.068834951,109.91,0.077758252,統一證券,電機機械,582,14802,4.353529412,25.43298969,2023/7/14,340,2023/7/31,373682990,0.5,113,109.91
147,2023/7/20,9958,99586,世紀剛六,23.1,15,3,無擔保,5,13410,100,2023/7/18,141.5,141,1.0203,100.3546099,105.33,0.049578092,107.77,0.073891873,永豐金證,鋼鐵工業,766,25776,1.922147651,33.65013055,2023/7/14,1341,2023/7/31,1445189830,0.5,128,107.77
148,2023/7/26,6472,64723,保瑞三,5.41,17,5,無擔保,6,14450,100,2023/4/24,1010,808,1.0298,125,115.74,-0.07408,119.35,-0.0452,台新證券,生技醫療業,801,24035,1.663321799,30.0062422,2023/7/20,1445,2023/8/4,1724565020,0.5,132.5,119.35
149,2023/8/7,2236,22362,百達二KY,4.58,2,3,無擔保,7,1700,100.5,2023/8/7,64.5,66,1.0307,97.72727273,101.52,0.038809302,103.79,0.062037209,台新證券,汽車工業,137,2540,1.494117647,18.54014599,2023/8/3,170,2023/8/18,176447120,0.5,110,103.79
150,2023/8/14,3088,30882,艾訊二,8.34,8,3,無擔保,5,7020,100,2023/8/15,97.7,109.5,1.0234,89.22374429,104.2,0.167850563,106,0.188024565,凱基證券,電腦及週邊設備業,643,24370,3.471509972,37.90046656,2023/8/11,702,2023/8/28,744123380,0.5,115,106
151,2023/8/16,6796,67961,晉弘一,3.5,2,3,無擔保,7,1780,100,2023/8/14,106.5,123,1.0486,86.58536585,102.55,0.184380282,104.16,0.202974648,福邦證券,生技醫療業,213,7289,4.09494382,34.22065728,2023/8/10,178,2023/8/25,185403370,0.5,115,104.16
152,2023/8/21,1586,15864,和勤四,8.42,2,3,有擔保,7,1720,100,2023/8/17,31.4,33.39,1.05,94.04013178,106.11,0.128348057,107.2,0.139938854,合庫證券,電機機械,180,4730,2.75,26.27777778,2023/8/15,172,2023/8/30,184381070,1,112.22,107.2
153,2023/8/31,2436,24361,偉詮電一,17.8,11,3,無擔保,5,9350,101,2023/8/29,66.7,61.2,1.0291,108.9869281,110.1,0.010212894,112.15,0.029022489,台新證券,半導體業,784,26455,2.829411765,33.74362245,2023/8/25,935,2023/9/11,1048604110,0.5,119.91,112.15
154,2023/9/8,1526,15261,日馳一,6,5,3,無擔保,6,4250,101,2023/9/6,36.05,38,1.0683,94.86842105,102.12,0.07643828,103.81,0.094252427,富邦證券,電機機械,284,6527,1.535764706,22.98239437,2023/9/4,425,2023/9/19,441204380,0.5,108.2,103.81
155,2023/9/11,2906,29061,高林一,20.9,10,3,無擔保,5,9000,100,2023/9/7,17.85,18,1.021,99.16666667,104.23,0.051058824,105.28,0.061647059,元富證券,貿易百貨業,597,20869,2.318777778,34.95644891,2023/9/5,900,2023/9/20,947521540,0.5,110.82,105.28
156,2023/9/26,5209,52091,新鼎一,2.73,3,3,無擔保,5,2677,102,2023/9/22,172,177,1.0226,97.17514124,108.43,0.115820349,109.46,0.126419767,凱基證券,其他業,631,17316,6.468434815,27.44215531,2023/9/20,267,2023/10/6,293026870,0.5,112.5,109.46
157,2023/10/11,8442,84422,威宏二KY,6,4,3,有擔保,6,3415,102,2023/10/5,85.1,84.3,1.02,100.9489917,110.44,0.094017861,111.6,0.105508813,富邦證券,其他業,499,13972,4.09136164,28,2023/9/28,341,2023/10/19,381125480,0.5,115.5,111.6
158,2023/10/17,6585,65851,鼎基一,6.92,5,3,有擔保,6,4350,102,2023/10/13,118,120.9,1.05,97.60132341,110.69,0.134103475,111.96,0.147115593,第一金證,其他業,487,13122,3.016551724,26.94455852,2023/10/11,435,2023/10/26,487025980,0.5,120.56,111.96
159,2023/10/18,3006,30061,晶豪科一,28.6,10,3,無擔保,5,8500,101,2023/10/16,93.9,85.6,1.0249,109.6962617,113.88,0.038139297,115.42,0.052178062,凱基證券,半導體業,1008,36256,4.265411765,35.96825397,2023/10/12,850,2023/10/27,981040090,0.5,121.7,115.42
160,2023/10/30,5306,53064,桂盟四,12.6,10,3,有擔保,4,8520,100,2023/10/26,126.5,130.5,1.0235,96.9348659,106.3,0.096612648,108.44,0.118689328,凱基證券,運動休閒,503,21802,2.558920188,43.34393638,2023/10/24,852,2023/11/8,923929400,0.5,131,108.44
161,2023/11/1,2063,20632,世鎧二,5,6,3,無擔保,5,5400,100.5,2023/10/30,43.9,55,1.0583,79.81818182,105.15,0.317369021,107.32,0.344555809,富邦證券,鋼鐵工業,292,9868,1.827407407,33.79452055,2023/10/26,540,2023/11/10,579547930,0.5,111.38,107.32
162,2023/11/7,3013,30133,晟銘電三,15.6,4,3,有擔保,7,3400,101,2023/11/3,43.8,43.5,1.02,100.6896552,112.23,0.114613014,112.3,0.115308219,中信證券,電腦及週邊設備業,410,13088,3.849411765,31.92195122,2023/11/1,340,2023/11/16,381809530,1,118,112.3
163,2023/11/13,6806,68061,森崴一,21.6,30,3,有擔保,9,28350,100,2023/11/9,108.5,114,1.0962,95.1754386,102.9,0.08116129,105.76,0.11121106,福邦證券,綠能環保,917,45146,1.592451499,49.23227917,2023/11/7,2835,2023/11/22,2998205890,0.5,115.5,105.76
164,2023/11/16,4566,45663,時碩三,8.2,8,3,無擔保,5,6935,100,2023/11/14,51.5,52,1.0271,99.03846154,104.21,0.052217476,106.15,0.071805825,凱基證券,電機機械,513,17407,2.510021629,33.93177388,2023/11/10,693,2023/11/27,736158820,0.5,122,106.15
165,2023/11/21,6126,61263,信音三,11.7,5,3,無擔保,6,4750,100,2023/11/17,27.7,28,1.0383,98.92857143,102.6,0.037111913,104.18,0.053083032,元大證券,電子零組件業,257,6743,1.419578947,26.23735409,2023/11/15,475,2023/11/30,494875580,0.5,107,104.18
166,2023/11/24,2368,23682,金像電二,49.2,40,5,無擔保,4,34000,105,2023/11/22,221,223.1,1.02,99.05871806,105.12,0.061188778,107.16,0.081782624,富邦證券,電子零組件業,797,42859,1.260558824,53.77540778,2023/11/20,3400,2023/12/5,3643279440,0.5,130,107.16
167,2023/11/27,8996,89964,高力四,8.9,10,5,無擔保,5,8500,101,2023/11/23,245,240,1.039,102.0833333,111.6,0.09322449,113.8,0.11477551,兆豐證券,電機機械,1031,34645,4.075882353,33.60329777,2023/11/21,850,2023/12/6,967263040,0.5,220,113.8
168,2023/12/4,2427,24271,三商電一,19.7,5,5,無擔保,7,4250,102,2023/11/30,27.25,27.32,1.0249,99.74377745,102,0.022620183,102.68,0.029437651,台新證券,資訊服務業,146,4322,1.016941176,29.60273973,2023/11/28,425,2023/12/13,400144360,0.5,118,102
169,2023/12/5,6284,62843,佳邦一,14.9,7,3,無擔保,5,5950,102,2023/12/1,85.3,92,1.1,92.7173913,107.61,0.160623681,108.68,0.172164127,台新證券,電子零組件業,809,23952,4.025546218,29.60692213,2023/11/29,595,2023/12/14,646625280,0.5,115,108.68
170,2023/12/7,3522,35221,御頂一,6.3,1.5,3,有擔保,9,1350,101,2023/12/5,21,19.5,1.029,107.6923077,112.68,0.046314286,113.62,0.055042857,兆豐證券,觀光餐旅,260,7420,5.496296296,28.53846154,2023/12/1,135,2023/12/18,153382480,0.5,118,113.62
171,2023/12/8,8488,84881,吉源一KY,6.8,3,3,有擔保,7,2550,101,2023/12/6,18.6,18.5,1.025,100.5405405,102.71,0.021577957,104.67,0.041072581,玉山證券,其他業,191,5497,2.155686275,28.78010471,2023/12/4,255,2023/12/19,266913480,0.5,112.83,104.67
172,2023/12/26,6015,60152,宏遠證二,35.1,6,5,無擔保,BBB,6000,100,2023/12/22,10.85,10.92,1.0205,99.35897436,100.05,0.006954839,101.36,0.020139355,凱基證券,證券業,200,11413,1.902166667,57.065,2023/12/20,600,2024/1/5,608160270,0.5,107.1,101.36
173,2023/12/27,3548,35482,兆利二,6.61,8,3,無擔保,5,7200,101,2023/12/25,195.5,199,1.0311,98.24120603,112.12,0.141272634,113.2,0.152265985,永豐金證,電子零組件業,1246,42464,5.897777778,34.08025682,2023/12/21,720,2024/1/8,815044010,0.5,118.91,113.2
174,2024/1/9,6715,67152,嘉基二,6.26,3,3,無擔保,5,2550,100,2024/1/5,157.5,168,1.0213,93.75,113.87,0.214613333,114.74,0.223893333,中信證券,電子零組件業,848,22565,8.849019608,26.60966981,2024/1/3,255,2024/1/18,292598840,0.5,117.38,114.74
175,2024/1/10,8210,82101,勤誠一,12.06,10,3,無擔保,4,8974,102,2024/1/8,242.5,271,1.0207,89.48339483,108.1,0.208045361,109.69,0.225814021,元大證券,電腦及週邊設備業,862,32252,3.593938043,37.41531323,2024/1/4,897,2024/1/19,984373650,0.5,158,109.69
176,2024/1/11,3479,34793,安勤三,7.24,6.5,3,無擔保,5,5700,100,2024/1/9,112,121.5,1.0225,92.18106996,108.5,0.17703125,109.53,0.188204911,凱基證券,電腦及週邊設備業,616,25637,4.497719298,41.61850649,2024/1/5,570,2024/1/22,624292740,0.5,116.87,109.53
177,2024/1/17,4967,49673,十銓三,7.15,12,3,有擔保,6,10800,102,2024/1/15,85.2,81,1.0214,105.1851852,114.16,0.085323944,116.16,0.104338028,永豐金證,半導體業,885,31244,2.892962963,35.3039548,2024/1/11,1080,2024/1/26,1254497820,0.5,121.19,116.16
178,2024/1/17,2476,24762,鉅祥二,19.08,10,3,無擔保,4,8500,102,2024/1/15,73.6,72.2,1.02,101.9390582,112.51,0.103698641,113.8,0.116353261,中信證券,電子零組件業,792,29362,3.454352941,37.07323232,2024/1/11,850,2024/1/26,967266980,0.5,121.1,113.8
179,2024/2/21,5263,52635,智崴五,6.48,8,3,有擔保,7,6800,100,2024/2/19,115.5,112,1.0228,103.125,112.94,0.095175758,114.83,0.11350303,台新證券,文化創意業,692,28230,4.151470588,40.79479769,2024/2/15,680,2024/3/4,780836290,0.5,117,114.83
180,2024/2/21,5321,53211,美而快一,4.95,2,3,無擔保,7,1700,100,2024/2/19,88.3,92,1.0351,95.97826087,104,0.083578709,105.95,0.10389581,台新證券,數位雲端,212,5336,3.138823529,25.16981132,2024/2/15,170,2024/3/4,180116430,0.5,116.3,105.95
181,2024/2/26,6150,61506,撼訊六,4.83,4,3,無擔保,8,3400,100,2024/2/22,91.6,90.2,1.02,101.5521064,104,0.024104803,105.95,0.043306769,宏遠證券,電腦及週邊設備業,321,9991,2.938529412,31.12461059,2024/2/20,340,2024/3/7,362909500,0.5,111.88,106.74
182,2024/2/26,3272,32723,東碩三,6.12,3,5,無擔保,6,2550,100,2024/2/22,34.05,34.2,1.02,99.56140351,104,0.044581498,105.95,0.064167401,凱基證券,電腦及週邊設備業,363,11968,4.693333333,32.96969697,2024/2/20,255,2024/3/7,277763680,0.5,114.5,108.93
183,2024/2/29,8092,80924,建暐四,5.18,1.7,3,有擔保,9,1530,100,2024/2/26,21,14.5,1.0211,144.8275862,137,-0.054047619,139.45,-0.037130952,國票證券,其他電子業,297,8859,5.790196078,29.82828283,2024/2/22,153,2024/3/11,213351730,0.5,150,139.45
184,2024/5/13,3483,34834,力致四,8.61,2,3,無擔保,6,1700,101,2024/5/9,162,168,1.0489,96.42857143,117.11,0.214474074,118.57,0.229614815,永豐金證,電腦及週邊設備業,847,18767,11.03941176,22.15702479,2024/5/7,170,2024/5/22,201571750,0.5,175,118.57
185,2024/5/15,8433,84332,弘帆二,5.38,1,3,無擔保,6,850,100,2024/5/13,98.4,102,1.02,96.47058824,112.69,0.168128049,114.11,0.182847561,玉山證券,居家生活,217,4649,5.469411765,21.42396313,2024/5/9,85,2024/5/24,96995240,0.5,118.7,114.11
186,2024/5/16,6840,68401,東研信超,2.53,2,3,無擔保,6,1765,100,2024/5/14,72,73.4,1.0209,98.09264305,102,0.039833333,105.36,0.074086667,康和證券,其他電子業,73,2501,1.416997167,34.26027397,2024/5/10,176,2024/5/27,185965080,0.5,115.5,105.36
187,2024/5/16,6117,61171,迎廣,8.87,5,3,無擔保,8,4250,100,2024/5/14,88.3,84,1.021,105.1190476,108.2,0.029309173,111.35,0.059275198,台新證券,電腦及週邊設備業,378,11705,2.754117647,30.96560847,2024/5/10,425,2024/5/27,473245760,0.5,119.33,111.35
188,2024/5/21,8467,84672,波力KY二,5.13,2,3,有擔保,6,1785,100,2024/5/17,175,193.6,1.1,90.39256198,112.3,0.242358857,114.7,0.268909714,富邦證券,運動休閒,316,7982,4.471708683,25.25949367,2024/5/15,178,2024/5/30,204740980,0.5,122.1,114.7
189,2024/5/22,6515,65151,穎崴一,3.48,10,3,無擔保,5,8500,103,2024/5/20,862,886,1.02,97.29119639,115.06,0.182635267,116.37,0.1961,凱基證券,半導體業,1093,42297,4.976117647,38.69807868,2024/5/16,850,2024/5/31,989124920,0.5,150,116.37
190,2024/6/7,3583,35832,辛耘二,8.03,10,3,無擔保,5,8500,100,2024/6/5,327,347.5,1.02,94.10071942,116.2,0.234847095,117.07,0.244092508,富邦證券,半導體業,1271,52260,6.148235294,41.11723053,2024/6/3,850,2024/6/19,995128300,0.7,123,117.07
191,2024/6/12,6125,61255,廣運五,24.9,6,3,無擔保,6,5100,102,2024/6/7,115.5,114,1.0224,101.3157895,116.8,0.152831169,118.47,0.169314286,元大證券,光電業,1110,37410,7.335294118,33.7027027,2024/6/5,510,2024/6/21,604203250,0.7,130.2,118.47
192,2024/6/13,1560,15601,中砂一,14.51,10,5,無擔保,4,8500,101,2024/6/11,281,292.1,1.02,96.19993153,117.59,0.222350142,118.38,0.230562206,凱基證券,電機機械,1203,47963,5.642705882,39.86949293,2024/6/6,850,2024/6/24,1006198670,0.5,250,118.38
193,2024/6/24,6509,65096,聚和六,17.35,5,3,無擔保,5,4250,100,2024/6/20,42,41.5,1.03,101.2048193,113.39,0.12040119,115.46,0.140854762,凱基證券,化學工業,648,23856,5.613176471,36.81481481,2024/6/18,425,2024/7/3,490711700,0.5,120.89,115.46
194,2024/6/26,6624,66241,萬年清一,2.09,1,3,有擔保,7,850,101,2024/6/24,39.6,42.2,1.03,93.83886256,111.03,0.183198485,113.98,0.214635354,玉山證券,綠能環保,150,3646,4.289411765,24.30666667,2024/6/20,85,2024/7/5,96880960,0.5,123,113.98
195,2024/7/1,6187,61875,萬潤五,9.01,5,3,無擔保,5,4250,104,2024/6/27,263,288,1.0997,91.31944444,118.69,0.299723194,119.63,0.31001673,兆豐證券,其他電子業,1091,37764,8.885647059,34.61411549,2024/6/25,425,2024/7/10,508441750,0.7,158,119.63
196,2024/7/4,8478,84781,東哥一,8.89,15,3,無擔保,5,12750,100,2024/7/2,415.5,392.2,1.02,105.9408465,117.24,0.106655307,119.19,0.125061805,凱基證券,運動休閒,1199,42763,3.353960784,35.66555463,2024/6/28,1275,2024/7/15,1519688420,0.5,331,119.19
197,2024/7/5,3362,33621,先進光一,14.25,12,5,有擔保,6,10200,102,2024/7/3,267,254,1.02,105.1181102,121.88,0.159457678,123.26,0.172585768,中信證券,光電業,1126,40154,3.936666667,35.660746,2024/7/1,1020,2024/7/16,1257260300,1,211,123.26
198,2024/7/5,4572,45721,駐龍一,3.9,5,3,無擔保,6,4250,100,2024/7/3,161.5,175,1.1218,92.28571429,114.8,0.243962848,116.21,0.259241486,台新證券,電機機械,656,19337,4.549882353,29.47713415,2024/7/1,425,2024/7/16,493887420,0.5,123.88,116.21
199,2024/7/11,2439,24395,美律五,22.42,5,3,無擔保,3,4250,100,2024/7/9,141,139,1.02,101.4388489,118.89,0.17203617,120.31,0.186034752,富邦證券,通信網路業,672,19467,4.580470588,28.96875,2024/7/5,425,2024/7/22,511303890,0.5,127.5,120.31
200,2024/7/12,9933,99332,中鼎二,81.03,60,5,無擔保,3,51006,102,2024/7/10,52.2,53.9,1.0208,96.84601113,102.95,0.063027778,104.82,0.082336782,國泰證券,其他業,1198,91716,1.798141395,76.55759599,2024/7/8,5100,2024/7/23,5346565560,0.5,120.1,104.82
201,2024/7/17,2641,26417,正德七,30.39,5.9,3,無擔保,6,5015,101,2024/7/15,20.4,22.7,1.02,89.86784141,102.69,0.142677941,104.88,0.167047059,群益證券,航運業,220,10432,2.080159521,47.41818182,2024/7/11,501,2024/7/26,525993010,0.5,120,104.88
202,2024/7/22,6269,62695,台郡五,32.25,20,3,無擔保,4,17000,100,2024/7/18,95,93,1.0288,102.1505376,113.17,0.107874737,115.07,0.126474737,元大證券,電子零組件業,1067,55394,3.258470588,51.91565136,2024/7/16,1700,2024/8/2,1956252970,0.5,120.87,115.07
203,2024/8/6,3518,35181,柏騰一,9.6,3,3,有擔保,7,2550,100,2024/8/2,37.7,35,1.0792,107.7142857,115.53,0.072559682,118.63,0.101339523,台新證券,其他電子業,316,9655,3.78627451,30.55379747,2024/7/31,255,2024/8/15,302506160,0.5,125.5,118.63
204,2024/8/6,6830,68301,汎銓一,5.18,5,3,無擔保,5,4250,100,2024/8/2,135,150,1.0613,90,108.02,0.200222222,110.28,0.225333333,台新證券,其他電子業,387,14920,3.510588235,38.55297158,2024/7/31,425,2024/8/15,468669620,0.5,116.8,110.28
205,2024/8/7,8927,89277,北基七,35.47,5.9,3,有擔保,7,5160,104,2024/8/5,59.4,68.27,1.02,87.00747034,109.45,0.257937963,111.53,0.281843956,合庫證券,油電燃氣業,270,15772,3.056589147,58.41481481,2024/8/1,516,2024/8/16,575520300,1,118,111.53
206,2024/8/14,3376,33763,新日興三,19.57,8,5,無擔保,4,6800,100,2024/8/12,209,202,1.02,103.4653465,119.21,0.152173206,120.85,0.168023923,凱基證券,電子零組件業,964,44980,6.614705882,46.65975104,2024/8/8,680,2024/8/23,821809070,0.5,128,120.85
207,2024/8/19,3491,34912,昇達科二,6.38,10,5,無擔保,5,8500,101,2024/8/15,315.5,305.3,1.0601,103.3409761,116.3,0.125400634,118.03,0.142141331,凱基證券,通信網路業,629,26213,3.083882353,41.67408585,2024/8/13,850,2024/8/28,1003264850,0.5,128.8,118.03
208,2024/8/20,2228,22283,劍麟三,7.58,3,3,無擔保,5,2700,100,2024/8/16,93.6,95.51,1.06,98.0002094,112.87,0.151732233,114.2,0.165303632,凱基證券,汽車工業,360,13687,5.069259259,38.01944444,2024/8/14,270,2024/8/29,308341820,0.5,117.73,114.2
209,2024/8/21,3691,36913,碩禾三,9.19,20,3,有擔保,7,17000,100,2024/8/19,114,118,1.0415,96.61016949,104.55,0.082184211,109.03,0.12855614,宏遠證券,光電業,455,28032,1.648941176,61.60879121,2024/8/15,1702,2024/8/30,1856319140,0.5,121,109.03
210,2024/8/22,1595,15952,川寶二,4.79,3,3,無擔保,6,2700,100,2024/8/20,38.8,38.3,1.05,101.305483,107.5,0.061146907,109.82,0.084047938,福邦證券,電子零組件業,319,9580,3.548148148,30.03134796,2024/8/16,270,2024/9/2,296527160,0.5,117.99,109.82
211,2024/8/23,3564,35642,其陽二,5.91,5,3,無擔保,6,4250,100,2024/8/21,89.6,85,1.027,105.4117647,111.89,0.061456473,114.32,0.084508929,台新證券,通信網路業,381,11420,2.687058824,29.97375328,2024/8/19,425,2024/9/3,485859560,0.5,119.77,114.32
212,2024/9/4,6629,66292,泰金二KY,3.6,3,3,無擔保,6,2550,100,2024/9/2,142.5,135,1.02,105.5555556,114.3,0.082842105,116.79,0.106431579,元大證券,居家生活,419,13598,5.33254902,32.45346062,2024/8/29,255,2024/9/13,297812060,0.5,123.6,116.79
213,2024/9/5,2464,24642,盟立二,19.6,10,3,無擔保,6,8500,103,2024/9/3,86.3,80,1.0444,107.875,115.57,0.071332561,117.64,0.090521437,中信證券,其他電子業,625,23634,2.780470588,37.8144,2024/8/30,850,2024/9/16,999915970,0.5,138.66,117.64
214,2024/9/12,1781,17813,合世三,4.7,2,3,有擔保,7,1880,100,2024/9/10,17.4,17.3,1.0405,100.5780347,100.75,0.00170977,112.91,0.12261092,華南永昌,生技醫療業,177,5036,2.678723404,28.4519774,2024/9/6,188,2024/9/24,212264520,0.5,119.15,112.91
215,2024/9/18,6182,61828,合晶八,54.3,15,5,無擔保,6,12750,102.2,2024/9/13,32,33.8,1.02,94.67455621,102.2,0.0794875,104.51,0.103886875,富邦證券,半導體業,231,11642,0.913098039,50.3982684,2024/9/11,1275,2024/9/27,1166868950,0.5,421.12,102.2
216,2024/9/19,1609,16095,大亞五,77.4,20,5,無擔保,5,17250,100,2024/9/16,49.9,53.1,1.06,93.97363465,105.51,0.122761723,107.46,0.143512224,凱基證券,電器電纜,796,45670,2.647536232,57.37437186,2024/9/12,1725,2024/9/30,1853764930,0.5,120,107.46
217,2024/9/24,8147,81473,正凌三,3.6,3,3,無擔保,6,2550,102,2024/9/20,143,134.6,1.02,106.2407132,115.66,0.08865986,117.36,0.104661259,中信證券,電子零組件業,475,13185,5.170588235,27.75789474,2024/9/18,255,2024/10/3,299269370,0.5,123.88,117.36
218,2024/9/26,2383,23837,台光電七,34.5,30,5,無擔保,3,27000,105,2024/9/24,461.5,490.7,1.05,94.0493173,108.38,0.152374128,110.94,0.179593889,凱基證券,電子零組件業,1162,61583,2.280851852,52.99741824,2024/9/20,2700,2024/10/9,2995433350,0.5,125,110.94
219,2024/10/1,6425,64251,易發一,4.4,2,3,有擔保,8,1800,100,2024/9/27,66.6,61,1.0204,109.1803279,120,0.099099099,123.5,0.131156156,福邦證券,電機機械,327,10116,5.62,30.93577982,2024/9/25,180,2024/10/15,222304040,0.5,127,123.5
220,2024/10/1,6197,61973,佳必琪三,12.2,10,3,無擔保,5,8500,102,2024/9/27,168.5,160,1.0224,105.3125,115.6,0.09768546,117.45,0.115252226,元大證券,電子零組件業,789,30593,3.599176471,38.77439797,2024/9/25,850,2024/10/15,998337590,0.5,150,117.45
221,2024/10/1,6863,68631,永道一KY,7.4,10,3,無擔保,5,8500,105,2024/9/27,287,305.5,1.02,93.94435352,108.88,0.158983972,111.46,0.186447038,富邦證券,通信網路業,634,23056,2.712470588,36.3659306,2024/9/25,850,2024/10/15,947375530,0.5,188,111.46
222,2024/10/8,3516,35161,亞帝歐一,4.36,3.5,3,有擔保,7,2975,101,2024/9/30,27.2,26.7,1.0322,101.8726592,107.83,0.058478309,109.62,0.076049265,富邦證券,光電業,88,5102,1.714957983,57.97727273,2024/9/26,297,2024/10/18,326126490,0.5,116.1,109.62
223,2024/10/8,2548,25484,華固四,30.45,20,5,無擔保,4,18000,102,2024/10/1,135.5,136.3,1.02,99.41305943,102.56,0.031655203,104.83,0.054489225,富邦證券,建材營造業,425,27512,1.528444444,64.73411765,2024/9/27,1800,2024/10/18,1887028900,0.5,129.99,104.83
224,2024/10/8,3013,30134,晟銘電四,20.5,5,3,有擔保,6,4250,101,2024/10/3,123.5,141.5,1.021,87.27915194,111.69,0.279687045,114.01,0.306268421,中信證券,電腦及週邊設備業,444,14122,3.322823529,31.80630631,2024/10/1,425,2024/10/18,484532900,1,122,114.01
225,2024/10/16,6706,67062,惠特二,7.36,5,3,無擔保,6,4250,100,2024/10/14,181,178.8,1.0218,101.2304251,110.23,0.088901878,113.36,0.119821436,凱基證券,光電業,407,13486,3.173176471,33.13513514,2024/10/9,425,2024/10/25,481765160,0.5,150,113.36
226,2024/10/18,9939,99392,宏全二,29.58,40,5,無擔保,4,34000,101,2024/10/16,154.5,168.4,1.03,91.74584323,101,0.100867314,102.79,0.120377735,永豐金證,其他業,581,33833,0.995088235,58.232358,2024/10/14,3400,2024/10/29,2994517710,0.5,135,101
227,2024/10/18,6584,65841,南俊一,6.58,7,3,有擔保,7,6180,102,2024/10/16,175,178.8,1.0241,97.87472036,112.65,0.150961143,114.7,0.171906286,凱基證券,電子零組件業,570,17630,2.852750809,30.92982456,2024/10/14,618,2024/10/29,708860570,0.5,133,114.7
228,2024/10/22,6768,67681,志強一KY,19.6,10,3,無擔保,4,9000,100,2024/10/18,112.5,101,1.0243,111.3861386,111.35,-0.000324444,114.23,0.025531556,元大證券,運動休閒,561,25529,2.836555556,45.50623886,2024/10/16,900,2024/10/31,1028099570,0.5,121.39,114.23
229,2024/10/23,6835,68351,圓裕一,6.62,6,3,無擔保,6,5400,102,2024/10/21,53.2,50.8,1.02,104.7244094,102.33,-0.02286391,106.95,0.02125188,中信證券,電子零組件業,207,8051,1.490925926,38.89371981,2024/10/17,540,2024/11/1,577548560,0.5,117.3,106.95
230,2024/10/28,4549,45491,恒達一,5.48,5,3,無擔保,5,4250,100,2024/10/24,165.5,162.7,1.0605,101.7209588,114.51,0.125726707,117.27,0.152859758,凱基證券,電機機械,602,19888,4.679529412,33.03654485,2024/10/22,425,2024/11/7,498382070,0.5,187,117.27
231,2024/10/29,9958,99588,世紀鋼八,25.69,20,3,無擔保,5,17950,102,2024/10/25,214.5,238,1.0325,90.12605042,102.75,0.14006993,104.82,0.163037762,凱基證券,鋼鐵工業,435,24007,1.337437326,55.18850575,,,,,,,
232,2024/10/31,8171,81714,天宇四,7.75,2.5,3,有擔保,6,2125,100,2024/10/29,34.5,33.8,1.02,102.0710059,110.27,0.080326377,112.44,0.101586087,台中銀證,綠能環保,222,5411,2.546352941,24.37387387,2024/10/25,212,2024/11/12,238930120,0.5,117.38,112.44
233,2024/11/6,8374,83742,羅昇二,11.23,5,3,無擔保,6,4250,100,2024/11/4,125.5,133.1,1.02,94.29000751,104.2,0.105101195,107.06,0.135433147,台新證券,電機機械,288,9131,2.148470588,31.70486111,2024/10/31,425,2024/11/15,455006980,0.5,116,107.06
234,2024/11/6,9802,98026,鈺齊六-KY,20.1,10,3,無擔保,4,8500,100,2024/11/4,113,111,1.02,101.8018018,107,0.051061947,108.6,0.066778761,國票證券,運動休閒,602,21716,2.554823529,36.0730897,2024/10/31,850,2024/11/15,923101060,0.5,117,108.6
235,2024/11/8,6664,66642,群翊二,6.02,12.5,3,無擔保,6,11250,100,2024/11/6,285,306,1.0472,93.1372549,105.4,0.131663158,106.98,0.148627368,福邦證券,電子零組件業,725,27655,2.458222222,38.14482759,2024/11/4,1125,2024/11/19,1203580260,0.5,200,106.98
236,2024/11/12,3702,37023,大聯大三,167.91,20,3,無擔保,4,18000,100,2024/11/8,76.6,78,1.0217,98.20512821,102.51,0.043835509,104.3,0.062062663,元大證券,電子通路業,518,44848,2.491555556,86.57915058,2024/11/6,1800,2024/11/21,1877477270,0.5,120,104.3
237,2024/11/15,3303,33035,岱稜五,9.41,5,5,無擔保,6,4410,100,2024/11/13,60.3,62,1.0277,97.25806452,103,0.059038143,105.28,0.082480929,福邦證券,其他電子業,264,9838,2.230839002,37.26515152,2024/11/11,441,2024/11/26,464283590,0.5,117.5,105.28
238,2024/11/18,3346,33466,麗清六,12.12,3,3,無擔保,7,2656,100,2024/11/14,36.1,38,1.0216,95,100,0.052631579,101.12,0.064421053,永豐證券,汽車工業,35,1524,0.573795181,43.54285714,2024/11/12,265,2024/11/27,115179630,0.5,120,100
239,2024/11/20,3313,33133,斐成三,16.88,4,3,有擔保,7,3480,100,2024/11/18,15.2,16.5,1.03,92.12121212,100,0.085526316,103.94,0.128296053,合庫證券,其他業,85,3753,1.078448276,44.15294118,2024/11/14,348,2024/11/29,337296910,1,120,100
240,2024/11/26,6870,68702,騰雲二,2.29,3.5,5,無擔保,6,3150,101,2024/11/22,267,236.6,1.02,112.8486898,108.64,-0.037294981,112.33,-0.00459633,元大證券,數位雲端,277,12249,3.888571429,44.22021661,2024/11/20,315,2024/12/5,353846790,0.5,130,112.33
241,2024/11/28,8489,84891,三貝德一,3.74,3,3,有擔保,6,2700,100,2024/11/26,29.1,28.8,1.02,101.0416667,110.38,0.092420619,111,0.098556701,台中銀證,其他業,160,6461,2.392962963,40.38125,2024/11/22,270,2024/12/9,299692100,0.5,113.58,111
242,2024/12/6,5608,56087,四維航七,38.93,6,3,有擔保,7,5100,100,2024/12/4,17.6,19.3,1.0321,91.19170984,100.87,0.10613125,102.44,0.123347727,永豐證券,航運業,165,7280,1.42745098,44.12121212,2024/12/2,510,2024/12/17,522419970,0.5,110,102.44
243,2024/12/9,5245,52452,智晶二,4.5,3,3,無擔保,6,2550,100,2024/12/5,36.4,35,1.02,104,100,-0.038461538,101.1,-0.027884615,台新證券,光電業,100,3666,1.437647059,36.66,2024/12/3,255,2024/12/18,257797350,0.5,106.8,101.1
244,2024/12/10,1438,14381,三地開發一,11.12,9.7,5,有擔保,8,8730,100,2024/12/6,59.5,57.5,1.0201,103.4782609,114.53,0.106802521,117.63,0.136760504,統一證券,建材營造業,557,30504,3.494158076,54.76481149,2024/12/4,873,2024/12/19,1026900420,1,123.5,117.63
245,2024/12/16,4979,49794,華星光四,14.08,2,3,無擔保,6,1800,102,2024/12/12,181.5,206,1.06,88.10679612,111.11,0.261083196,112.08,0.272092562,富邦證券,通信網路業,215,6617,3.676111111,30.77674419,2024/12/10,180,2024/12/25,201740930,0.5,114.8,112.08
246,2024/12/16,2442,24424,新美齊四,26.18,6,3,無擔保,7,5100,100,2024/12/12,25.45,26.4,1.0205,96.40151515,100,0.037328094,100.14,0.038780354,台新證券,建材營造業,72,5429,1.064509804,75.40277778,2024/12/10,510,2024/12/25,509597750,0.5,102.1,100
247,2024/12/18,1316,13166,上曜六,30.1,4,3,有擔保,8,3600,100,2024/12/16,13.75,17.8,1.1995,77.24719101,100,0.294545455,102.07,0.321342545,元富證券,建材營造業,67,2691,0.7475,40.1641791,2024/12/12,360,2024/12/27,261407370,0.5,110.67,100
248,2024/12/20,2528,25283,皇普三,41.34,6,5,有擔保,8,5100,102,2024/12/18,38.1,46.4,1.15,82.11206897,102,0.242204724,102.51,0.248415748,台新證券,建材營造業,89,6883,1.349607843,77.33707865,2024/12/16,510,2024/12/31,522794780,0.5,110,102.51
249,2025/1/6,4569,45691,六方科一KY,3.1,5,3,無擔保,6,4250,100,2025/1/2,203,212,1.039,95.75471698,102.87,0.074307389,105.25,0.099162562,元大證券,汽車工業,219,12965,3.050588235,59.20091324,2024/12/30,425,2025/1/15,447313070,0.5,111.87,105.25
250,2025/1/6,2755,27551,揚秦一,3.01,2,3,無擔保,5,1700,101,2025/1/2,104,106,1.0351,98.11320755,101,0.029423077,102.52,0.044915385,永豐證券,觀光餐旅,61,1658,0.975294118,27.18032787,2024/12/30,170,2025/1/15,152555390,0.5,582,101
251,2025/1/8,2528,25284,皇普四,41.34,5,5,無擔保,8,4250,101,2025/1/6,42.85,46.4,1.15,92.34913793,101,0.093675613,101.12,0.094975029,台新證券,建材營造業,86,5281,1.242588235,61.40697674,2025/1/2,425,2025/1/17,429743540,0.5,105,101.12
252,2025/1/13,8028,80282,昇陽半二,17.26,20,5,無擔保,6,17850,103,2025/1/9,143,140.3,1.02,101.9244476,103.5,0.015458042,104,0.020363636,永豐證券,半導體業,155,16890,0.946218487,108.9677419,2025/1/7,1785,2025/1/22,1013971190,0.5,110,103.5
253,2025/2/12,3390,33902,旭軟二,6.8958259,2,3,有擔保,7,1700,100,2025/2/10,28.1,26.2,1.022,107.2519084,110.59,0.031123843,112.55,0.049398577,中信證券,電子零組件業,271,6437,3.786470588,23.75276753,2025/2/6,170,2025/2/21,191336640,1,116.8,112.55
254,2025/2/14,3095,30954,及成四,1.468,1.5,3,有擔保,9,1275,100,2025/2/12,42.65,41.1,1.02,103.7712895,108.6,0.046532239,112.7,0.086042204,台新證券,通信網路業,197,5136,4.028235294,26.07106599,2025/2/10,127,2025/2/25,144638250,0.5,1056.02,113.44
255,2025/2/14,3045,30455,台灣大五,372.3261811,30,5,無擔保,2,22500,100,2025/2/13,112.5,115.8,1.04,97.15025907,100,0.029333333,100.63,0.035818133,元大證券,通信網路業,264,30173,1.341022222,114.2916667,2025/2/10,2550,2025/2/25,2566084750,0.5,106.22,100.63
256,2025/2/14,3548,35483,兆利三,6.6091364,15,5,無擔保,4,13200,100,2025/2/14,167.5,170,1.0385,98.52941176,107.87,0.0948,110.05,0.116925373,凱基證券,電子零組件業,717,39506,2.992878788,55.09902371,2025/2/10,1320,2025/2/25,1452707400,0.5,116.88,110.05
257,2025/2/18,3434,34341,哲固一,3.26,1.5,3,有擔保,7,1275,100,2025/2/14,28.85,30.3,1.0253,95.21452145,104.7,0.099622184,106.77,0.121362565,華南永昌,光電業,103,2490,1.952941176,24.17475728,2025/2/12,127,2025/2/27,136136950,0.5,110.88,106.77
258,2025/2/18,6451,64512,訊芯二KY,10.75,25,3,無擔保,5,22500,100,2025/2/14,230,241.2,1.035,95.35655058,100.55,0.054463478,104.08,0.091482435,福邦證券,半導體業,635,31088,1.381688889,48.95748031,2025/2/12,2250,2025/2/27,2341848790,0.5,130,104.08
259,2025/2/19,4439,44391,冠星一KY,3.8,5,3,無擔保,5,4250,101,2025/2/17,103,103,1.0204,100,101.08,0.0108,102.32,0.0232,凱基證券,紡織纖維,160,7589,1.785647059,47.43125,2025/2/13,425,2025/3/3,434876910,0.5,106.39,102.32
260,2025/3/14,6846,68462,綠茵二,2.7,3.5,5,無擔保,6,2975,100,2025/3/12,90.8,81.3,1.02,111.6851169,101.55,-0.090747247,105.38,-0.056454405,富邦證券,食品工業,168,4324,1.453445378,25.73809524,2025/3/10,297,2025/3/25,313493540,0.6,135,105.38
261,2025/3/20,1474,14743,弘裕三,12.99,3,3,無擔保,6,2550,101.5,2025/3/18,14.25,14.5,1.0283,98.27586207,101.5,0.032807018,101.81,0.035961404,兆豐證券,紡織纖維,60,3003,1.177647059,50.05,2025/3/14,255,2025/3/31,253807460,0.5,105.3,101.5
262,2025/5/19,6117,61172,迎廣二,9.19,5,3,無擔保,7,4250,100,2025/5/15,92,79.3,1.02,116.0151324,108.5,-0.064777174,110.73,-0.045555543,台新證券,電腦及週邊設備業,321,10534,2.478588235,32.81619938,2025/5/13,425,2025/5/28,470622160,0.5,120,110.73
263,2025/5/20,1472,14722,三洋實業二,5.25,3,3,有擔保,7,2550,100,2025/5/16,107,102,1.0248,104.9019608,108.36,0.032964486,110.71,0.055366355,台新證券,建材營造業,274,8382,3.287058824,30.59124088,2025/5/14,255,2025/5/29,282319570,0.5,115.4,110.71
264,2025/5/28,4555,45554,氣立四,7,5,3,有擔保,6,4250,102,2025/5/26,41.2,44,1.0476,93.63636364,102,0.089320388,103.28,0.102990291,富邦證券,電機機械,84,4130,0.971764706,49.16666667,2025/5/22,425,2025/6/9,354244830,0.5,107.11,102
265,2025/6/4,3653,36535,健策五,14.29,20,5,無擔保,3,17012,105,2025/6/2,1320,1320.9,1.02,99.93186464,106.61,0.066826886,108.37,0.084438886,富邦證券,電子零組件業,603,33082,1.944627322,54.86235489,2025/5/28,1701,2025/6/13,1843635280,0.5,200,108.37
266,2025/6/5,3617,36173,碩天三,9.42,15,3,無擔保,4,12750,100,2025/6/3,253,305,1.1466,82.95081967,100,0.205533597,100.79,0.215057312,富邦證券,其他電子業,185,8825,0.692156863,47.7027027,2025/5/29,1275,2025/6/16,889471690,0.5,270,100
267,2025/6/6,2351,23511,順德一,18.21,12,3,無擔保,5,10200,100,2025/6/4,71.3,75,1.049,95.06666667,100.14,0.053366059,102.18,0.074824684,台新證券,半導體業,279,14593,1.430686275,52.3046595,2025/6/2,1020,2025/6/17,1042239420,0.5,107.51,102.18
268,2025/6/11,1466,14664,聚隆四,11.12,4,3,有擔保,7,3400,100,2025/6/9,16.8,18.8,1.04,89.36170213,101,0.130238095,103.11,0.15385,國票證券,紡織纖維,87,5417,1.593235294,62.26436782,2025/6/5,340,2025/6/20,350570440,0.5,108,103.11
269,2025/6/17,6538,65381,倉和一,3.81,3,5,無擔保,5,2550,101,2025/6/13,108,112,1.023,96.42857143,101.3,0.050518519,102.54,0.063377778,統一證券,電子零組件業,137,3433,1.34627451,25.05839416,2025/6/11,255,2025/6/26,261474780,0.7,106.22,102.54
270,2025/6/19,2247,22472,汎德二,8.07,10,3,無擔保,4,8500,101,2025/6/17,289,297.8,1.025,97.04499664,101.55,0.046421799,102.37,0.054871488,群益證券,汽車工業,360,17324,2.038117647,48.12222222,2025/6/13,850,2025/6/30,870139750,0.5,200,102.37
271,2025/6/19,2530,25304,華建四,84,10,3,無擔保,7,7180,100,2025/6/17,32.45,32.5,1.023,99.84615385,100,0.001540832,100.37,0.005246533,凱基證券,建材營造業,174,9585,1.334958217,55.0862069,2025/6/13,718,2025/6/30,720685010,0.5,110,100.37
272,2025/7/17,4442,44421,竣邦一KY,3.12,1.5,3,無擔保,6,1275,100,2025/7/15,46.05,49,1.03,93.97959184,100,0.064060803,100.37,0.067997828,台新證券,紡織纖維,64,1445,1.133333333,22.578125,2025/7/11,127,2025/7/28,127965450,0.5,103.1,100.37
273,2025/7/17,6469,64693,大樹三,14.97,10,3,無擔保,4,8650,100,2025/7/15,143.5,149.74,1.02,95.83277681,101.51,0.059240934,102.2,0.066440976,國泰證券,生技醫療業,462,23446,2.710520231,50.74891775,2025/7/11,865,2025/7/28,884000790,0.5,109,102.2
274,2025/7/23,8411,84113,福貞三KY,21.84,12,5,有擔保,6,10200,100,2025/7/21,13.2,13.4,1.03,98.50746269,100,0.015151515,100.49,0.020125758,台新證券,其他業,132,9362,0.917843137,70.92424242,2025/7/17,1020,2025/8/1,940744220,0.5,103.6,100
275,2025/7/24,6982,69822,大井泵浦二,4.03,2,3,無擔保,7,1709,100,2025/7/22,62.5,61.8,1.021,101.1326861,100,-0.0112,101.16,0.00027008,永豐金證,電機機械,91,1092,0.638970158,12,2025/7/18,170,2025/8/4,110470160,0.5,109.91,100
276,2025/7/24,6843,68431,進典一,3.33,3,3,無擔保,6,2700,101,2025/7/22,59.8,61.4,1.0256,97.39413681,101.01,0.037126087,101.83,0.045545485,永豐金證,電機機械,88,2953,1.093703704,33.55681818,2025/7/18,270,2025/8/4,274946340,0.5,105.91,101.83
277,2025/7/25,3131,31312,弘塑二,2.92,10,5,無擔保,5,8500,103,2025/7/23,1565,1649.2,1.0201,94.8944943,109.14,0.150119412,110.5,0.164451118,凱基證券,其他電子業,1071,41920,4.931764706,39.14098973,2025/7/21,850,2025/8/5,939217330,0.5,120,110.5
278,2025/7/28,3167,31672,大量二,8.84,5,3,無擔保,6,4661,100,2025/7/24,168,170,1.084,98.82352941,107.39,0.086684524,109.09,0.103886905,福邦證券,電機機械,453,17514,3.757562755,38.66225166,2025/7/22,466,2025/8/6,508448500,0.5,133,109.09
279,2025/7/28,2641,26418,正德八,32.49,7.8,5,無擔保,6,7020,100.5,2025/7/24,19.5,19.3,1.0212,101.0362694,100.5,-0.005307692,101.3,0.002610256,群益證券,航運業,112,5987,0.852849003,53.45535714,2025/7/22,702,2025/8/6,606462730,0.5,125.5,100.5
280,2025/8/6,7556,75562,意德士二,2.73,2,3,無擔保,6,1800,100,2025/8/4,174,178.5,1.02,97.4789916,107.5,0.102801724,109.25,0.12075431,元大證券,半導體業,314,9261,5.145,29.49363057,2025/7/31,180,2025/8/15,196658740,0.5,117,109.25
281,2025/8/6,4581,45811,光隆精密一KY,3.39,5,3,無擔保,5,4380,100.5,2025/8/4,52.7,56.7,1.025,92.94532628,100.5,0.081280835,100.94,0.086014801,第一金證,汽車工業,67,3437,0.784703196,51.29850746,2025/7/31,438,2025/8/15,286362450,0.5,107.92,100.5
282,2025/8/19,4558,45581,寶緯一,5,3,3,有擔保,8,2624,100,2025/8/15,27.5,29.8,1.0258,92.28187919,100.1,0.08472,101.17,0.096314909,華南永昌,電機機械,105,3368,1.283536585,32.07619048,2025/8/13,262,2025/8/28,265477880,0.5,107,101.17
283,2025/8/19,2743,27431,山富一,3.6,3,3,無擔保,4,2640,102,2025/8/15,106,135,1.063,78.51851852,102,0.299056604,102.31,0.303004717,國泰證券,觀光餐旅,100,1904,0.721212121,19.04,2025/8/13,264,2025/8/28,194805900,0.5,110,102
284,2025/8/27,6207,62076,雷科六,7.97,2,3,無擔保,6,1800,100,2025/8/25,57.8,50.6,1.02,114.229249,114,-0.00200692,116.21,0.017340138,凱基證券,電子零組件業,308,8271,4.595,26.8538961,2025/8/21,180,2025/9/5,209173170,0.5,120.15,116.21
285,2025/8/29,5439,54391,高技一,9.29,20,5,無擔保,5,17000,101,2025/8/27,303,300,1.0327,101,110.4,0.093069307,111.88,0.107722772,凱基證券,電子零組件業,1301,56352,3.314823529,43.31437356,2025/8/25,1700,2025/9/9,1901965970,0.5,220,111.88
286,2025/9/9,4168,41684,醣聯四,10.82,5,3,有擔保,7,4250,100,2025/9/5,26.2,24,1.0202,109.1666667,107.4,-0.016183206,109.13,-0.000335878,統一證券,生技醫療業,369,12074,2.840941176,32.72086721,2025/9/3,425,2025/9/18,463810420,0.5,117,109.13
287,2025/9/18,4438,44383,廣越三,10.34,8,3,無擔保,4,7120,101,2025/9/16,74.3,76,1.027,97.76315789,101.32,0.036382234,102.1,0.0443607,凱基證券,紡織纖維,290,17431,2.448174157,60.10689655,2025/9/12,712,2025/9/30,726951650,0.5,468,102.1
288,2025/9/22,3687,36872,歐買尬二,3,4,3,無擔保,5,3600,100,2025/9/18,76.4,75.9,1.0296,100.6587615,102.89,0.022166361,104.51,0.03826034,元富證券,數位雲端,494,8134,2.259444444,16.46558704,2025/9/16,360,2025/10/2,376230190,0.5,114.52,104.51
289,2025/9/23,8404,84041,百和興業一KY,41.99,10,3,有擔保,7,8500,100,2025/9/19,24.35,26.8,1.05,90.85820896,100.69,0.108210267,101.83,0.12075729,中信證券,其他業,815,14498,1.705647059,17.78895706,2025/9/17,850,2025/10/3,865572250,1,200,101.83
290,2025/9/26,6477,64775,安集五,12.37,6,3,無擔保,7,5200,100,2025/9/24,43.5,44.3,1.0219,98.19413093,100,0.018390805,100.71,0.025621379,福邦證券,光電業,638,8881,1.707884615,13.9200627,2025/9/22,520,2025/10/9,523708680,0.5,107.85,100.71
291,2025/10/2,5201,52011,凱衛一,3.06,1,3,有擔保,6,850,101,2025/9/30,44.85,41.2,1.0378,108.8592233,111.89,0.027841249,112.96,0.037670457,兆豐證券,資訊服務業,440,5773,6.791764706,13.12045455,2025/9/25,85,2025/10/15,96017470,0.5,162,112.96
292,2025/10/3,6219,62194,富旺四,12.5,6,3,有擔保,9,5350,100.5,2025/10/1,20.1,21.17,1.05,94.94567785,101.1,0.064819403,103.05,0.085357463,統一證券,建材營造業,253,10547,1.971401869,41.68774704,2025/9/26,535,2025/10/16,551301410,0.5,110,103.05
293,2025/10/8,2753,27532,八方雲集二,6.66,2,3,無擔保,4,1800,100,2025/10/3,197.5,210,1.0244,94.04761905,105.8,0.124962025,107.18,0.139635443,元大證券,觀光餐旅,438,12957,7.198333333,29.58219178,2025/10/1,180,2025/10/20,192917600,0.6,162,107.18
294,2025/10/8,7713,77131,威力德一,4.55,5,3,無擔保,6,4250,101,2025/10/3,78,73.9,1.0207,105.5480379,102.02,-0.033425897,103.84,-0.016182564,台新證券,生技醫療業,224,9120,2.145882353,40.71428571,2025/10/1,425,2025/10/20,441335600,0.5,112.6,103.84
295,2025/10/14,6209,62093,今國光三,17.44,4.5,3,有擔保,7,3825,100,2025/10/9,43.05,38.6,1.05,111.5284974,113.6,0.018573751,115.02,0.031305923,中信證券,光電業,239,15806,4.132287582,66.13389121,2025/10/7,382,2025/10/23,439952770,1,118.5,115.02
296,2025/10/15,4113,41135,聯上五,23.11,4,5,有擔保,7,3435,102,2025/10/13,22.75,26.3,1.1004,86.50190114,102,0.179164835,102,0.179164835,合庫證券,建材營造業,189,4176,1.215720524,22.0952381,2025/10/8,343,2025/10/27,216471200,1,103.55,102
297,2025/10/16,3551,35513,世禾三,6.23,5,3,無擔保,5,4250,100,2025/10/14,171.5,173,1.036,99.13294798,112.78,0.13766414,114.42,0.15420758,凱基證券,綠能環保,340,29058,6.837176471,85.46470588,2025/10/9,425,2025/10/28,486302470,0.5,150,114.42
298,2025/10/28,6197,61907,萬泰科七,18.56,10,5,無擔保,6,8500,100,2025/10/23,41.9,41.7,1.0178,100.4796163,104.6,0.04100716,106.21,0.05703031,國票證券,電子零組件業,305,27147,3.193764706,89.00655738,2025/10/21,850,2025/11/6,902799530,0.5,113.5,106.21
299,2025/11/14,2368,23683,金像電三,50.63,90,5,無擔保,3,76836,107,2025/11/10,482,450,1.0345,107.1111111,111,0.036307054,112.88,0.053858921,富邦證券,電子零組件業,1852,156043,2.030857931,84.25647948,2025/11/6,7683,2025/11/24,8673140920,0.5,301.4,112.88
300,2025/11/14,3032,30322,偉訓二,11.33,10,5,無擔保,6,8567,101,2025/11/12,92.2,101.9,1.02,90.48086359,102.66,0.134604555,104.73,0.157482321,統一證券,電腦及週邊設備業,428,14701,1.716003268,34.34813084,2025/11/10,856,2025/11/25,897189650,0.5,112,104.73
301,2025/12/1,6890,68902,萊億二,24.94,5,3,無擔保,5,4350,101,2025/11/27,280.5,245.2,1.02,114.3964111,118.36,0.034647843,119.83,0.047497897,富邦證券,運動休閒,977,25845,5.94137931,26.45342886,2025/11/25,435,2025/12/10,521278370,0.5,237,119.83
302,2025/12/8,4739,47394,康普四,11.86,6,5,有擔保,5,5640,100,2025/12/4,69.2,71,1.086,97.46478873,109.12,0.119583815,110.46,0.13333237,福邦證券,化學工業,692,26476,4.694326241,38.26011561,2025/12/2,564,2025/12/17,622988430,0.5,121,110.46
303,2025/12/4,5307,53097,系統電七,20.91,5,3,無擔保,6,4255,101,2025/12/2,60.6,55,1.028,110.1818182,114.85,0.042367987,116.91,0.061064356,富邦證券,電子零組件業,606,18745,4.405405405,30.93234323,2025/11/28,425,2025/12/15,497434850,0.5,124.86,116.91
304,2025/12/2,6442,64423,光聖三,7.81,15,3,無擔保,5,12750,102.5,2025/11/28,1190,1065.9,1.02,111.6427432,123,0.101728571,124.86,0.118388857,台新證券,通信網路業,2273,82048,6.435137255,36.09678839,2025/11/26,1275,2025/12/11,1591954870,0.5,132.6,124.86
305,2025/12/16,6904,69041,伯鑫一,1.85,2,3,無擔保,6,1278,102,2025/12/12,120,130,1.04,92.30769231,102.51,0.110525,103.6,0.122333333,國泰證券,其他業,131,4153,3.249608764,31.70229008,2025/12/10,128,2025/12/26,132395760,0.5,112,103.6
306,2025/12/16,3453,35431,州巧一,8.93,4,3,有擔保,6,3770,100,2025/12/12,44.9,46.3,1.048,96.9762419,110.12,0.135535857,111.76,0.152447216,福邦證券,光電業,429,16326,4.330503979,38.05594406,2025/12/10,1275,2025/12/26,421336820,0.5,115.88,111.76
307,2025/12/16,6670,66702,復盛應用二,13.94,20,3,無擔保,3,12750,103,2025/12/12,261.5,270,1.0568,96.85185185,107,0.104780115,108.66,0.121919694,台新證券,運動休閒,880,42647,3.344862745,48.4625,2025/12/10,377,2025/12/26,1385391790,0.5,117.6,108.66
308,2025/12/23,2745,27451,五福一,3.38,3,3,無擔保,4,"2,550",101,2025/12/19,105.5,111.3,1.02,94.78885894,103.53,0.092216967,104.97,0.107408626,台新證券,觀光餐旅,174,"7,641",2.996470588,43.9137931,2025/12/17,255,2026/1/5,"267,685,510",0.5,115,104.97
309,2025/12/23,6510,65101,精測一,3.28,20,3,無擔保,4,"17,000",102,2025/12/19,2300,2016.8,1.0364,114.0420468,126.72,0.111169113,128.43,0.126163583,元大證券,半導體業,"2,043","101,825",5.989705882,49.84092022,2025/12/17,"1,700",2026/1/5,"2,183,241,550",0.5,151,128.43
310,2026/1/6,4967,49674,十銓四,8.5,20,3,有擔保,5,"17,361",102,2026/1/2,193.5,147,1.0201,131.6326531,131.51,-0.000931783,134.44,0.021327132,永豐金證券,半導體業,999,"41,990",2.418639479,42.03203203,2025/12/30,"1,736",2026/1/15,"2,333,978,780",0.5,156.5,134.44
311,2026/1/9,6199,61993,天品三,6.18,2.5,3,有擔保,7,"2,160",100,2026/1/7,108.5,104.6,1.02,103.7284895,111.17,0.071740276,113.35,0.092756682,群益金鼎證,其他業,255,"7,249",3.356018519,28.42745098,2026/1/5,216,2026/1/20,"244,838,620",0.5,117.23,113.35
312,2026/1/9,8021,80212,尖點二,14.5,7,5,無擔保,4,"6,650",100,2026/1/7,193,203.5,1.1,94.84029484,113.46,0.196326943,115.16,0.214251813,福邦證券,其他電子業,"1,117","37,393",5.623007519,33.47627574,2026/1/5,665,2026/1/20,"765,819,760",0.5,163.36,115.16
313,2026/1/12,3717,37171,聯嘉投控一,20.78,7,3,有擔保,7,"5,950",100,2026/1/8,17.15,17.5,1.0355,98,101.2,0.032653061,105.57,0.077244898,國泰證券,汽車工業,225,"8,508",1.429915966,37.81333333,2026/1/6,595,2026/1/21,"628,149,230",0.5,120,105.57
314,2026/1/13,2467,24673,志聖三,15.68,10,3,無擔保,5,"8,500",102,2026/1/9,259,246.6,1.02,105.0283861,121.8,0.159686486,123.34,0.174349189,富邦證券,電子零組件業,"1,147","44,121",5.190705882,38.46643418,2026/1/7,850,2026/1/22,"1,048,398,370",0.5,215,123.34
315,2026/1/16,2455,24553,全新三,18.49,5,3,無擔保,5,"4,500",102,2026/1/14,160,153.5,1.0302,104.2345277,123.8,0.18770625,124.47,0.194134063,群益金鼎證,通信網路業,"1,080","34,907",7.757111111,32.3212963,2026/1/12,450,2026/1/27,"560,099,070",0.5,139.5,124.47
316,2026/1/20,6101,61011,寬魚國際一,11.46,1.5,3,有擔保,NR,"1,275",100.5,2026/1/16,37,36.9,1.02,100.2710027,104.1,0.038186486,107.3,0.0701,富邦證券,文化創意業,145,"3,160",2.478431373,21.79310345,2026/1/14,127,2026/1/29,"136,811,060",0.5,113.85,107.3
317,2026/1/23,8210,82103,勤誠三,12.53,7,3,無擔保,4,"4,450",100,2026/1/21,909,985.3,1.035,92.25616563,112.11,0.215203333,115.87,0.255959417,元大證券,電腦及週邊設備業,361,"14,072",3.162247191,38.98060942,2026/1/19,445,2026/2/3,"515,630,060",0.5,124.13,115.87
318,2026/1/23,6672,66722,騰輝二KY,7.14,5,5,無擔保,6,"6,300",102,2026/1/21,98.5,93,1.0218,105.9139785,115.88,0.094095431,117.76,0.111845685,永豐金證券,電子零組件業,"1,073","38,764",6.153015873,36.12674744,2026/1/19,630,2026/2/3,"741,916,330",0.5,135.8,117.76
319,2026/1/26,3587,35872,閎康二,6.7,7,5,無擔保,4,"5,950",102,2026/1/22,193.5,198,1.0313,97.72727273,115.6,0.182883721,117.66,0.203962791,元大證券,其他電子業,591,"26,182",4.400336134,44.30118443,2026/1/20,595,2026/2/4,"700,062,910",0.5,124,117.66
320,2026/1/27,6515,65152,穎崴二,3.6,30,3,無擔保,4,"25,500",103,2026/1/23,3905,3540.4,102-105%,110.2982714,127.3,0.154143201,130.03,0.178894269,凱基證券,半導體業,"1,645","76,759",3.010156863,46.66200608,2026/1/21,"2,550",2026/2/5,"3,315,872,130",0.5,139.68,130.03
,,,,,,,,,,,,,,,,,,,,,,,,,,,,,,,,,
