序號,股票代號,CB代號,名稱,賣回日期1,賣回日期2,投資人提前賣回,賣回條件
1,1101,11011,台泥一永,2027-12-10,2029-12-10,發行滿三年,YTP(3)=(0%)
2,1210,12101,大成一,,,,
3,1216,12161,統一一,,,,
4,1217,12171,愛之味一,,,,
5,1217,12172,愛之味二,2013-05-12,2014-05-12,發行滿二年、滿三年,
6,1217,12173,愛之味三,2015-03-07,2016-03-07,到期滿二/年、/三年,"YTP(2,3)=(1.75%) "
7,1218,12181,泰山一,2015-05-23,2016-05-23,發行滿二年,YTP(2)=(1%) 
8,1225,12251,福脂一,,,,
9,1258,12581,其祥一KY,2017-09-15,2018-09-15,發行滿二年,YTP(2)=(1%)
10,1258,12582,其祥二KY,2021-09-10,2023-09-10,發行滿三年,YTP(3)=(0.5%)
11,1312,13121,國喬一    ,,,,
12,1316,13161,上曜一,,,,
13,1316,13162,上曜二,2016-12-23,2017-12-23,發行滿二年,YTP(2)=(1%)
14,1316,13163,上曜三,2020-11-07,2021-11-07,發行滿二年,YTP(2)=(0.5%)
15,1316,13164,上曜四,2024-01-29,2026-01-29,發行滿三年,YTP(3)=(0.25%)
16,1316,13165,上曜五,2023-02-01,2024-02-01,發行滿二年,YTP(2)=(2%)
17,1316,13166,上曜六,2026-12-27,2027-12-27,發行滿二年,YTP(2)=(0.25%)
18,1319,13191,東陽一,,,,
19,1336,13361,台翰一,2016-09-10,2017-09-10,發行滿二年,YTP(2)=(1%)
20,1337,13371,再生一,,,,
21,1338,13381,廣華一KY,2024-01-19,2026-01-19,發行滿三年,YTP(3)=(0.5%)
22,1338,13382,廣華二KY,2026-12-01,2028-12-01,發行滿三年,YTP(3)=(2%)
23,1341,13411,富林一KY,2023-05-13,2024-05-13,發行滿二年,YTM(3)=(0.5%)
24,1342,13421,八貫一,2025-06-02,,無,YTM(3)=(0%)
25,1409,14093,新纖三,,,,
26,1432,14321,大魯閣一,2017-02-12,2018-02-12,發行滿二年,"YTP(2,3)=(1,1.25%)"
27,1432,14322,大魯閣二,2018-02-13,2019-02-13,發行滿三、四年,"YTP(3,4)=(1.25,1.5%)"
28,1436,14361,華友聯一,2023-01-17,2025-01-17,發行滿三年,YTP(3)=(0.5%)
29,1436,14362,華友聯二,2023-12-01,2025-12-01,發行滿三年,YTP(3)=(0.25%)
30,1436,14363,華友聯三,2026-08-27,2027-08-27,發行滿二年,YTP(2)=(1.5%)
31,1436,14364,華友聯四,2027-03-18,2028-03-18,發行滿二年,YTP(2)=(1.5%)
32,1437,14371,勤益一,,,,
33,1438,14381,三地開發一,2027-12-19,2029-12-19,發行滿三年,YTP(3)=(0.5%)
34,1442,14422,名軒二,,,,YTP(2)=(1%)，無重設
35,1442,14423,名軒三,2017-12-01,2018-12-01,發行滿二、三年,"YTP(2,3)=(1.25%)"
36,1457,14571,宜進一,,,,
37,1464,14641,得力一,2018-05-20,,00:00:00,YTP(3)=(0%)
38,1464,14642,得力二,2017-05-21,2018-05-21,00:00:00,YTP(2)=(1%)
39,1466,14661,聚隆一,,,,
40,1466,14662,聚隆二,2015-01-14,2016-01-14,發行滿二年、發行滿三年,"YTP(2,3)=(1.25%) "
41,1466,14663,聚隆三,2017-09-24,2019-09-24,發行滿三年,YTP(3)=(1.25%)
42,1467,14671,南緯一,,,,
43,1472,14721,三洋實業一,2022-01-30,,無,YTP(3)=(0%)
44,1474,14741,弘裕一,,,,
45,1474,14742,弘裕二,2025-01-26,,無,YTM(3)=(0%)
46,1474,14743,弘裕三,2028-03-31,,無,YTM(3)=(0%)
47,1477,14771,聚陽一,,,,
48,1477,14772,聚陽二 ,,,,
49,1477,14773,聚陽三,,,,
50,1477,14774,聚陽四,2015-08-24,2016-08-24,發行滿三年、發行滿四年,
51,1504,15043,東元三,,,,
52,1506,15061,正道一,2018-01-23,,無,YTP(3)=(0%)
53,1513,15131,中興電一,2023-01-16,2024-01-16,發行滿三、四年,"YTP(3,4)=(0.25%)"
54,1513,15132,中興電二,2023-12-17,2024-12-17,發行滿三、四年,"YTP(3,4)=(0.25%)"
55,1514,15141,亞力一,2026-08-17,2028-08-17,發行滿三年,YTP(3)=(0.25%)
56,1514,15142,亞力二,2028-01-13,2030-01-13,發行滿三年,YTP(3)=(0.25%)
57,1515,15151,力山一,,,,
58,1522,15221,堤維西一,,,,
59,1524,15241,耿鼎一,,,,
60,1524,15242,耿鼎二,,,,
61,1524,15243,耿鼎三,,,,YTP(2)=(1%)，無重設
62,1526,15261,日馳一,2026-09-19,,無,YTM(3)=(0%)
63,1528,15281,恩德一,,,,
64,1528,15282,恩德二,,,,
65,1529,15291,樂士一,,,,
66,1530,15301,亞崴一,,,,
67,1530,15302,亞崴二,2017-05-14,2020-05-14,發行滿二年,YTP(2)=(1%)
68,1532,15321,勤美一,,,,
69,1532,15322,勤美二,,,,
70,1532,15323,勤美三,,,,
71,1532,15324,勤美四,2024-01-24,2025-01-24,發行滿二年,YTP(2)=(0.25%)
72,1533,15331,車王電一,,,,
73,1533,15332,車王電二,2025-01-26,,無,YTM(3)=(0%)
74,1535,15351,中宇一,,,,YTP(2)=(0.25%)，無重設
75,1536,15361,和大一,,,,
76,1536,15362,和大二,,,,
77,1536,15363,和大三,,,,
78,1536,15364,和大四,2026-08-12,2027-08-12,發行滿二年,YTP(2)=(0%)
79,1537,15371,廣隆一,,,,
80,1541,15411,錩泰一,,,,
81,1560,15601,中砂一,2027-06-24,2029-06-24,發行滿三年,YTP(3)=(0%)
82,1566,15661,捷邦一,2015-12-14,2017-12-14,發行滿三年,YTP(3)=(0-0.5%) 
83,1569,15691,濱川一,,,,
84,1569,15692,濱川二,,,,
85,1569,15693,濱川三,,,,
86,1569,15694,濱川四,,,,"YTP(2,3)=(1.2%) "
87,1569,15695,濱川五,2017-02-04,2018-02-04,發行滿二年,"YTP(2,3)=(1.2%)"
88,1569,15696,濱川六,2021-02-27,2023-02-27,發行滿二年,"YTP(2,4)=(0.5%)"
89,1582,15821,信錦一,,,,
90,1582,15822,信錦二,2018-01-20,,無,YTP(3)=(0.5%)
91,1582,15823,信錦三,2024-09-09,,無,YTM(3)=(0%)
92,1583,15831,程泰一,2018-03-11,2020-03-11,發行滿三年,YTP(3)=(0.5%)
93,1584,15841,精剛一,,,,
94,1584,15842,精剛二,,,,YTP(2)=(1.5%)，無重設
95,1586,15861,和勤一,2017-01-13,2018-01-13,發行滿二年,YTP(2)=(1%)
96,1586,15862,和勤二,2023-08-31,,無,YTM(3)=(0%)
97,1586,15863,和勤三,2023-09-01,,無,YTM(3)=(0.25%)
98,1586,15864,和勤四,2026-08-30,,無,YTM(3)=(0%)
99,1586,15865,和勤五,2026-08-31,,無,YTM(3)=(0.5%)
100,1589,15891,永冠一KY,2016-06-03,2017-06-03,發行滿二、三年,"YTP(2,3,5)=(1%)"
101,1589,15892,永冠二KY,2018-08-18,2019-08-18,發行滿三、四年,"YTP(3,4,5)=(0.5%)"
102,1589,15893,永冠三KY,2023-09-03,2025-09-03,發行滿三年,YTP(3)=(0.5%)
103,1589,15894,永冠四KY,2026-02-20,2028-02-20,發行滿三年,YTP(3)=(0.5%)
104,1592,15921,英瑞一KY,2021-11-18,2022-11-18,發行滿二年,YTP(2)=(1.0%)
105,1593,15931,祺驊一,2017-01-30,2018-01-30,發行滿二年,YTP(2)=(0.25-0.5%)
106,1593,15932,祺驊二,2022-11-04,2023-11-04,發行滿二年,YTP(2)=(0.25%)
107,1595,15951,川寶一,2018-02-11,,無,YTP(3)=(0%)
108,1595,15952,川寶二,2027-09-02,2029-09-02,發行滿三年,YTP(3)=(0.5%)
109,1598,15981,岱宇一,2019-09-20,2020-09-20,發行滿二年,YTP(2)=(0.5%)
110,1598,15982,岱宇二,2023-08-24,,無,YTM(3)=(0%)
111,1598,15983,岱宇三,2023-06-28,2024-06-28,發行滿二年,YTP(2)=(0.5%)
112,1598,15984,岱宇四,2027-03-03,2028-03-03,發行滿二年,YTP(2)=(1%)
113,1599,15991,宏佳騰一,2025-11-18,,無,YTM(3)=(0%)
114,1603,16031,華電一,,,,
115,1606,16062,歌林二,,,,
116,1609,16091,大亞一,,,,
117,1609,16092,大亞二,,,,
118,1609,16093,大亞三,,,,
119,1609,16094,大亞四,2024-11-22,2026-11-22,發行滿三年,YTP(3)=(0.25%)
120,1609,16095,大亞五,2027-09-30,2029-09-30,發行滿三年,YTP(3)=(0.25%)
121,1611,16111,中電ㄧ,,,,
122,1611,16112,中電二,2015-03-28,2016-03-28,發行滿二/年、/三年,"YTP(2,3)=(0-1%) "
123,1616,16161,億泰一,,,,
124,1617,16171,榮星一,,,,
125,1617,16172,榮星二,,,,
126,1617,16173,榮星三,2025-03-02,2027-03-02,發行滿三年,YTP(3)=(0.125%)
127,1618,16181,合機一,,,,
128,1626,16261,艾美特一KY,2016-08-15,2017-08-15,發行滿二、三年,"YTP(2,3)=(0.75,1.25%)"
129,1626,16262,艾美特二KY,2019-09-30,2020-09-30,發行滿二年,YTP(2)=(0.5%)
130,1626,16263,艾美特三KY,2022-12-04,,無,YTP(3)=(0.5%)
131,1626,16264,艾美特四KY,2023-12-10,,無,YTM(3)=(0.25%)
132,1704,17043,榮化三,,,,YTP(3)=(0.5%)，無重設
133,1707,17071,葡萄王一,2018-08-26,,無,YTP(3)=(0.25%)
134,1709,17091,和益一,2017-02-20,2019-02-20,發行滿三年,YTP(3)=(0%)
135,1712,17121,興農一,2016-08-15,2018-08-15,發行滿三年,YTP(3)=(0%)
136,1715,17151,萬洲一,2014-09-15,2016-09-15,發行滿三年,
137,1715,17152,萬洲二,2016-12-20,2018-12-20,發行滿三年,YTP(3)=0.75%)
138,1715,17153,萬洲三,2018-05-28,2020-05-28,發行滿三年,YTP(3)=(1.15%)
139,1720,17202,生達二,,,,
140,1720,17203,生達三,,,,
141,1727,17271,中華化一,2024-10-03,2025-10-03,發行滿二年,YTP(2)=(0.5%)
142,1729,17291,必翔一,,,,
143,1729,17292,必翔二,,,,
144,1730,17301,花仙子一,2018-02-02,2019-02-02,發行滿二年,"YTP(2,3)=(0.5%)"
145,1733,17331,五鼎一,,,,
146,1733,17332,五鼎二,2018-07-15,,無,YTP(3)=(0.25%)
147,1733,17333,五鼎三,2021-05-24,,無,YTP(3)=(0.5%)
148,1734,17341,杏輝一,,,,
149,1735,17351,日勝化一,,,,
150,1752,17521,南光一,,,,
151,1752,17522,南光二,2016-12-13,,無,YTP(3)=(0%)
152,1781,17811,合世一,,,,
153,1781,17812,合世二,,,,
154,1781,17813,合世三,2027-09-24,,無,YTM(3)=(0%)
155,1784,17841,訊聯一,,,,
156,1785,17851,光洋科一,,,,
157,1785,17852,光洋科二,,,,
158,1786,17861,科妍一,2022-03-04,,無,YTP(3)=(0.5%)
159,1786,17862,科妍二,2025-10-03,,無,YTM(3)=(1%)
160,1787,17871,福盈一,,,,
161,1787,17872,福盈二,,,,
162,1788,17881,杏昌一,2022-04-18,,無,YTP(3)=(0%)
163,1795,17951,美時一,,,,
164,1795,17952,美時二,,,,
165,1795,17953,美時三,,,,YTP(2)=(1%)
166,1796,17961,金穎生技一,2022-03-06,,無,YTP(3)=(0.5%)
167,1799,17991,易威一,2019-02-21,2020-02-21,發行滿兩年,YTP(2)=(0%)
168,1805,18051,寶徠一,2024-09-24,,無,YTM(3)=(0%)
169,1806,18061,冠軍一,,,,
170,1806,18062,冠軍二,,,,
171,1808,18081,潤隆一,,,,
172,1808,18082,潤隆二,,,,"YTP(2,3)=(1.25%,1.25%)，無重設"
173,1808,18083,潤隆三,2016-09-09,2018-09-09,發行滿三年,YTP(3)=(1.25%)
174,1813,18131,寶利一,,,,
175,1815,18151,富喬一,,,,
176,1815,18152,富喬二,,,,
177,1815,18153,富喬三,2014-09-08,2017-03-08,發行滿二年六個月之日,YTP(2.5)=(1.8%)，無重設
178,1815,18154,富喬四,2016-09-23,2017-09-23,發行滿三年,YTP(3)=(1.5%)
179,1815,18155,富喬五,2021-07-26,2022-07-26,發行滿三、四年,"YTP(3,4)=(1.05,1.25%)"
180,1815,18156,富喬六,2024-03-16,2025-03-16,發行滿三、四年,YTP(3)=(1%)，YTP(4)=(1.25%)
181,1902,19021,台紙一,,,,
182,1902,19022,台紙二,,,,
183,1902,19023,台紙三,,,,
184,1909,19093,榮成三,2017-08-05,,無,YTP(3)=(0%)
185,1909,19094,榮成四,2024-12-20,2026-12-20,發行滿三年,YTM(3)=(0.25%)
186,2006,20062,東和鋼鐵二,,,,
187,2006,20063,東和鋼鐵三,,,,
188,2006,20064,東和鋼鐵四,,,,
189,2006,20065,東和鋼鐵五,,,,
190,2006,20066,東和鋼鐵六,2015-11-05,2016-11-05,發行滿三年、發行滿四年,"YTP(3,4)=(0.5%, 0.75%) "
191,2006,20067,東和鋼鐵七,2021-05-14,2022-05-14,發行滿三、四年,"YTP(3,4)=(0.25%)"
192,2012,20121,春雨一,2025-03-25,,無,YTM(3)=(0%)
193,2012,20122,春雨二,2025-03-25,,無,YTM(3)=(0%)
194,2012,20123,春雨三,2025-03-25,,無,YTM(3)=(0%)
195,2020,20201,美亞一,,,,
196,2020,20202,美亞二,,,,
197,2020,20203,美亞三,,,,
198,2022,20221,聚亨一,,,,
199,2022,20222,聚亨二,,,,
200,2022,20223,聚亨三,,,,YTP(2)=(1%)，無重設
201,2022,20224,聚亨四,,,,YTP(2)=(1%)
202,2023,20231,燁輝一,,,,
203,2027,20271,成鋼一,,,,
204,2030,20301,彰源一,,,,
205,2031,20311,新光一,,,,
206,2031,20312,新光鋼二,,,,
207,2031,20313,新光鋼三,,,,
208,2031,20314,新光鋼四,2016-12-20,2017-12-20,發行滿三、四年,"YTP(3,4)=(1%)"
209,2031,20315,新光鋼五,2020-11-09,2021-11-09,發行滿三、四年,"YTP(3,4)=(1%)"
210,2032,20321,新光鋼一    ,,,,
211,2034,20341,允強一,,,,
212,2034,20342,允強二,,,,
213,2034,20343,允強三,2023-12-15,2025-12-15,發行滿三年,YTP(3)=(0%)
214,2034,20344,允強四,2027-10-02,2029-10-02,發行滿三年,YTP(3)=(0%)
215,2038,20381,海光一,,,,
216,2038,20382,海光二,,,,
217,2059,20591,川湖一,,,,
218,2059,20592,川湖二,,,,
219,2061,20611,風青一,,,,YTP(2)=(1%)，無重設
220,2061,20612,風青二,2024-01-12,2025-01-12,發行滿二年,YTP(2)=(0%)
221,2063,20631,世鎧一,2021-08-02,2022-08-02,發行滿二年,YTP(2)=(0%)
222,2063,20632,世鎧二,2025-11-10,2026-11-10,發行滿二年,YTP(2)=(0%)
223,2065,20651,世豐一,2021-11-18,2022-11-18,發行滿二年,YTP(2)=(0.25%)
224,2065,20652,世豐二,2024-03-22,2025-03-22,發行滿二年,YTP(2)=(0.25%)
225,2066,20661,世德一,2024-12-08,,無,YTM(3)=(0%)
226,2066,20662,世德二,2026-07-31,,無,YTM(3)=(0%)
227,2069,20691,運錩一,2018-08-08,2019-08-08,發行滿兩年,YTP(2)=(1%)
228,2069,20692,運錩二,2018-08-09,2019-08-09,發行滿二年,YTP(2)=(1.25%)
229,2069,20693,運錩三,2020-09-06,2021-09-06,發行滿二年,YTP(2)=(0.5%)
230,2069,20694,運錩四,2023-11-25,2024-11-25,發行滿二年,YTP(2)=(0.5%)
231,2101,21011,南港一,,,,
232,2103,21031,中橡二,,,,
233,2104,21043,國際中橡三,2026-10-13,2028-10-13,發行滿三年,YTP(3)=(0.3%)
234,2107,21071,厚生一,,,,
235,2109,21091,華豐一,,,,
236,2114,21141,鑫永一,,,,
237,2115,21151,六暉一KY,2018-04-08,,無,YTP(3)=(0%)
238,2201,22012,裕隆二,,,,
239,2201,22013,裕隆三,2026-05-25,2028-05-25,發行滿三年,YTP(3)=(0.25%)
240,2204,22043,中華三,,,,
241,2208,22081,台船一,2024-02-24,2025-02-24,00:00:00,YTP(4)=(0.5%)
242,2228,22281,劍麟一,2017-05-26,2018-05-26,發行滿二年,YTP(2)=(0%)
243,2228,22282,劍麟二,2023-03-09,,無,YTP(3)=(0%)
244,2228,22283,劍麟三,2027-08-29,,無,YTM(3)=(0%)
245,2230,22301,泰茂一,2018-04-06,2019-04-06,發行滿二年,YTP(2)=(0.25%)
246,2230,22302,泰茂二,2018-04-06,2019-04-06,發行滿二年,YTP(2)=(0.25%)
247,2230,22303,泰茂三,2018-04-07,2019-04-07,發行滿二年,YTP(2)=(0.5%)
248,2230,22304,泰茂四,2026-01-06,,無,YTM(3)=(0%)
249,2231,22311,為升一,2015-09-30,2016-09-30,發行滿二年,YTP(2)=(0%)
250,2231,22312,為升二,2018-05-23,2019-05-23,發行屆滿/二年,YTP(2)=(0.5%)
251,2231,22313,為升三,2025-08-29,,00:00:00,YTM(3)=(0.5%)
252,2236,22361,百達一KY,2018-12-14,2019-12-14,發行滿二年,YTP(2)=(0.5%)
253,2236,22362,百達二KY,2026-08-18,,無,YTM(3)=(0%)
254,2239,22391,英利一KY,2019-01-10,2020-01-10,發行滿二年,YTP(2)=(0%)
255,2239,22392,英利二KY,2021-06-22,,無,YTP(3)=(0%)
256,2239,22393,英利三KY,2024-10-19,,無,YTM(3)=(0%)
257,2243,22431,宏旭一KY,2021-11-30,2022-11-30,發行滿三、四年,"YTP(3,4)=(1%)"
258,2250,22501,IKKA一KY,2027-03-04,2029-03-04,發行滿三年,YTP(3)=(0%)
259,2313,23131,華通一,,,,
260,2313,23132,華通二    ,,,,
261,2313,23133,華通三    ,,,,
262,2314,23141,台揚一,,,,
263,2314,23142,台揚二,2019-10-31,,無,YTP(3)=(0%)
264,2317,23171,鴻海一,,,,
265,2332,23323,友訊三,,,,
266,2333,23331,碧悠一,,,,
267,2337,23371,旺宏一,,,,
268,2337,23372,旺宏二,2028-03-24,,無,YTM(3)=(0%)
269,2338,23382,光罩二,,,,
270,2338,23383,光罩三,2024-08-03,2025-08-03,發行滿三、四年,"YTP(3,4)=(0%)"
271,2340,23401,光磊二,,,,
272,2347,23471,聯強一,,,,
273,2347,23472,聯強二,,,,
274,2348,23481,海悅一,2022-07-16,2024-07-16,發行滿三年,YTP(3)=(0.5%)
275,2351,23511,順德一,2028-06-17,,無,YTM(3)=(0%)
276,2352,23521,明碁一,,,,
277,2353,23532,宏碁二,2016-05-14,,無,YTP(3)=(0%) 
278,2354,23541,鴻準一,,,,
279,2355,23551,敬鵬一,,,,
280,2357,23571,華碩一,,,,
281,2358,23581,廷鑫一,2025-09-28,,無,YTM(3)=(0%)
282,2360,23601,致茂一,,,,
283,2360,23602,致茂二,2017-05-23,2019-05-23,00:00:00,YTP(3)=(0%)
284,2365,23651,昆盈一,,,,
285,2365,23652,昆盈二,,,,
286,2367,23671,燿華一,2019-07-06,2021-07-06,發行滿三年,YTP(3)=(0.5%)
287,2367,23672,燿華二,2018-07-07,2019-07-07,發行滿二年及滿三年,"YTP(2,3)=(1%)"
288,2368,23681,金像電一,,,,
289,2368,23682,金像電二,2026-12-05,2028-12-05,發行滿三年,YTP(3)=(0%)
290,2369,23691,菱生一,,,,
291,2369,23692,菱生二,,,,
292,2371,23711,大同一,,,,
293,2371,23712,大同二,,,,
294,2374,23741,佳能一,,,,
295,2377,23772,微星二,,,,
296,2379,23791,瑞昱一,,,,
297,2383,23831,台光電一,,,,
298,2383,23832,台光電二,,,,
299,2383,23833,台光電三,,,,
300,2383,23834,台光電四,2020-05-16,2022-05-16,發行滿3年,YTP(3)=(0%)
301,2383,23835,台光電五,2025-04-25,2027-04-25,發行滿三年,YTM(3)=(0%)
302,2383,23836,台光電六,2027-09-25,2029-09-25,發行滿三年,YTP(3)=(0%)
303,2383,23837,台光電七,2029-10-09,,無,YTM(5)=(0%)
304,2384,23841,勝華一,,,,
305,2385,23851,群光一,,,,
306,2388,23881,威盛一,,,,
307,2389,23891,世昕一,,,,
308,2390,23901,云辰一,,,,
309,2392,23921,正崴一,,,,
310,2393,23932,億光二,,,,
311,2393,23933,億光三,,,,
312,2393,23934,億光四,,,,
313,2393,23935,億光五,2016-12-20,2018-12-20,發行滿三年,YTP(3)=(0%)
314,2393,23936,億光六,2018-05-18,2020-05-18,發行滿三年,YTP(3)=(0%)
315,2395,23952,研華二,,,,
316,2398,23981,博達一,,,,
317,2402,24021,毅嘉一,,,,
318,2402,24022,毅嘉二,2017-09-02,,無,YTP(3)=(0%)
319,2406,24061,國碩一,,,,
320,2406,24062,國碩二,,,,YTP(3)=(0-1%)，無重設
321,2406,24063,國碩三,2017-08-10,2018-08-10,發行滿二年,"YTP(2,3)=(1%)"
322,2406,24064,國碩四,2020-06-21,,無,YTP(3)=(1%)
323,2407,24071,陞技一,,,,
324,2408,24081,南科一,,,,
325,2409,24091,友達一,,,,
326,2409,24092,友達二,,,,
327,2409,24093,友達三,,,,
328,2413,24131,環科一,,,,
329,2414,24141,精技一,,,,
330,2415,24151,錩新一,,,,
331,2417,24172,圓剛二,,,,
332,2418,24182,雅新二,,,,
333,2418,24183,雅新三,,,,
334,2419,24191,仲琦一,,,,
335,2419,24192,仲琦二,,,,YTP(2)=(1%)，無重設
336,2419,24193,仲琦三,,,,YTP(2)=(1%) 
337,2419,24194,仲琦四,2018-06-15,2019-06-15,發行滿二年,YTP(2)=(1%)
338,2421,24212,建準二,,,,
339,2421,24213,建準三,2025-05-24,2028-05-24,發行滿二年,YTP(2)=(0.5%)
340,2424,24241,隴華一,,,,
341,2426,24261,鼎元一,,,,
342,2426,24262,鼎元二,,,,
343,2426,24263,鼎元三,,,,
344,2426,24264,鼎元四,,,,
345,2426,24265,鼎元五,,,,
346,2426,24266,鼎元六,,,,
347,2426,24267,鼎元七,,,,
348,2426,24268,鼎元八,2017-03-20,2018-03-20,發行滿二年,YTP(2)=(1%)
349,2427,24271,三商電一,2026-12-13,2027-12-13,發行滿三、四年,YTP(3)=(0.5%)
350,2428,24281,興勤一,,,,
351,2428,24282,興勤二,,,,
352,2428,24283,興勤三,,,,
353,2434,24341,統懋一,,,,
354,2434,24342,統懋二,,,,
355,2436,24361,偉詮電一,2025-09-11,2026-09-11,發行滿二年,YTP(2)=(0.25%)
356,2437,24371,旺詮一,2018-01-15,2020-01-15,發行滿三年,YTP(3)=(0%)
357,2439,24391,美律一,2018-01-29,,無,YTP(3)=(0.165%)
358,2439,24392,美律二,2021-12-11,,無,YTP(3)=(0%)
359,2439,24393,美律三,2024-08-11,,無,YTM(3)=(0%)
360,2439,24394,美律四,2027-07-10,,無,YTM(3)=(0%)
361,2439,24395,美律五,2027-07-22,,無,YTM(3)=(0%)
362,2440,24401,太空一,,,,
363,2441,24411,超豐一,,,,
364,2442,24421,美齊一,,,,
365,2442,24422,新美齊二,2016-03-12,2017-03-12,發行滿三年,YTP(3)=(1%) 
366,2442,24423,新美齊三,2026-11-29,2027-11-29,發行滿二年,YTP(2)=(0.25%)
367,2442,24424,新美齊四,2026-12-25,2027-12-25,發行滿二年,YTP(2)=(0.25%)
368,2444,24441,友旺一,,,,
369,2444,24442,友旺二,2017-06-29,2018-06-29,發行滿二年,YTP(2)=(0.5%)
370,2446,24461,全懋一,,,,
371,2447,24471,鼎新一,,,,
372,2448,24481,晶電一,,,,
373,2448,24482,晶電二,,,,
374,2448,24483,晶電三,,,,
375,2450,24501,神腦一,,,,
376,2451,24511,創見一,,,,
377,2455,24551,全新一,,,,
378,2456,24562,奇力新二,,,,
379,2456,24563,奇力新三,,,,
380,2456,24564,奇力新四,2020-05-29,,無,YTP(5)=(0%)
381,2456,24565,奇力新五,2020-09-18,,無,YTP(3)=(0%)
382,2456,24566,奇力新六,2022-09-12,2024-09-12,發行滿三年,YTP(3)=(0%)
383,2457,24571,飛宏一,2017-06-04,,無,YTP(3)=(0%)
384,2458,24581,義隆一,,,,
385,2459,24591,敦吉一,,,,
386,2460,24601,建通一,,,,
387,2461,24611,光群雷一,,,,
388,2461,24612,光群雷二,,,,YTP(2)=(1%)，無重設
389,2461,24613,光群雷三,,,,YTP(2)=(1.25%)，無重設
390,2461,24614,光群雷四,2016-10-17,2017-10-17,發行滿二年,YTP(2)=(1%)
391,2461,24615,光群雷五,2016-10-20,2017-10-20,發行滿二年,YTP(2)=(1.25%)
392,2461,24616,光群雷六,2024-03-24,2026-03-24,發行滿三年,YTP(3)=(0.5%)
393,2462,24621,良得電一,,,,
394,2462,24622,良得電二,2015-06-04,2016-06-04,00:00:00,"YTP(3,4)=(1.25%)，無重設"
395,2462,24623,良得電三,,,,"YTP(3,4)=(1.5%)，無重設"
396,2462,24624,良得電四,2025-08-11,2026-08-11,發行滿二年,YTP(2)=(0.25%)
397,2464,24641,盟立一,,,,
398,2464,24642,盟立二,2026-09-16,2027-09-16,發行滿二年,YTP(2)=(0.25%)
399,2466,24661,冠西一,,,,
400,2466,24662,冠西電二,2018-11-13,,無,YTP(3)=(0%)
401,2466,24663,冠西電三,2023-02-27,,00:00:00,YTP(3)=(0)
402,2467,24671,志聖一,,,,
403,2468,24681,華經一,,,,
404,2469,24692,力信二,,,,
405,2470,24701,品佳一,,,,
406,2470,24702,品佳二,,,,
407,2472,24721,立隆電一,,,,
408,2472,24722,立隆電二,2021-03-18,2022-03-18,發行滿二年,YTP(2)=(0%)
409,2472,24723,立隆電三,2022-07-22,2023-07-22,發行滿二年,YTP(2)=(0%)
410,2474,24741,可成一,,,,
411,2474,24742,可成二,,,,
412,2476,24761,鉅祥一,,,,
413,2476,24762,鉅祥二,2027-01-26,,無,YTM(3)=(0%)
414,2478,24781,大毅一,2015-01-28,2018-01-28,發行滿二年,YTP(2)=(0-1%) 
415,2479,24792,和立二,,,,
416,2480,24801,敦陽一,,,,
417,2481,24811,強茂一,,,,
418,2481,24812,強茂二,,,,
419,2481,24813,強茂三,,,,
420,2481,24814,強茂四,,,,
421,2481,24815,強茂五,,,,
422,2481,24816,強茂六,2016-06-11,2018-06-11,00:00:00,YTP(3)=(1%) 
423,2481,24817,強茂七,,,,YTP(3)=(1.2%) 
424,2482,24821,連宇一,,,,
425,2482,24822,連宇二,2023-07-12,2024-07-12,發行滿二年,YTP(2)=(0.1%)
426,2484,24841,希華一,,,,
427,2484,24842,希華二,,,,
428,2484,24843,希華三,,,,
429,2486,24861,一詮一,,,,
430,2486,24862,一詮二,,,,
431,2486,24863,一詮三,,,,
432,2486,24864,一詮四,,,,
433,2486,24865,一詮五,2017-03-28,2019-03-28,00:00:00,YTP(3)=(0.5%)
434,2486,24866,一詮六,2026-07-01,2027-07-01,發行滿二年,YTP(2)=(0.5%)
435,2488,24881,漢平一,,,,
436,2489,24891,瑞軒二,,,,
437,2489,24893,瑞軒三,,,,
438,2489,24894,瑞軒四,,,,
439,2492,24921,華新科一,2024-04-29,,無,YTP(4)=(0%)
440,2497,24971,怡利一,,,,
441,2497,24972,怡利電二,2025-07-07,,無,YTM(3)=(0%)
442,2498,24981,宏達電一,,,,
443,2499,24991,東貝一,,,,
444,2499,24992,東貝二,,,,
445,2499,24993,東貝三,,,,
446,2505,25052,國揚二,,,,YTP(2)=(1%)，無重設
447,2509,25091,全坤一,,,,
448,2509,25092,全坤二,,,,
449,2514,25143,龍邦三,,,,YTP(4)=(1.7%)，無重設
450,2515,25151,中工一,2017-02-24,,00:00:00,YTP(3)=(0%)
451,2515,25152,中工二,2017-02-25,2019-02-25,00:00:00,YTP(3)=(1.5%)
452,2520,25201,冠德一,,,,
453,2528,25281,皇普一,2015-04-24,2017-04-24,發行滿三年,YTP(3)=(1%)，無重設
454,2528,25282,皇普二,2024-09-25,,無,
455,2528,25283,皇普三,2027-12-31,2029-12-31,發行滿三年,YTP(3)=(0.25%)
456,2528,25284,皇普四,2028-01-17,2030-01-17,發行滿三年,YTP(3)=(0.5%)
457,2530,25301,大華建設一,,,,
458,2530,25302,大華建設二,,,,
459,2530,25303,華建三,2027-06-23,2028-06-23,發行滿二年,YTP(2)=(0.25%)
460,2530,25304,華建四,2027-06-30,2028-06-30,發行滿二年,YTP(2)=(0.25%)
461,2535,25352,達欣工二,2017-01-10,2019-01-10,發行滿三年,YTP(3)=(0.5%)
462,2535,25353,達欣工三,2017-01-14,2019-01-14,發行滿三年,
463,2535,25354,達欣工四,2020-01-10,,無,YTP(3)=(0%)
464,2535,25355,達欣工五,2021-11-09,,無,YTP(3)=(0%)
465,2536,25362,宏普二,,,,
466,2537,25372,聯開二,,,,
467,2537,25373,聯開三,,,,
468,2537,25374,聯開四,,,,YTP(3)=(1%)，無重設
469,2537,25375,聯上發五,2016-11-05,2018-11-05,發行滿三年,YTP(3)=(1%)
470,2538,25382,基泰二,,,,YTP(2)=(1%)，無重設
471,2538,25383,基泰三,2016-11-08,2018-11-08,發行滿三年,YTP(3)=(1%)
472,2539,25391,櫻花建一,2023-09-03,,無,YTP(5)=(0.15%)
473,2539,25392,櫻花建二,2021-09-04,2023-09-04,發行滿三年,YTP(3)=(0.5%)
474,2542,25421,興富發一,,,,
475,2542,25422,興富發二,,,,
476,2542,25423,興富發三,,,,
477,2542,25424,興富發四,,,,
478,2542,25425,興富發五,2020-06-08,2022-06-08,發行滿三年,"YTP(3,5)=(1.25%)"
479,2543,25431,皇昌一,,,,
480,2543,25432,皇昌二,,,,
481,2546,25461,根基一,,,,
482,2547,25472,日勝二,,,,
483,2547,25473,日勝三,,,,YTP(2)=(1.5~2%)，無重設
484,2547,25474,日勝四,,,,YTP(2)=(1.5~2%)，無重設
485,2548,25481,華固一,,,,
486,2548,25482,華固二,,,,
487,2548,25483,華固三,2027-10-02,2029-10-02,發行滿三年,YTP(3)=(0%)
488,2548,25484,華固四,2027-10-18,2029-10-18,發行滿三年,YTP(3)=(0%)
489,2596,25961,綠意一,,,,
490,2596,25962,綠意二,2016-06-17,2017-06-17,發行滿二年,YTP(2)=(1%)
491,2601,26011,益航一,2017-02-06,2018-02-06,發行滿二年,YTP(2)=(1%)
492,2601,26012,益航二,2017-02-09,2018-02-09,發行滿二年,YTP(2)=(1.25%)
493,2603,26031,長榮一,,,,
494,2603,26032,長榮二,,,,
495,2603,26033,長榮三,,,,
496,2603,26034,長榮四,2024-05-18,2026-05-18,發行滿三年,YTP(3)=(0%)
497,2609,26091,陽明一,,,,
498,2609,26092,陽明二,,,,
499,2609,26093,陽明三,,,,
500,2609,26094,陽明四,2016-06-07,2018-06-07,發行滿三年,YTP(3)=(0-0.5%) 
501,2609,26095,陽明五,2021-05-29,2023-05-29,發行滿三年,YTP(3)=(0%)
502,2610,26102,華航二,,,,
503,2610,26103,華航三,,,,
504,2610,26104,華航四,,,,
505,2610,26105,華航五,2016-12-26,2018-12-26,00:00:00,YTP(3)=(0.25%)
506,2610,26106,華航六,2021-01-30,2023-01-30,發行滿三年,YTP(3)=(0%)
507,2610,26107,華航七,2024-04-28,2026-04-28,發行滿三年,YTP(3)=(0%)
508,2613,26131,中櫃一,2017-10-29,2018-10-29,發行滿二年,"YTP(2,3)=(0.375%,0.333%)"
509,2613,26132,中櫃二,2017-10-30,2018-10-30,發行滿二年,YTP(2)=(0.5%)
510,2614,26143,東森三,,,,
511,2614,26144,東森四,,,,
512,2616,26161,山隆一,,,,
513,2616,26162,山隆二,,,,
514,2616,26163,山隆三,2016-11-10,2017-11-10,00:00:00,"YTP(2,3)=(1%)"
515,2618,26181,長榮航一,,,,
516,2618,26182,長榮航二    ,,,,
517,2618,26183,長榮航三,2020-10-27,2022-10-27,發行滿三年,"YTP(3,5)=(0%)"
518,2618,26184,長榮航四,2023-10-21,2025-10-21,發行滿三年,YTP(3)=(0.25%)
519,2618,26185,長榮航五,2024-09-01,2026-09-01,發行滿三年,YTP(3)=(0.25%)
520,2630,26301,亞航一,2021-07-09,2022-07-09,發行滿二年,"YTP(2,3)=(0.25%)"
521,2630,26302,亞航二,2022-01-10,2024-07-10,發行滿二年六個月 ,"YTP(2.5,5)=(0.5%)"
522,2636,26361,台驊投一,,,,
523,2636,26362,台驊投二,2017-01-23,,00:00:00,YTP(3)=(0%)
524,2636,26363,台驊投控三,2018-06-09,,無,YTP(3)=(0%)
525,2636,26364,台驊投控四,2023-12-02,,無,YTM(3)=(0%)
526,2637,26371,慧洋一KY,2014-03-29,2017-03-29,00:00:00,YTP(2)=(0.5%)，無重設
527,2637,26372,慧洋二KY,2019-09-30,2020-09-30,發行滿二年,YTP(2)=(0%)
528,2637,26373,慧洋三KY,2019-10-02,2020-10-02,發行滿二年,YTP(2)=(0.5%)
529,2640,26401,大車隊一,2016-06-09,2017-06-09,發行滿二年,YTP(2)=(1%)
530,2641,26411,正德一,2018-01-08,,無,YTP(3)=(0.5%)
531,2641,26412,正德二,2017-01-09,2018-01-09,發行滿二年,YTP(3)=(1.5%)
532,2641,26413,正德三,2020-11-28,,無,YTP(3)=(0.5%)
533,2641,26414,正德四,2020-11-29,,無,YTP(3)=(1.5%)
534,2641,26415,正德五,2025-07-28,,無,YTM(3)=(0%)
535,2641,26416,正德六,2025-08-23,2026-08-23,發行滿二年,YTP(2)=(0.5%)
536,2641,26417,正德七,2027-07-26,,無,YTM(3)=(0%)
537,2704,27041,國賓一,,,,
538,2705,27051,六福一,,,,
539,2707,27071,晶華一,2016-07-10,2018-07-10,發行滿三年,YTP(3)=(0%)
540,2707,27072,晶華二,2019-06-16,2021-06-16,發行三年,YTP(3)=(0%)
541,2724,27241,富驛一,,,,
542,2726,27261,雅茗一KY,2017-11-19,2018-11-19,發行滿二年,YTP(2)=(1.25%)
543,2727,27271,王品一,2026-03-29,2028-03-29,發行滿三年,YTM(3)=(0-0.5%)
544,2729,27291,瓦城一,2021-12-11,2022-12-11,發行滿二年,YTP(2)=(0%)
545,2731,27311,雄獅一,2022-06-30,2023-06-30,發行滿二年,YTP(2)=(0.25%)
546,2731,27312,雄獅二,2023-12-09,2024-12-09,發行滿二年,YTP(2)=(0.25%)
547,2732,27321,六角一,2018-01-25,2019-01-25,發行滿二年,YTP(2)=(1.0%)
548,2732,27322,六角二,2021-02-20,2022-02-20,發行滿二年,YTP(2)=(0%)
549,2732,27323,六角三,2026-01-26,2027-01-26,發行滿二年,YTP(2)=(0.5%)
550,2734,27341,易飛網一,2017-05-26,2018-05-26,00:00:00,YTP(2)=(1%)
551,2748,27481,雲品一,2021-12-24,2023-12-24,發行滿三年,YTP(3)=(0%)
552,2755,27551,揚秦一,2028-01-15,,無,YTM(3)=(0%)
553,2756,27561,聯發國際一,2026-05-30,2027-05-30,發行滿二年,YTP(2)=(0.5%)
554,2812,28121,台中一,,,,
555,2838,28381,聯邦一    ,,,,
556,2841,28411,台開一,2018-08-18,,到期一次/還本,YTP(3)=(0.5%)
557,2847,28471,大眾一    ,,,,
558,2854,28541,寶來一    ,,,,
559,2855,28551,統證一,,,,
560,2856,28561,元富一,,,,
561,2885,28851,元金一,,,,
562,2887,28871,台新一,,,,
563,2888,28881,新金1A,,,,
564,2888,28882,新金1B,,,,YTP(3)=(0.5%)，無重設
565,2888,28883,新光金二,2015-04-23,2017-04-23,發行滿三年,
566,2888,28884,新光金三,2017-08-27,2019-08-27,發行滿三年,YTP(3)=(0%)
567,2888,28885,新光金四,2020-08-22,2022-08-22,發行滿三年,YTP(3)=(0.5%)
568,2888,28886,新光金五,2021-12-17,2023-12-17,發行滿三年,YTP(3)=(0.3%)
569,2888,28887,新光金六,2026-05-12,2028-05-12,發行滿三年,YTP(3)=(0.2%)
570,2903,29031,遠百一,,,,
571,2905,29051,三商一,2024-01-25,2026-01-25,發行滿三年,YTP(3)=(0.25%)
572,2906,29061,高林一,2025-09-20,2026-09-20,發行滿二年,YTP(2)=(1%)
573,2908,29081,特力二    ,,,,
574,2908,29082,特力二,,,,
575,2911,29111,麗嬰一,,,,
576,2913,29131,農林一,,,,
577,2913,29132,農林二,,,,
578,2915,29151,潤全一,,,,
579,2924,29241,東凌一,,,,YTP(2)=(0.5-1%) 
580,2924,29242,東凌二KY,2017-10-14,2018-10-14,發行滿二年,YTP(2)=(0.3%)
581,2924,29243,東凌三KY,2017-10-15,2018-10-15,發行滿二年,YTP(2)=(0.5%)
582,2937,29371,集雅社一,2022-09-04,2023-09-04,發行滿二年,YTP(2)=(0.25%)
583,3003,30031,健和興一,,,,
584,3003,30032,健和興二,,,,
585,3005,30051,神基一,,,,
586,3005,30052,神基二,,,,
587,3006,30061,晶豪科一,2026-10-27,,無,YTM(3)=(0%)
588,3010,30101,華立一,,,,
589,3010,30102,華立二,2017-08-01,,無,YTP(3)=(0.5%)
590,3010,30103,華立三,2024-08-24,,無,YTM(3)=(0.5%)
591,3011,30111,今皓一,,,,
592,3012,30121,廣輝一,,,,
593,3012,30122,廣輝二,,,,
594,3013,30131,晟銘電一,,,,
595,3013,30132,晟銘電二,,,,
596,3013,30133,晟銘電三,2026-11-16,,無,YTM(3)=(0%)
597,3013,30134,晟銘電四,2027-10-18,,無,YTM(3)=(0%)
598,3016,30161,嘉晶一,,,,
599,3016,30162,嘉晶二,,,,
600,3016,30163,嘉晶三,2022-10-31,,無,YTP(3)=(0%)
601,3016,30164,嘉晶四,2025-03-29,,無,YTM(3)=(0%)
602,3016,30165,嘉晶五,2027-07-26,,無,YTM(3)=(0%)
603,3017,30171,奇鋐一,,,,
604,3018,30181,同開一,2016-11-19,2017-11-19,發行滿二年,YTP(2)=(1%)
605,3018,30182,同開二,2016-11-20,2017-11-20,00:00:00,YTP(2)=(1.5%)
606,3018,30183,同開三,2019-07-14,2020-07-14,發行滿二年,YTP(2)=(1%)
607,3018,30184,隆銘綠能四,2023-09-16,2024-09-16,發行滿二年,YTP(2)=(0.5%)
608,3019,30191,亞光一,,,,
609,3019,30192,亞光二,,,,
610,3019,30193,亞光三,,,,YTP(3)=(0%)，無重設
611,3019,30194,亞光四,,,,YTP(3)=(0%)，無重設
612,3020,30201,奇普二,,,,
613,3021,30211,衛道一,,,,
614,3022,30221,威達一,,,,
615,3023,30232,信邦二,,,,
616,3023,30233,信邦三,,,,
617,3023,30234,信邦四,,,,YTP(2)=(0.5%)，無重設
618,3023,30235,信邦五,2016-06-23,2017-06-23,發行滿二年,YTP(2)=(1%)
619,3023,30236,信邦六,2019-06-08,2020-06-08,00:00:00,YTP(2)=(0.5%)
620,3023,30237,信邦七,2022-12-15,2023-12-15,發行滿二年,YTP(2)=(0.5%)
621,3023,30238,信邦八,2024-12-12,2025-12-12,發行滿二年,YTP(2)=(0.5%)
622,3024,30241,憶聲一,,,,
623,3025,30251,星通一,,,,
624,3026,30261,禾伸一,,,,
625,3026,30262,禾伸二,,,,
626,3026,30263,禾伸三,,,,
627,3027,30271,盛達一,,,,
628,3028,30281,增你強一,,,,
629,3028,30282,增你強二,,,,
630,3028,30283,增你強三,,,,
631,3028,30284,增你強四,2024-08-03,,無,YTM(3)=(0%)
632,3029,30291,零壹一,,,,
633,3029,30292,零壹二,2017-05-19,2019-05-19,發行滿三年,YTP(3)=(0%)
634,3033,30331,威健一,,,,
635,3033,30332,威健二,,,,
636,3033,30333,威健三,,,,
637,3033,30334,威健四,2018-08-22,2019-08-22,發行滿二年,YTP(2)=(1.1%)
638,3033,30335,威健五,2023-11-03,2024-11-03,發行滿三、四年,"YTP(3,4)=(0.5%)"
639,3033,30336,威健六,2025-06-01,2026-06-01,發行滿三、四年,YTP(3)=(0.5%)
640,3033,30337,威健七,2027-09-11,2028-09-11,發行滿三、四年,"YTP(3,4)=(0%)"
641,3034,30341,聯詠一,,,,
642,3034,30342,聯詠二,,,,
643,3036,30362,文曄二,,,,
644,3036,30363,文曄三,,,,
645,3036,30364,文曄四,,,,
646,3036,30365,文曄五,2019-07-07,,無,YTP(3)=(0%)
647,3036,30366,文曄六,2022-07-01,,無,YTP(3)=(0%)
648,3038,30381,全台一,,,,
649,3038,30382,全台二,,,,
650,3038,30383,全台三,,,,
651,3038,30384,全台四,,,,
652,3039,30391,宏傳一,,,,
653,3039,30392,宏傳二,,,,
654,3041,30411,揚智一,,,,
655,3042,30421,晶技一,,,,
656,3042,30422,晶技二,,,,
657,3042,30423,晶技三,,,,
658,3042,30424,晶技四,,,,YTP(3)=(0%) 
659,3042,30425,晶技五,2024-07-26,,無,YTM(3)=(0%)
660,3043,30431,科風一,,,,
661,3043,30432,科風二,,,,YTP(2)=(0%)，無重設
662,3045,30451,台灣一,,,,
663,3045,30452,台灣大二,,,,
664,3045,30453,台灣大三,2019-11-22,2021-11-22,發行滿三年,YTP(3)=(0%)
665,3045,30454,台灣大四,2028-02-24,2030-02-24,發行滿三年,YTP(3)=(0%)
666,3045,30455,台灣大五,2028-02-25,2030-02-25,發行滿三年,YTP(3)=(0%)
667,3047,30471,訊舟一,,,,
668,3047,30472,訊舟二,,,,
669,3047,30473,訊舟三,,,,
670,3047,30474,訊舟四,,,,
671,3047,30475,訊舟五,,,,YTP(3)=(0.5%)，無重設
672,3047,30476,訊舟六,2016-02-27,2018-02-27,00:00:00,YTP(3)=(0.25%)
673,3047,30477,訊舟七,2024-03-30,2026-03-30,00:00:00,
674,3047,30478,訊舟八,,,,
675,3048,30481,益登一,2017-07-11,,無,YTP(3)=(0.5%)
676,3050,30501,鈺德一,,,,
677,3051,30511,力特一,,,,
678,3051,30512,力特二,,,,
679,3054,30541,萬國一,,,,
680,3054,30542,萬國二,,,,YTP(2)=(1%) 
681,3054,30543,萬國三,2016-01-02,2017-01-02,發行滿二年,YTP(2)=(0.5%)
682,3055,30551,蔚科一,,,,
683,3056,30561,駿億一,,,,
684,3056,30562,總太二,2015-05-13,2016-05-13,發行滿二年,YTP(2)=(1%) 
685,3057,30571,喬鼎一,,,,
686,3058,30581,立德一,,,,
687,3059,30591,華晶一,,,,
688,3060,30601,銘異一,,,,
689,3060,30602,銘異二,,,,
690,3060,30603,銘異三,,,,YTP(2)=(0%)，無重設
691,3061,30611,璨圓一,,,,
692,3061,30612,璨圓二,,,,
693,3061,30613,璨圓三,,,,
694,3061,30614,璨圓四,2014-07-31,2015-07-31,00:00:00,"YTP(2,3)=(0.5%)，無重設"
695,3066,30661,李洲一,,,,
696,3068,30681,美磊一,,,,
697,3071,30711,協禧一,,,,
698,3073,30731,普格一,,,,
699,3073,30732,普格二,,,,
700,3073,30733,普格三,,,,YTP(2)=(1%)，無重設
701,3079,30791,宏億一,,,,
702,3085,30851,久大一,,,,
703,3086,30861,華義一,2016-12-23,2017-12-23,發行滿二年,YTP(2)=(0%)
704,3088,30881,艾訊一,2018-12-13,2019-12-13,發行滿二年、三年 ,YTP(2)=(1%)
705,3088,30882,艾訊二,2026-08-28,,無,YTM(3)=(0%)
706,3089,30891,展成一,,,,
707,3089,30892,展成二,,,,YTP(2)=(0.5%)
708,3090,30901,日電一,,,,
709,3092,30921,鴻碩一,2022-09-21,2023-09-21,發行滿二年,YTP(2)=(0.5%)
710,3092,30922,鴻碩二,2025-07-04,2026-07-04,發行滿二年,YTP(2)=(0.5%)
711,3095,30951,及成一,,,,
712,3095,30952,及成二 ,,,,
713,3095,30953,及成三,,,,
714,3095,30954,及成四,2027-02-25,2028-02-25,發行滿二年,YTP(2)=(0%)
715,3099,30991,頂倫一 ,,,,
716,3099,30992,頂倫二,,,,
717,3122,31221,笙泉一,2024-09-27,,無,YTM(3)=(0%)
718,3122,31222,笙泉二,2026-05-03,2027-05-03,發行滿二年,YTP(2)=(0.5%)
719,3126,31261,信億一,,,,
720,3128,31281,昇銳一,2016-03-04,2017-03-04,發行滿二年,YTP(2)=(1%)
721,3128,31282,昇銳二,2025-07-03,2026-07-03,發行滿二年,YTP(2)=(0.25%)
722,3138,31381,耀登一,2025-01-18,,無,YTM(3)=(0%)
723,3138,31382,耀登二,2028-01-10,,無,YTM(3)=(0%)
724,3141,31411,晶宏一,2022-11-25,2023-11-25,發行滿二年,YTP(2)=(0.25%)
725,3141,31412,晶宏二,2023-12-27,2024-12-27,發行滿二年,YTP(2)=(0%)
726,3141,31413,晶宏三,2026-05-20,2027-05-20,發行滿二年,YTP(2)=(0%)
727,3142,31421,遠茂一,,,,
728,3144,31441,新揚一,,,,
729,3144,31442,新揚二,,,,
730,3149,31491,正達一,2019-08-25,,無,YTP(5)=(0.5%)
731,3149,31492,正達二,2017-08-26,,無,YTP(3)=(0.3%)
732,3149,31493,正達三,2024-03-26,,無,YTM(3)=(0%)
733,3162,31621,精確一,,,,
734,3162,31622,精確二,,,,
735,3163,31631,波若威一,2015-07-08,2018-07-08,發行滿二年,YTP(2)=(0~1%)
736,3163,31632,波若威二,2022-10-08,2023-10-08,發行滿二年,YTP(2)=(0%)
737,3164,31641,景岳一,,,,
738,3164,31642,景岳二,,,,
739,3167,31671,大量一,2024-11-08,,無,YTM(3)=(0%)
740,3171,31711,新洲一,2017-10-31,,00:00:00,YTP(3)=(0%)
741,3171,31712,新洲二,2023-10-15,,無,YTM(3)=(0%)
742,3188,31881,鑫龍騰一,2022-11-25,,無,YTP(3)=(0%)
743,3202,32021,樺晟一,,,,
744,3202,32022,樺晟二,,,,YTP(2)=(0%)
745,3202,32023,樺晟三,2018-09-08,2019-09-08,發行滿二年,
746,3202,32024,樺晟四,2023-09-23,,無,YTM(3)=(0.3325%)
747,3205,32051,佰研一,2015-12-31,2016-12-31,發行滿二年,YTP(2)=(0%)
748,3205,32052,佰研二,2017-06-18,2018-06-18,發行滿二年,YTP(3)=(0%)
749,3207,32071,耀勝一,2026-03-25,2027-03-25,發行滿二年,YTP(2)=(1%)
750,3209,32091,全科一,,,,
751,3209,32092,全科二,,,,
752,3209,32093,全科三,2019-10-24,2020-10-24,發行滿二年,"YTP(2,3)=(0.75%)"
753,3209,32094,全科四,2024-07-21,2025-07-21,發行滿二年,YTP(2)=(0.75%)
754,3211,32111,順達一,,,,
755,3214,32141,元砷一,,,,
756,3217,32171,優群一,,,,
757,3218,32181,大學一,,,,
758,3224,32241,三顧一,,,,
759,3224,32242,三顧二,2016-07-24,2017-07-24,發行滿二年,YTP(2)=(1%)
760,3224,32243,三顧三,2022-01-09,,無,YTP(3)=(0%)
761,3229,32291,晟鈦一,,,,
762,3230,32301,錦明一,,,,
763,3230,32302,錦明二,,,,
764,3234,32341,光環一,2017-11-12,2018-11-12,發行滿二年,YTP(2)=(1%)
765,3234,32342,光環二,2017-11-13,2018-11-13,發行滿二年,YTP(2)=(0-1.25%)
766,3236,32361,千如一,,,,"YTP(2,3)=(1%)，無重設"
767,3252,32521,海灣一,,,,
768,3252,32522,海灣二,2015-11-04,2016-11-04,發行滿二年,YTP(2)=(1%)
769,3252,32523,海灣三,2016-05-29,2017-05-29,00:00:00,YTP(2)=(1.2%)
770,3257,32571,虹冠電一,2027-11-01,2028-11-01,發行滿三、四年,YTP(3)=(0.5%)
771,3260,32601,威剛一,,,,
772,3260,32602,威剛二,,,,
773,3260,32603,威剛三,,,,
774,3260,32604,威剛四,,,,
775,3260,32605,威剛五,,,,
776,3260,32606,威剛六,2022-05-08,2024-05-08,00:00:00,YTP(3)=(0.5%)
777,3260,32607,威剛七,2023-09-28,2025-09-28,發行滿三年,YTP(3)=(0.5%)
778,3264,32641,欣銓一,,,,
779,3268,32681,海德威一,2025-01-10,,無,YTM(3)=(0%)
780,3271,32711,其樂一,,,,
781,3271,32712,其樂二,,,,
782,3272,32721,東碩一,2017-03-05,2018-03-05,發行滿二年,YTP(2)=(0-0.5%)
783,3272,32722,東碩二,2021-02-12,,無,YTP(3)=(0.5%)
784,3272,32723,東碩三,2027-03-07,2029-03-07,發行滿三年,YTP(3)=(0.5%)
785,3284,32841,太普一,,,,
786,3284,32842,太普二,,,,YTP(2)=(0%)，無重設
787,3288,32881,點晶一,2017-07-28,,無,YTP(3)=(0%)
788,3289,32891,宜特一,,,,
789,3289,32892,宜特二,,,,
790,3289,32893,宜特三,2018-12-22,,無,YTP(3)=(0.25%)
791,3289,32894,宜特四,2019-12-05,,無,YTP(3)=(0%)
792,3289,32895,宜特五,2020-10-30,,00:00:00,YTP(3)=(0%)
793,3290,32901,東浦一,,,,YTP(3)=(0.5%) 
794,3290,32902,東浦二,,,,YTP(2)=(0.5%)
795,3290,32903,東浦三,2025-11-22,,無,YTM(3)=(0%)
796,3294,32941,英濟一,,,,
797,3294,32942,英濟二,,,,
798,3296,32961,勝德一,,,,
799,3299,32991,帛漢一,,,,
800,3299,32992,帛漢二,,,,
801,3299,32993,帛漢三,,,,
802,3299,32994,帛漢四,2017-09-18,2018-09-18,發行滿二年,YTP(2)=(1%)
803,3303,33031,岱稜一,,,,
804,3303,33032,岱稜二,,,,
805,3303,33033,岱稜三,,,,YTP(2)=(1.5%)，無重設
806,3303,33034,岱稜四,,,,YTP(2)=(1.5%)，無重設
807,3303,33035,岱稜五,2027-11-26,2029-11-26,發行滿三年,YTP(3)=(0.5%)
808,3305,33051,昇貿一,,,,
809,3305,33052,昇貿二,,,,
810,3305,33053,昇貿三,2022-12-18,2023-12-18,發行滿二年,YTP(2)=(0.25%)
811,3305,33054,昇貿四,2022-12-21,2023-12-21,發行滿二年,YTP(2)=(0.5%)
812,3305,33055,昇貿五,2025-12-25,2026-12-25,發行滿二年,YTP(2)=(0.5%)
813,3308,33081,聯德一,,,,
814,3308,33082,聯德二,,,,
815,3310,33101,佳穎一,2025-09-18,,無,YTM(5)=(0.15%)
816,3312,33121,弘憶股一,2027-06-25,,無,YTM(3)=(0%)
817,3313,33131,斐成一,,,,
818,3313,33132,斐成二,,,,YTP(2)=(0-1%)
819,3313,33133,斐成三,2027-11-29,,無,YTM(3)=(0%)
820,3322,33221,建舜一,,,,YTP(2)=(0.5%)，無重設
821,3322,33222,建舜電二,2018-03-25,2019-03-25,發行滿二年,0
822,3322,33223,建舜電三,2023-03-17,2024-03-17,發行滿二年,YTP(2)=(0.5%)
823,3322,33224,建舜電四,2024-09-06,2025-09-06,發行滿二年,YTP(2)=(0.5%)
824,3322,33225,建舜電五,2026-09-02,2027-09-02,發行滿二年,YTM(3)=(0%)
825,3323,33231,加百裕一,,,,
826,3323,33232,加百裕二,2014-07-22,2016-07-22,發行滿三年,
827,3323,33233,加百裕三,2026-06-02,,無,YTM(3)=(0.5%)
828,3324,33241,雙鴻一,,,,
829,3324,33242,雙鴻二,2018-05-17,2019-05-17,發行滿二年,YTP(2)=(0.5%)
830,3324,33243,雙鴻三,2022-05-29,2024-05-29,發行滿三年,YTP(3)=(0.75%)
831,3324,33244,雙鴻四,2023-11-12,2025-11-12,發行滿三年,YTP(3)=(0.5%)
832,3324,33245,雙鴻五,2027-07-31,2029-07-31,發行滿三年,YTP(3)=(0.5%)
833,3325,33251,旭品一,,,,
834,3325,33252,旭品二,2016-08-18,2017-08-18,發行滿二年,YTP(2)=(0.25%)
835,3325,33253,旭品三,2025-05-09,2026-05-09,發行滿二年,YTP(2)=(1.75%)
836,3338,33381,泰碩一,2018-01-29,,無,YTP(3)=(0%)
837,3338,33382,泰碩二,2022-08-20,,無,YTP(3)=(0.5%)
838,3339,33391,泰谷一,,,,
839,3339,33392,泰谷二,2017-05-09,,無,YTP(3)=(0%)
840,3339,33393,泰谷三,2017-05-09,,無,YTP(3)=(0%)
841,3339,33394,泰谷四,2024-09-02,,無,YTM(3)=(0%)
842,3346,33461,麗清一,2019-06-28,2020-06-28,發行滿二年,YTP(2)=(0%)
843,3346,33462,麗清二,2021-02-19,2022-02-19,發行滿二年,YTP(2)=(0%)
844,3346,33463,麗清三,2023-01-15,2024-01-15,發行滿二年,YTP(2)=(0%)
845,3346,33464,麗清四,2024-02-17,2025-02-17,發行滿二年,YTP(2)=(0%)
846,3346,33465,麗清五,2024-12-28,2025-12-28,發行滿二年,YTP(2)=(0.25%)
847,3346,33466,麗清六,2026-11-27,2027-11-27,發行滿二年,YTP(2)=(0.25%)
848,3356,33561,奇偶一,,,,
849,3357,33571,臺慶科一,2026-10-31,,無,YTM(3)=(0%)
850,3362,33621,先進光一,2027-07-16,2029-07-16,發行滿三年,YTP(3)=(0.25%)
851,3363,33631,上詮一,,,,YTP(2)=(1%) 
852,3363,33632,上詮二,2020-09-06,2021-09-06,發行滿二、三、四年,"YTP(2,3,4)=(0%)"
853,3376,33761,日興一,,,,
854,3376,33762,日興二,,,,
855,3376,33763,新日興三,2027-08-23,2029-08-23,發行滿三年,YTP(3)=(0.5%)
856,3380,33801,明泰一,,,,
857,3380,33802,明泰二,,,,YTP(3)=(0%)，無重設
858,3383,33831,新世紀一,,,,
859,3383,33832,新世紀二,,,,
860,3383,33833,新世紀三,,,,
861,3383,33834,新世紀四,,,,
862,3383,33835,新世紀五,2017-08-20,,無,YTP(3)=(0%)
863,3388,33881,崇越電一,2025-11-09,2027-11-09,發行滿三年,YTP(3)=(0%)
864,3390,33901,旭軟一,,,,YTP(3)=(0%)，無重設
865,3390,33902,旭軟二,2028-02-21,,無,YTM(3)=(0%)
866,3402,34021,漢科一,,,,
867,3413,34131,京鼎一,2021-01-23,,無,YTP(3)=(0%)
868,3413,34132,京鼎二,2023-11-16,2025-11-16,發行滿三年,YTP(3)=(0%)
869,3416,34161,融程一,,,,
870,3416,34162,融程電二,2023-03-22,2024-03-22,發行滿二年,YTP(2)=(0.25%)
871,3416,34163,融程電三,2026-01-25,2027-01-25,發行滿二年,YTP(2)=(0.25%)
872,3419,34191,譁裕一    ,,,,
873,3419,34192,譁裕二,,,,
874,3431,34311,長天一,,,,
875,3434,34341,哲固一,2027-02-27,2028-02-27,發行滿二年,YTP(2)=(0%)
876,3438,34381,類比一,,,,
877,3438,34382,類比二,2016-11-27,,到期,YTP(3)=(1%)
878,3452,34521,益通一,,,,
879,3452,34522,益通二,,,,
880,3452,34523,益通三,,,,
881,3454,34541,晶睿一,,,,
882,3465,34651,祥業一 ,,,,
883,3465,34652,祥業二,2016-02-27,2017-02-27,00:00:00,YTP(3)=(0.5%)
884,3465,34653,進泰電子三,2023-04-21,2024-04-21,發行滿二年,YTP(2)=(0.25%)
885,3465,34654,進泰電子四,2025-05-11,2026-05-11,發行滿二年,YTP(3)=(0.5%)
886,3479,34791,安勤一,,,,
887,3479,34792,安勤二,,,,
888,3479,34793,安勤三,2027-01-22,,無,YTM(3)=(0%)
889,3483,34831,力致一,,,,
890,3483,34832,力致二,2022-02-20,2023-02-20,00:00:00,YTP(2)=(0.5%)
891,3483,34833,力致三,2023-09-29,2024-09-29,發行滿二年,YTP(2)=(0.5%)
892,3483,34834,力致四,2027-05-22,,無,YTM(3)=(0%)
893,3484,34841,崧騰一,2017-10-23,,無,YTP(3)=(0%)
894,3484,34842,崧騰二,2024-02-05,,無,YTM(3)=(0%)
895,3484,34843,崧騰三,2026-04-24,2028-04-24,發行滿三年,YTP(3)=(0.25%)
896,3489,34891,森寶一,2023-12-14,,無,0
897,3490,34901,單井一,,,,YTP(2)=(1%) 
898,3491,34911,昇達科一,,,,
899,3491,34912,昇達科二,2027-08-28,2029-08-28,發行滿三年,YTP(3)=(0%)
900,3494,34941,誠研一,2013-06-20,2016-06-20,發行後屆滿二年,
901,3499,34991,環天一,,,,
902,3499,34992,環天二,,,,
903,3512,35121,皇龍一,2023-05-17,2024-05-17,發行滿二年,YTM(3)=(0%)
904,3514,35141,昱晶一,,,,"YTP(2,3)=(0%-1%)，無重設"
905,3514,35142,昱晶二,,,,"YTP(2,3)=(0.5%)"
906,3516,35161,亞帝歐一,2027-10-18,,無,YTM(3)=(0%)
907,3518,35181,柏騰一,2027-08-15,,無,YTM(3)=(0%)
908,3519,35191,綠能一,,,,
909,3521,35211,鴻翊一,2022-12-25,2023-12-25,發行滿二年,YTP(2)=(0%)
910,3522,35221,御嵿一,2025-12-18,2026-12-18,發行滿二年,YTP(2)=(0.5%)
911,3523,35231,迎輝一,,,,
912,3526,35261,凡甲一,,,,
913,3526,35262,凡甲二,2015-10-31,2016-10-31,00:00:00,YTP(2)=(0%)
914,3526,35263,凡甲三,2019-03-15,2020-03-15,發行滿兩年,YTP(2)=(0.25%)
915,3526,35264,凡甲四,2022-09-30,2023-09-30,發行滿三、四年,"YTP(3,4)=(0%)"
916,3526,35265,凡甲五,2025-02-14,2026-02-14,發行滿三、四年,"YTP(3,4)=(0%)"
917,3526,35266,凡甲六,2027-01-29,2028-01-29,發行滿三、四年,"YTP(3,4)=(0%)"
918,3527,35271,聚積一,2020-11-02,2021-11-02,發行滿三/年、/四年,"YTP(3,4)=(0%)"
919,3533,35331,嘉澤一,2024-08-19,,無,YTM(3)=(0%)
920,3533,35332,嘉澤二,2026-03-09,,無,YTM(3)=(0%)
921,3535,35351,晶科一,,,,
922,3535,35352,晶彩科二,2017-09-09,,無,YTP(3)=(1%)
923,3536,35361,誠創一,,,,
924,3536,35363,誠創三,2019-09-15,2020-09-15,發行滿二年,"YTP(2,3)=(0%)"
925,3545,35451,敦泰一,2016-06-17,2018-06-17,發行滿三年,YTP(3)=(0-1%) 
926,3548,35481,兆利一,2025-04-28,,無,YTM(3)=(0%)
927,3548,35482,兆利二,2027-01-08,,無,YTM(3)=(0%)
928,3548,35483,兆利三,2028-02-25,2030-02-25,發行滿三年,YTP(3)=(0%)
929,3551,35511,世禾一,,,,
930,3551,35512,世禾二,,,,
931,3552,35521,同致一,,,,
932,3552,35522,同致二,,,,
933,3552,35523,同致三,,,,YTP(3)=(0-1%) 
934,3557,35571,嘉威一,2017-02-26,,00:00:00,YTP(3)=(1%)
935,3564,35641,其陽一,2017-10-30,2018-10-30,發行滿二年,YTP(2)=(1.0%)
936,3564,35642,其陽二,2027-09-03,,無,YTM(3)=(0%)
937,3576,35761,新日光一,2016-10-01,,無,YTP(3)=(0%)
938,3576,35762,新日光二,2016-10-01,,無,YTP(3)=(0%)
939,3576,35763,聯合再生三,2024-10-25,,無,YTM(3)=(0%)
940,3579,35791,尚志一,,,,
941,3580,35801,友威科一,2017-06-09,2018-06-09,00:00:00,YTP(2)=(1%)
942,3580,35802,友威科二,2023-05-13,2024-05-13,發行滿二年,YTP(2)=(0.5%)
943,3583,35831,辛耘一,2026-06-07,2027-06-07,發行滿二年,YTP(2)=(0%)
944,3583,35832,辛耘二,2026-06-19,2027-06-19,發行滿二年,YTP(2)=(0%)
945,3584,35841,介面一,,,,
946,3587,35871,閎康一,2026-06-20,,無,YTM(3)=(0%)
947,3591,35911,艾笛一,,,,"YTP(2,3)=(1.5%)，無重設"
948,3591,35912,艾笛二,,,,"YTP(2,3)=(1.25%)"
949,3591,35913,艾笛森三,2024-01-25,,無,YTM(3)=(0%)
950,3591,35914,艾笛森四,2027-11-22,,無,YTM(3)=(0%)
951,3594,35941,磐儀一,2016-11-11,2019-11-11,發行滿二年,YTP(2)=(0.5%)
952,3594,35942,磐儀二,2019-09-06,2020-09-06,發行滿二年,YTP(2)=(0.5%)
953,3594,35943,磐儀三,2023-01-20,,無,YTP(3)=(0%)
954,3596,35961,智易一,2022-06-06,,無,YTP(3)=(0%)
955,3597,35971,映興一,2023-06-22,2024-06-22,發行滿二年,YTP(2)=(0.5%)
956,3598,35981,奕力一,,,,
957,3605,36051,宏致一,,,,
958,3605,36052,宏致二,2024-11-22,,無,YTM(3)=(0%)
959,3605,36053,宏致三,2027-08-06,,無,YTM(3)=(0.5%)
960,3607,36071,谷崧一,,,,"YTP(2,3)=(0.5%—1.25%) "
961,3607,36072,谷崧二,2017-06-29,2018-06-29,發行滿二、三年,"YTP(2,3)=(0.5%)"
962,3609,36091,東林一,2016-10-03,2017-10-03,發行滿二年,YTP(2)=(1%)
963,3611,36111,鼎翰一,2018-12-31,,00:00:00,YTP(3)=(0%)
964,3617,36171,碩天一,2023-01-15,,無,YTP(3)=(0.5%)
965,3617,36172,碩天二,2026-06-16,2027-06-16,發行滿三、四年,"YTP(3,4)=(0.5%)"
966,3617,36173,碩天三,2028-06-16,,無,YTM(3)=(0%)
967,3625,36251,西勝一,2017-02-10,2018-02-10,發行滿二年,YTP(2)=(1%)
968,3625,36252,西勝二,2020-05-29,2021-05-29,發行滿二、三、四年,"YTP(2,3,4)=(0.5%)"
969,3625,36253,西勝三,2024-01-12,2025-01-12,發行滿三、四年,"YTP(3,4)=(0%)"
970,3629,36291,卓韋一,,,,
971,3631,36311,晟楠一,2014-12-08,2015-12-08,發行滿三/年、/四年,"YTP(3,4)=(1.25%)，無重設"
972,3631,36312,晟楠二,,,,YTP(2)=(1.25%)，無重設
973,3631,36313,晟楠三,2023-03-12,2024-03-12,發行滿二年,YTP(2)=(0.5%)
974,3632,36321,研勤一,,,,"YTP(2,3)=(0.5%)，無重設"
975,3632,36322,研勤二,2018-12-22,2019-12-22,發行滿二年,YTP(2)=(1%)
976,3645,36451,達邁一,2024-06-21,2025-06-21,發行滿二年,YTP(2)=(0%)
977,3653,36531,健策一,,,,
978,3653,36532,健策二,2021-05-31,2023-05-31,發行滿三年,YTP(3)=(0%)
979,3653,36533,健策三,2023-10-30,2025-10-30,發行滿三年,YTP(3)=(0%)
980,3662,36621,樂陞一,,,,YTP(2)=(1%)，無重設
981,3662,36622,樂陞二,,,,YTP(2)=(1.5%)，無重設
982,3662,36623,樂陞三,,,,YTP(2)=(1.5%)
983,3662,36624,樂陞四,2019-03-01,,無,YTP(3)=(0%)
984,3662,36625,樂陞五,2019-03-01,,無,YTP(3)=(0.5%)
985,3662,36626,樂陞六,2018-03-02,2019-03-02,發行滿二年,"YTP(2,3)=(1.5%)"
986,3663,36631,鑫科一,2015-09-16,2016-09-16,發行滿二年,YTP(2)=(0.95%)
987,3663,36632,鑫科二,2015-09-17,2016-09-17,00:00:00,"YTP(2,3,4)=(1.25%)"
988,3663,36633,鑫科三,2025-03-21,2026-03-21,發行滿二年,YTP(2)=(0.25%)
989,3665,36651,貿聯一,,,,YTP(2)=(1%)，無重設
990,3665,36652,貿聯二KY,2017-07-30,,無,YTP(3)=(0%)
991,3680,36801,家登一,2016-06-04,,無,YTP(3)=(0.5%) 
992,3680,36802,家登二,2022-11-21,,無,YTP(3)=(0%)
993,3680,36803,家登三,2024-07-07,2025-07-07,發行滿二年,YTP(2)=(0%)
994,3680,36804,家登四,2025-10-18,2026-10-18,發行滿二年,YTP(2)=(0%)
995,3687,36871,歐買尬一,2025-05-06,,無,YTM(3)=(0%)
996,3689,36891,湧德一,,,,YTP(2)=(1.489%)
997,3689,36892,湧德二,2020-02-05,2021-02-05,發行滿二年,YTP(2)=(0%)
998,3689,36893,湧德三,2022-12-11,2023-12-11,發行滿二年,0
999,3689,36894,湧德四,2026-03-05,2027-03-05,發行滿二年,YTP(2)=(0%)
1000,3691,36911,碩禾一,2017-07-25,2019-07-25,發行滿三年,YTP(3)=(1%)
1001,3691,36912,碩禾二,2021-01-25,2023-01-25,發行滿三年,YTP(3)=(1.25%)
1002,3691,36913,碩禾三,2027-08-30,,無,YTM(3)=(0%)
1003,3693,36931,營邦一,2017-07-07,2018-07-07,發行滿二/、三/ 年,"YTP(2,3)=(0.5%)"
1004,3698,36981,隆達一,2014-08-16,2017-08-16,發行滿二年,"YTP(2,3)=(0%-1%)，無重設"
1005,3698,36982,隆達二,2017-01-09,2019-01-09,發行滿三年,YTP(3)=(0.5%)
1006,3701,37011,大眾控一,2023-09-10,2024-09-10,發行滿二年,YTP(2)=(0.5%)
1007,3701,37012,大眾控二,2025-05-31,2026-05-31,發行滿二年,YTP(2)=(1%)
1008,3702,37021,大聯大一,2017-07-25,,無,YTP(3)=(0%)
1009,3702,37022,大聯大二,2027-11-11,,無,YTM(3)=(0%)
1010,3702,37023,大聯大三,2027-11-21,,無,YTM(3)=(0%)
1011,3706,37063,神達三,,,,
1012,3707,37071,漢磊一,2019-02-26,,00:00:00,YTP(3)=(0%)
1013,3707,37072,漢磊二,2021-11-26,,無,YTP(3)=(0%)
1014,3707,37073,漢磊三,2024-06-22,,無,YTM(3)=(0%)
1015,3707,37074,漢磊四,2025-04-07,,無,YTM(3)=(0%)
1016,3708,37081,上緯投控一,,,,
1017,3708,37082,上緯投控二,2017-07-02,2018-07-02,發行滿二、三、四年,
1018,3708,37083,上緯投控三,2024-09-27,2026-09-27,發行滿三年,YTP(3)=(0%)
1019,3708,37084,上緯投控四,2024-09-28,2026-09-28,發行滿三年,YTP(3)=(0.25%)
1020,3710,37101,連展投控一,2021-07-31,2022-07-31,00:00:00,YTP(2)=(1%)
1021,3713,37131,新晶投控一,2024-03-10,2026-03-10,發行滿三年,YTP(3)=(0.5%)
1022,4103,41031,百略一,,,,
1023,4104,41041,東貿一,,,,
1024,4104,41042,佳醫二,,,,
1025,4104,41043,佳醫三,,,,
1026,4104,41044,佳醫四,,,,
1027,4104,41045,佳醫五,2018-09-07,,無,YTP(3)=(0%)
1028,4105,41051,東洋 一,,,,
1029,4105,41052,東洋二,,,,
1030,4106,41061,雃博一,2019-10-19,,無,YTP(3)=(0.5%)
1031,4107,41071,邦拓一,,,,
1032,4107,41072,邦特二,,,,YTP(3)=(0-0.5%)
1033,4109,41091,加捷生醫一,,,,
1034,4109,41092,加捷生醫二,,,,
1035,4109,41093,加捷生醫三,2018-02-11,2019-02-11,發行滿三、四年,"YTP(3,4)=(1%)"
1036,4111,41111,濟生一,,,,
1037,4113,41131,聯上一,,,,
1038,4113,41132,聯上二,,,,YTP(3)=(1.25%)
1039,4113,41133,聯上三,,,,"YTP(2,3)=(1.25%)"
1040,4113,41134,聯上四,2016-08-19,2017-08-19,發行滿二、三年,"YTP(2,3)=(1.25%)"
1041,4114,41141,健喬一,,,,
1042,4114,41142,健喬二,,,,
1043,4114,41143,健喬三,,,,
1044,4114,41144,健喬四,,,,
1045,4114,41145,健喬五,2017-11-07,2018-11-07,發行滿三、四年,"YTP(3,4)=(1%)"
1046,4119,41191,旭富一,2016-08-09,,無,YTP(3)=(0%)
1047,4120,41201,友華一,,,,
1048,4120,41202,友華二,,,,
1049,4121,41211,優盛一,,,,
1050,4121,41212,優盛二,2022-10-23,2023-10-23,發行滿二年,YTP(2)=(0%)
1051,4123,41231,晟德一,,,,
1052,4123,41232,晟德二,,,,
1053,4123,41233,晟德三,2017-07-13,2018-07-13,發行滿二、三年,"YTP(2,3)=(1.25%)"
1054,4123,41234,晟德四,2023-09-07,2025-09-07,發行滿三年,YTP(3)=(0.25%)
1055,4123,41235,晟德五,2023-09-08,2025-09-08,發行滿三年,YTP(3)=(0.75%)
1056,4123,41236,晟德六,2028-04-26,,無,YTM(5)=(0%)
1057,4123,41237,晟德七,2026-04-27,2028-04-27,發行滿三年,YTP(3)=(1%)
1058,4126,41261,太醫一,,,,
1059,4126,41262,太醫二,,,,
1060,4128,41281,中天一,,,,
1061,4129,41291,聯骨一,,,,YTP(2)=(0.5-1%) 
1062,4129,41292,聯合二,2020-08-11,,無,YTP(3)=(0.5%)
1063,4129,41293,聯合三,2022-09-10,2023-09-10,發行滿三、四年,"YTP(3,4)=(0%)"
1064,4129,41294,聯合四,2025-05-30,2026-05-30,發行滿二年,YTP(2)=(0.5%)
1065,4130,41301,健亞一,2017-12-26,,無,YTP(3)=(0%)
1066,4131,41311,晶宇一,,,,
1067,4137,41371,麗豐一KY,2017-11-13,2018-11-13,發行滿二年,YTP(2)=(0-1.5%)
1068,4137,41372,麗豐二KY,2026-08-12,2027-08-12,發行滿二年,YTP(2)=(0.25%)
1069,4138,41381,曜亞一,,,,YTP(3)=(0%)，無重設
1070,4138,41382,曜亞二,2018-01-29,,無,YTP(3)=(0%)
1071,4141,41411,龍燈一KY,2015-05-15,2018-05-15,發行滿二年,YTP(2)=(1.5%) 
1072,4141,41412,龍燈二KY,2019-11-11,2021-11-11,發行滿三年,YTP(3)=(1%)
1073,4141,41413,龍燈三KY,2018-11-14,2019-11-14,發行滿二年,YTP(2)=(1.8%)
1074,4141,41414,龍燈四KY,2022-12-06,2024-12-06,發行滿三年,YTP(3)=(1%)
1075,4141,41415,龍燈五KY,2021-12-09,2022-12-09,發行滿二年,YTP(2)=(1.8%)
1076,4142,41421,國光生一,2021-10-20,,無,YTP(5)=(0.75%)
1077,4142,41422,國光生二,2021-10-20,,無,YTP(5)=(0.75%)
1078,4148,41481,全宇生技一KY,2024-09-21,2025-09-21,發行滿二年,YTP(2)=(1%)
1079,4153,41531,鈺緯一,2015-12-26,2016-12-26,發行滿二年,YTP(2)=(1%)
1080,4153,41532,鈺緯二,2017-04-22,2018-04-22,發行滿二年,YTP(2)=(1%)
1081,4155,41551,訊映一,2021-07-23,2022-07-23,00:00:00,YTP(2)=(0.5%)
1082,4155,41552,訊映二,2023-06-04,2024-06-04,發行滿二年,YTP(2)=(0.49875%)
1083,4155,41553,訊映三,2024-09-28,2025-09-28,發行滿兩年,YTP(2)=(0.5%)
1084,4161,41611,聿新科一,2016-01-17,2017-01-17,發行後滿/二年,"YTP(2,3)=(0.5,0%)"
1085,4163,41631,鐿鈦一,2016-08-20,2018-08-20,發行滿二、四年,"YTP(2,4)=(0%)"
1086,4164,41641,承業醫一,,,,YTP(2)=(1%)
1087,4164,41642,承業醫二,2017-11-10,2018-11-10,發行滿二年,YTP(2)=(1%)
1088,4164,41643,承業醫三,2020-11-02,,無,YTP(3)=(0%)
1089,4164,41644,承業醫四,2025-08-04,,無,YTM(5)=(0.5%)
1090,4164,41645,承業醫五,2028-06-20,2030-06-20,發行滿三年,YTP(3)=(0.25%)
1091,4167,41671,展旺一,2020-06-14,,無,YTP(3)=(0.5%)
1092,4167,41672,松瑞藥二,2023-05-25,,無,YTP(3)=(0.25%)
1093,4168,41681,醣聯一,,,,YTP(2)=(0%)
1094,4168,41682,醣聯二,2022-02-18,2023-02-18,發行滿二年,YTP(2)=(0%)
1095,4168,41683,醣聯三,2024-06-27,2025-06-27,發行滿二年,YTP(2)=(0%)
1096,4171,41711,瑞基一,2018-08-05,2019-08-05,發行滿二年,YTP(2)=(0.5%)
1097,4171,41712,瑞基二,2023-07-12,2024-07-12,發行滿二年,YTP(2)=(1%)
1098,4175,41751,杏一一,2019-02-23,2020-02-23,發行滿兩年,YTP(2)=(0.5%)
1099,4175,41752,杏一二,2023-03-02,2025-03-02,發行滿三年,YTP(3)=(0.25%)
1100,4190,41901,佐登一KY,2020-12-28,2021-12-28,發行滿二年,YTP(2)=(0.5%)
1101,4190,41902,佐登二KY,2023-11-22,2024-11-22,發行滿二年,YTP(2)=(0.5%)
1102,4190,41903,佐登三KY,2026-07-11,2027-07-11,發行滿二年,YTP(2)=(0.5%)
1103,4207,42071,環泰一,,,,
1104,4207,42072,環泰二,,,,YTP(2)=(1%)，無重設
1105,4303,43031,信立一,2024-05-27,2025-05-27,發行滿二年,YTP(2)=(1%)
1106,4306,43061,炎洲一,,,,
1107,4306,43062,炎洲二,,,,
1108,4306,43063,炎洲三,,,,
1109,4306,43064,炎洲四,,,,
1110,4306,43065,炎洲五,,,,
1111,4306,43066,炎洲六,,,,
1112,4306,43067,炎洲七,2016-03-13,2018-03-13,發行滿三年,YTP(3)=(0-1%) 無重設
1113,4306,43068,炎洲八,2022-06-14,2024-06-14,發行滿三年,"YTP(3,5)=(0.25%)"
1114,4306,43069,炎洲九,2022-06-14,2024-06-14,發行滿三年,"YTP(3,5)=(0.25%)"
1115,4402,44021,福大一,,,,YTP(2)=(1%) 
1116,4414,44141,如興一,,,,
1117,4414,44142,如興二,,,,
1118,4414,44143,如興三,,,,YTP(2)=(0%)，無重設
1119,4414,44144,如興四,2018-01-23,,無,YTP(3)=(0.5%)
1120,4416,44161,三圓一,2016-10-18,2017-10-18,發行滿三、四年,"YTP(3,4)=(0.25%)"
1121,4416,44162,三圓二,2022-09-18,,無,YTP(5)=(0.75%)
1122,4416,44163,三圓三,2025-09-30,2026-09-30,發行滿三、四年,"YTP(3,4)=(0.5%)"
1123,4430,44301,耀億一,,,,YTP(2)=(0%)，無重設
1124,4433,44331,興采一,2022-01-17,2023-01-17,發行滿三、四年,"YTP(3,4)=(0%)"
1125,4433,44332,興采二,2022-10-22,2023-10-22,發行滿二年,YTP(2)=(0%)
1126,4438,44381,廣越一,2022-10-29,,無,YTP(3)=(0%)
1127,4438,44382,廣越二,2025-10-03,,無,YTM(3)=(0%)
1128,4439,44391,冠星一KY,2028-03-03,,無,YTM(3)=(0%)
1129,4510,45101,高鋒一,,,,
1130,4510,45102,高鋒二,2027-02-26,2028-02-26,發行滿二年,YTP(2)=(0.25%)
1131,4523,45231,永彰一,2015-01-25,2016-01-25,發行滿二年、發行滿三年,"YTP(2,3)=(0%) "
1132,4526,45261,東台一,,,,
1133,4527,45271,方霖一,,,,
1134,4527,45272,方霖二,,,,
1135,4532,45321,瑞智一    ,,,,
1136,4532,45322,瑞智二,2018-07-09,,無,YTP(3)=(0%)
1137,4533,45331,協易一,,,,
1138,4534,45341,三林一,,,,
1139,4534,45342,慶騰二,,,,YTP(2)=(0.5%-1.51%)
1140,4534,45343,慶騰三,2018-04-22,2019-04-22,發行滿二年,YTP(2)=(1%)
1141,4538,45381,大詠城一,2024-10-03,2025-10-03,發行滿二年,YTP(2)=(0.5%)
1142,4540,45401,全球傳動一,2025-10-24,,無,YTM(3)=(0%)
1143,4540,45402,全球傳動二,2025-12-12,,無,YTM(3)=(0%)
1144,4541,45411,晟田一,2016-12-26,2017-12-26,發行滿二年,YTP(2)=(0.5%)
1145,4541,45412,晟田二,2016-12-27,2017-12-27,00:00:00,YTP(2)=(0.75%)
1146,4541,45413,晟田三,2019-11-01,,無,YTP(3)=(1%)
1147,4541,45414,晟田四,2019-11-02,2021-11-02,發行滿三年,YTP(3)=(1.25%)
1148,4542,45421,科嶠一,2026-09-06,2027-09-06,發行滿二年,YTP(2)=(0.125%)
1149,4549,45491,桓達一,2027-11-07,,無,YTM(3)=(0%)
1150,4550,45501,長佳一,2018-03-14,2019-03-14,發行滿二年,YTP(2)=(1.0%)
1151,4551,45511,智伸科一,2021-02-05,,無,YTP(3)=(0.25%)
1152,4555,45551,氣立一,2020-06-06,2021-06-06,發行滿兩年,YTP(2)=(0.25%)
1153,4555,45552,氣立二,2023-04-28,,無,YTP(3)=(0%)
1154,4555,45553,氣立三,2025-09-05,,無,YTM(3)=(0%)
1155,4556,45561,旭然一,2023-12-22,,無,YTM(3)=(0%)
1156,4556,45562,旭然二,2023-12-23,,無,YTM(3)=(0%)
1157,4560,45601,強信一KY,2020-02-05,2021-02-05,發行滿二年,YTP(2)=(0.5%)
1158,4563,45631,百德一,2021-10-09,2022-10-09,發行滿二年,YTP(2)=(0.5%)
1159,4564,45641,元翎一,2026-09-26,,無,YTM(3)=(0.5%)
1160,4566,45661,時碩工業一,2022-08-27,2023-08-27,發行滿三、四年,"YTP(3,5)=(0.5%)"
1161,4566,45662,時碩工業二,2025-01-03,,無,YTM(3)=(0%)
1162,4566,45663,時碩工業三,2026-11-27,,無,YTM(3)=(0%)
1163,4569,45691,六方科一KY,2028-01-15,,無,YTM(3)=(0%)
1164,4572,45721,駐龍一,2026-07-16,2027-07-16,發行滿二年,YTP(2)=(0%)
1165,4580,45801,捷流閥業一,2025-04-26,,無,YTM(3)=(0%)
1166,4588,45881,玖鼎電力一,,,,
1167,4703,47031,揚華一,,,,YTP(2)=(1%)
1168,4714,47141,永捷一,,,,YTP(2)=(1.25%)，無重設
1169,4714,47142,永捷二,,,,YTP(2)=(1.5%)，無重設
1170,4714,47143,永捷三,2016-12-05,2017-12-05,發行滿二年,YTP(2)=(1%)
1171,4714,47144,永捷四,2016-12-08,2017-12-08,發行滿二年,YTP(2)=(1.25%)
1172,4714,47145,永捷五,2020-07-09,2021-07-09,發行滿二年,YTP(2)=(0.5%)
1173,4714,47146,永捷六,2024-10-15,2026-10-15,發行滿三年,YTP(3)=(0%)
1174,4714,47147,永捷七,2023-11-05,2024-11-05,發行滿二年,YTP(2)=(2%)
1175,4716,47161,大立一    ,,,,
1176,4716,47162,大立二,2022-03-05,,無,YTP(3)=(0%)
1177,4720,47201,德淵一,2019-11-14,,無,YTP(3)=(0%)
1178,4720,47202,德淵二,2024-10-23,,無,YTP(5)=(0%)
1179,4720,47203,德淵三,2022-10-24,,無,YTP(3)=(0%)
1180,4721,47211,美琪一,,,,
1181,4722,47221,國精一,,,,
1182,4722,47222,國精二,,,,
1183,4729,47291,熒茂一,,,,
1184,4733,47331,上緯一,2015-08-23,2016-08-23,發行滿二、三、四年,"YTP(2,3)=(1%)"
1185,4733,47332,上緯二,2017-07-02,2018-07-02,發行滿二、三、四年,"YTP(2,3,4)=(1%)"
1186,4735,47351,豪展一,,,,YTP(2)=(1%)
1187,4735,47352,豪展二,2020-03-14,2021-03-14,發行滿二年,YTP(2)=(0.5%)
1188,4736,47361,泰博一,,,,YTP(2)=(1%)
1189,4736,47362,泰博二,2018-03-16,2020-03-16,發行滿三年,YTP(3)=(1%)
1190,4736,47363,泰博三,2022-08-21,2024-08-21,發行滿三年,"YTP(3,5)=(0.5%)"
1191,4737,47371,華廣一,,,,YTP(2)=(0%)，無重設
1192,4739,47391,康普一,2015-08-29,2017-08-29,發行滿三年,
1193,4739,47392,康普二,2018-06-24,2020-06-24,發行滿三年,YTP(3)=(1.25%)
1194,4739,47393,康普三,2024-10-28,2026-10-28,發行滿三年,YTP(3)=(0%)
1195,4744,47441,皇將一,2021-10-17,2022-10-17,發行滿二年,YTP(2)=(0.5%)
1196,4744,47442,皇將二,2025-12-07,,無,YTM(3)=(0%)
1197,4745,47451,合富一KY,2016-02-26,2017-02-26,00:00:00,YTP(2)=(0%)
1198,4746,47461,台耀一,,,,YTP(3)=(0-0.5%)，無重設
1199,4746,47462,台耀二,2017-07-31,,無,YTP(3)=(0.5%)
1200,4746,47463,台耀三,2021-07-20,,無,YTP(3)=(0%)
1201,4747,47471,強生一,2026-06-12,,無,YTM(3)=(0%)
1202,4760,47601,勤凱一,2022-08-25,2023-08-25,發行滿二年,YTP(2)=(0.25%)
1203,4763,47631,材料一KY,2020-06-09,2021-06-09,發行滿三、四年,"YTP(3,4)=(0.5%)"
1204,4763,47632,材料二KY,2023-09-25,2024-09-25,發行滿三、四年,"YTP(3,4)=(0.25%)"
1205,4763,47633,材料三KY,2025-05-11,2026-05-11,發行滿三、四年,YTP(3)=(0.25%)
1206,4764,47641,雙鍵一,2020-08-15,2021-08-15,發行滿兩年,YTP(2)=(1%)
1207,4803,48031,VHQ一KY,2018-09-23,2019-09-23,發行滿二年,YTP(2)=(1%)
1208,4803,48032,VHQ二KY,2022-10-14,,無,YTP(3)=(1%)
1209,4804,48041,大略一KY,2019-06-26,2020-06-26,發行滿二年,YTP(2)=(0.5%)
1210,4806,48061,昇華一,2019-05-03,2020-05-03,發行滿兩年,YTP(2)=(1%)
1211,4806,48062,昇華二,2019-05-04,2020-05-04,發行滿兩年,YTP(2)=(1.1%)
1212,4807,48071,日成一KY,2022-12-02,2023-12-02,發行滿二年,YTP(2)=(0.5%)
1213,4903,49031,聯光一,,,,
1214,4906,49061,正文一    ,,,,
1215,4906,49062,正文二,,,,
1216,4906,49063,正文三,2014-07-25,2015-07-25,發行滿三年及四年之前三十日,"YTP(3,4)=(0%)，無重設"
1217,4906,49064,正文四,2018-03-15,2019-03-15,發行滿二年,YTP(2)=(0.75%)
1218,4906,49065,正文五,2021-03-15,2022-03-15,發行滿二年,YTP(2)=(0.25%)
1219,4906,49066,正文六,2025-06-02,2026-06-02,發行滿二年,YTP(2)=(0.5%)
1220,4909,49091,復興一,,,,
1221,4909,49092,復興二,,,,
1222,4909,49093,復興三,,,,
1223,4909,49094,復興四,,,,
1224,4910,49101,陽慶一,,,,
1225,4912,49121,聯控一,,,,YTP(2)=(1%)
1226,4912,49122,聯德控股二KY,2020-07-30,2021-07-30,00:00:00,YTP(2)=(0%)
1227,4912,49123,聯德控股三KY,2023-08-04,,00:00:00,YTM(3)=(0%)
1228,4912,49124,聯德控股四KY,2023-10-26,2024-10-26,發行滿二年,YTP(2)=(0.25%)
1229,4916,49161,事欣科一,2016-10-22,2017-10-22,發行滿二、三年,"YTP(2,3)=(1%)"
1230,4916,49162,事欣科二,2022-12-13,2023-12-13,發行滿三、四年,"YTP(3,4)=(1%)"
1231,4916,49163,事欣科三,2025-03-10,2026-03-10,發行滿三、四年,"YTP(3,4)=(1%)"
1232,4916,49164,事欣科四,2026-05-31,2027-05-31,發行滿三、四年,"YTP(3,4)=(1%)"
1233,4919,49191,新唐一,2025-05-20,2027-05-20,發行滿五年,"YTP(5,7)=(1.25%)"
1234,4924,49241,欣厚一,,,,YTP(2)=(1%)，無重設
1235,4927,49271,泰鼎一,,,,
1236,4927,49272,泰鼎二KY,2016-07-21,2019-07-21,發行滿 /二年,YTP(2)=(0.5%)
1237,4927,49273,泰鼎三KY,2020-05-07,2021-05-07,00:00:00,YTP(2)=(0.5%)
1238,4933,49331,友輝一,2016-01-31,2018-01-31,發行滿三年,YTP(3)=(0-0.5%) 
1239,4939,49391,亞電一,,,,YTP(2)=(1%)，無重設
1240,4939,49392,亞電二,2016-04-25,2017-04-25,00:00:00,YTP(2)=(1%)
1241,4943,49431,康控一KY,2021-04-02,2022-04-02,發行滿二年,YTP(2)=(0%)
1242,4944,49441,兆遠一,2015-03-09,2017-03-09,發行後屆滿三年,YTP(3)=(0.5%)，無重設
1243,4956,49561,光鋐一,2016-06-24,2017-06-24,發行滿二年及滿三年,"YTP(2,3)=(0.5%)"
1244,4967,49671,十銓一,2023-02-17,,00:00:00,YTP(3)=(0%)
1245,4967,49672,十銓二,2023-10-07,,無,YTM(3)=(0%)
1246,4967,49673,十銓三,2027-01-26,,無,YTM(3)=(0%)
1247,4968,49681,立積一,2024-07-29,2025-07-29,發行滿二年,YTP(2)=(0%)
1248,4971,49711,英特一,,,,YTP(2)=(1%)
1249,4971,49712,IET二KY,2025-11-20,2026-11-20,發行滿二年,
1250,4974,49741,亞泰一,,,,YTP(2)=(0%)，無重設
1251,4974,49742,亞泰二,2017-04-25,,00:00:00,YTP(3)=(0%)
1252,4977,49771,眾達一KY,2019-06-28,2020-06-28,00:00:00,YTP(2)=(0.5%)
1253,4979,49791,華星光一,2017-12-22,2018-12-22,發行滿二年,YTP(2)=(0.5%)
1254,4979,49792,華星光二,2020-03-12,2021-03-12,發行滿二年,YTP(2)=(0.5%)
1255,4979,49793,華星光三,2026-12-09,2027-12-09,發行滿二年,YTP(2)=(0.5%)
1256,4979,49794,華星光四,2026-12-25,2027-12-25,發行滿二年,YTP(2)=(0%)
1257,4991,49911,環宇一KY,2017-05-13,2018-05-13,發行滿二年,YTP(2)=(1.25%)
1258,4991,49912,環宇二KY,2017-05-14,2018-05-14,發行滿二年,YTP(2)=(1.5%)
1259,4995,49951,晶達一,2018-01-04,2019-01-04,發行滿兩年,YTP(2)=(1.0%)
1260,5009,50091,榮剛一,,,,
1261,5009,50092,榮剛二,,,,
1262,5009,50093,榮剛三,,,,
1263,5009,50094,榮剛四,,,,
1264,5009,50095,榮剛五,,,,
1265,5009,50096,榮剛六,2025-08-15,,無,YTM(3)=(0.5%)
1266,5009,50097,榮剛七,2026-07-31,,無,YTM(3)=(0.5%)
1267,5011,50111,久陽一,,,,
1268,5011,50112,久陽二,2022-06-17,,無,YTP(3)=(0.5%)
1269,5011,50113,久陽三,2021-06-18,2022-06-18,發行滿二年,YTP(2)=(0.75%)
1270,5011,50114,久陽四,2025-09-30,,無,YTM(3)=(0.75%)
1271,5014,50141,建錩一,,,,
1272,5015,50151,華祺一,,,,
1273,5203,52031,訊連一,,,,
1274,5204,52041,得捷一,,,,
1275,5207,52071,飛雅一,,,,
1276,5209,52091,新鼎一,2026-10-06,,無,YTM(3)=(0%)
1277,5211,52111,蒙恬一,,,,
1278,5212,52121,凌網一,2027-10-15,2029-10-15,發行滿三年,YTP(3)=(0.5%)
1279,5213,52131,捷鴻一,,,,
1280,5213,52132,亞昕二,,,,
1281,5213,52133,亞昕三,2015-06-20,2016-06-20,發行滿二年,YTP(2)=(0.725%) 
1282,5213,52134,亞昕四,2015-06-21,2016-06-21,發行滿二年,YTP(2)=(1.25%) 
1283,5213,52135,亞昕五,2017-04-07,,無,YTP(3)=(1%)
1284,5213,52136,亞昕六,2018-11-20,,無,YTP(3)=(1.15%)
1285,5213,52137,亞昕七,2025-02-24,,00:00:00,YTP(5)=(0.15%)
1286,5215,52151,科嘉一KY,2017-06-09,2018-06-09,發行滿二年,YTP(2)=(0.5%)
1287,5223,52231,安力一KY,2023-10-30,,無,YTM(3)=(0%)
1288,5225,52251,東科一KY,2024-11-28,2025-11-28,發行滿二年,YTP(2)=(0%)
1289,5230,52301,雷笛克光學一,2015-08-01,2016-08-01,發行滿二年,YTP(2)=(1%)
1290,5230,52302,雷笛克光學二,2017-10-27,2018-10-27,發行滿二年,YTP(2)=(1%)
1291,5230,52303,雷笛克光學三,2026-07-24,,無,YTM(3)=(0%)
1292,5244,52441,弘凱一,2027-09-25,2029-09-25,發行滿三年,YTP(3)=(0.2%)
1293,5245,52451,智晶一,2024-08-25,2025-08-25,發行滿二年,YTP(2)=(0.5%)
1294,5245,52452,智晶二,2026-12-18,2027-12-18,發行滿二年,YTP(2)=(0.25%)
1295,5255,52551,美桀一,2020-03-02,,無,YTP(3)=(0.5%)
1296,5259,52591,清惠一,2018-06-16,,無,
1297,5263,52631,智崴一,,,,YTP(2)=(1.25%) 
1298,5263,52632,智崴二,,,,"YTP(2,3,4,5)=(1.5%) "
1299,5263,52633,智崴三,2023-04-12,2025-10-12,發行滿二年六個月 ,YTP(2.5)=(0.5%)
1300,5263,52634,智崴四,2022-10-15,2024-10-15,發行滿二年,YTP(2)=(0.375%)
1301,5263,52635,智崴五,2026-03-04,2027-03-04,發行滿二年,YTP(2)=(0.1%)
1302,5281,52811,大峽谷一KY,2020-09-18,2021-09-18,發行滿二年,YTP(2)=(1%)
1303,5284,52841,jpp一KY,2017-10-23,2018-10-23,發行滿二年,YTP(2)=(1%)
1304,5284,52842,jpp二KY,2022-11-28,,無,YTP(3)=(0%)
1305,5284,52843,jpp三KY,2027-11-04,,無,YTM(3)=(0%)
1306,5285,52851,界霖一,2017-09-09,2019-09-09,發行滿三年,YTP(3)=(0.5%)
1307,5285,52852,界霖二,2021-10-17,2023-10-17,發行滿三年,YTP(3)=(0.5%)
1308,5288,52881,豐祥一KY,2025-06-08,,無,YTM(3)=(0%)
1309,5289,52891,宜鼎一,2017-10-15,2018-10-15,發行滿二年,YTP(2)=(1%)
1310,5291,52911,邑昇一,2022-08-12,,00:00:00,YTP(3)=(0-0.5%)
1311,5306,53061,訊康一,,,,
1312,5306,53063,桂盟三,2023-10-30,,無,YTM(3)=(0%)
1313,5306,53064,桂盟四,2026-11-08,,無,YTM(3)=(0%)
1314,5309,53091,系統電一,,,,
1315,5309,53092,系統電二,,,,YTP(2)=(1%)，無重設
1316,5309,53093,系統電三,2017-01-12,2018-01-12,發行滿二年,YTP(2)=(1%)
1317,5309,53094,系統電四,2022-10-20,2023-10-20,發行滿二年,YTP(2)=(0.25%)
1318,5309,53095,系統電五,2025-08-08,2026-08-08,發行滿二年,YTP(2)=(0.25%)
1319,5310,53101,天剛一,,,,
1320,5315,53151,光聯一,,,,
1321,5315,53152,光聯二,,,,
1322,5315,53153,光聯三,,,,
1323,5321,53211,美而快一,2026-03-04,2027-03-04,發行滿二年,YTP(2)=(0.5%)
1324,5328,53281,華容一,,,,
1325,5328,53282,華容二,,,,
1326,5345,53451,天揚一,,,,
1327,5346,53461,力晶一,,,,
1328,5346,53462,力晶二,,,,
1329,5349,53491,旭展一,,,,
1330,5351,53511,鈺創一,,,,
1331,5351,53512,鈺創二,,,,
1332,5351,53513,鈺創三,2025-05-24,2027-05-24,發行滿三年,YTP(3)=(0.25%)
1333,5355,53551,佳總一,,,,
1334,5355,53552,佳總二,,,,
1335,5355,53553,佳總三,,,,YTP(3)=(0.5%)，無重設
1336,5371,53711,中光一,,,,
1337,5381,53811,合正一,,,,
1338,5381,53812,合正二,,,,
1339,5381,53813,合正三,,,,
1340,5386,53861,青雲一,,,,
1341,5388,53882,中磊二,,,,
1342,5388,53883,中磊三,,,,
1343,5388,53884,中磊四,2014-08-30,2016-08-30,發行滿三年,YTP(3)=(0%)，無重設
1344,5388,53885,中磊五,2015-08-31,2017-08-31,00:00:00,
1345,5388,53886,中磊六,2025-05-17,2027-05-17,發行滿三年,YTP(3)=(0%)
1346,5388,53887,中磊七,2026-12-06,2028-12-06,發行滿三年,YTP(3)=(0%)
1347,5392,53921,應華一,,,,
1348,5392,53922,應華二,,,,
1349,5392,53923,應華三,,,,YTP(2)=(0-1%) 
1350,5392,53924,應華四,2018-10-28,2020-10-28,00:00:00,
1351,5403,54031,中菲一    ,,,,
1352,5425,54252,台半二,,,,
1353,5425,54253,台半三,,,,
1354,5425,54254,台半四,,,,
1355,5425,54255,台半五,2020-03-02,2021-03-02,發行滿二年,YTP(2)=(0.5%)
1356,5426,54261,振發一    ,,,,
1357,5434,54341,崇越一,,,00:00:00,
1358,5434,54342,崇越二,2026-06-29,,無,YTM(3)=(0%)
1359,5442,54421,世峰一,,,,
1360,5442,54422,世峰二,,,,
1361,5450,54501,南良一,2026-03-21,2028-03-21,發行滿三年,YTP(3)=(0.25%)
1362,5452,54521,佶優一,,,,YTP(2)=(0%)，無重設
1363,5455,54551,訊利一,,,,
1364,5455,54552,訊利二,,,,
1365,5457,54571,宣德一,,,,
1366,5457,54572,宣德二,2023-03-10,2024-03-10,發行滿二年,YTP(2)=(0%)
1367,5457,54573,宣德三,2027-03-06,,無,YTM(3)=(0%)
1368,5464,54641,霖宏一,,,,
1369,5466,54661,泰林一,,,,
1370,5466,54662,泰林二,,,,
1371,5469,54691,博德一,,,,
1372,5473,54731,矽成一,,,,
1373,5475,54751,德宏一,,,,
1374,5475,54752,德宏二,,,,
1375,5475,54753,德宏三,,,,
1376,5475,54754,德宏四,2016-06-01,,無,YTP(4)=(1.25%)，無重設
1377,5475,54755,德宏五,2015-06-01,2017-06-01,發行滿三年,YTP(3)=(0.75%)，無重設
1378,5475,54756,德宏六,,,,YTP(3)=(0.75%)，無重設
1379,5475,54757,德宏七,2017-02-24,,00:00:00,YTP(3)=(0)
1380,5475,54758,德宏八,2018-02-04,,無,YTP(3)=(1.25%)
1381,5475,54759,德宏九,2018-08-27,,無,YTP(3)=(0%)
1382,5478,54781,智冠一,,,,
1383,5490,54901,同亨ㄧ,,,,
1384,5491,54911,連展一,,,,
1385,5491,54912,連展二,,,,
1386,5491,54913,連展三,2015-12-26,2016-12-26,發行滿二年,YTP(2)=(0%)
1387,5493,54931,三聯一,,,,
1388,5498,54981,凱威一,,,,
1389,5498,54982,凱崴二,,,,YTP(3)=(0%)，無重設
1390,5498,54983,凱崴三,2023-05-10,2024-05-10,發行滿二年,YTP(2)=(0.25%)
1391,5505,55051,和旺一,,,,
1392,5505,55052,和旺二,,,,
1393,5512,55121,力麒一,,,,
1394,5512,55122,力麒二,,,,
1395,5512,55123,力麒三,,,,
1396,5512,55124,力麒四,,,,
1397,5519,55191,隆大一,2017-09-16,2018-09-16,發行滿二年,YTP(2)=(1%)
1398,5519,55192,隆大二,2017-09-17,2018-09-17,發行滿二年,YTP(2)=(1.75%)
1399,5519,55193,隆大三,2020-09-18,2022-09-18,發行滿三年,YTP(3)=(0.5%)
1400,5519,55194,隆大四,2020-09-19,2022-09-19,發行滿三年,YTP(3)=(0.2%)
1401,5522,55221,遠雄一,,,,
1402,5522,55222,遠雄二,,,,
1403,5522,55223,遠雄三,,,,
1404,5522,55224,遠雄四,,,,
1405,5522,55225,遠雄五,,,,YTP(3)=(0.5%)，無重設
1406,5522,55226,遠雄六,2014-03-09,2015-03-09,發行滿二年及滿三年,"YTP(2,3)=(1%)，無重設"
1407,5523,55231,宏都一,,,,
1408,5529,55291,志嘉一,2018-01-23,,無,YTP(3)=(0%)
1409,5534,55341,長虹一,,,,
1410,5534,55342,長虹二,,,,
1411,5534,55343,長虹三,2014-06-14,2016-06-14,發行滿三年,
1412,5536,55361,聖暉一,2022-11-27,2023-11-27,發行滿二年,YTP(2)=(0%)
1413,5538,55381,東明一KY,2021-08-23,,無,YTP(3)=(0.75%)
1414,5543,55431,桓鼎一KY,2023-07-12,2024-07-12,發行滿二年,YTP(2)=(0.5%)
1415,5543,55432,桓鼎二KY,2023-07-13,2024-07-13,發行滿二年,YTP(2)=(1%)
1416,5543,55433,桓鼎三KY,2024-12-14,2025-12-14,發行滿二年,YTP(2)=(2%)
1417,5543,55434,桓鼎四KY,2026-02-21,,無,YTM(3)=(2.5%)
1418,5546,55461,永固一KY,2023-12-16,,無,YTM(3)=(0%)
1419,5603,56031,陸海一,,,,
1420,5608,56081,四維一,,,,
1421,5608,56082,四維航二,,,,
1422,5608,56083,四維航三,,,,
1423,5608,56084,四維航四,2018-02-11,,無,YTP(3)=(0.068%)
1424,5608,56085,四維航五,2017-02-12,2018-02-12,發行滿二年,"YTP(2,3)=(1%)"
1425,5608,56086,四維航六,2026-06-21,,無,YTM(3)=(0%)
1426,5608,56087,四維航七,2027-12-17,,無,YTM(3)=(0%)
1427,5820,58201,日盛一,,,,
1428,5871,58711,中租一KY,2024-12-16,,無,YTM(3)=(0%)
1429,5904,59041,寶雅一,,,,
1430,5905,59051,南仁1A,,,,
1431,5905,59052,南仁1B,,,,
1432,5905,59053,南仁湖二 ,,,,"YTP(3,4)=(1%)，無重設"
1433,5905,59054,南仁湖三,2014-09-19,2015-09-19,發行滿三/年、/四年,
1434,5905,59055,南仁湖四,2024-05-18,2025-05-18,發行滿三、四年,YTP(3)=(0.5%)
1435,6004,60042,元京證二,,,,
1436,6015,60151,宏遠證一,2024-06-11,2026-06-11,發行滿三年,YTP(3)=(0%)
1437,6015,60152,宏遠證二,2027-01-05,2028-01-05,發行滿三、四年,"YTP(3,4)=(0.5%)"
1438,6016,60161,康和一,,,,
1439,6022,60221,大眾證一,,,,
1440,6104,61041,創惟一,2025-08-26,2027-08-26,發行滿三年,YTP(3)=(0.25%)
1441,6105,61051,瑞傳一,,,,
1442,6105,61052,瑞傳二,,,,
1443,6105,61053,瑞傳三,2016-10-08,2017-10-08,發行滿二年,YTP(2)=(1.2%)
1444,6107,61071,華美一,2018-05-12,,無,YTP(3)=(0%)
1445,6108,61081,競國一,,,,
1446,6108,61082,競國二,,,,
1447,6108,61083,競國三,,,,
1448,6110,61101,艾群一,,,,
1449,6110,61102,艾群二,,,,
1450,6111,61111,大資資一,,,,
1451,6111,61112,大宇資二,2026-09-10,2027-09-10,發行滿二年,YTP(2)=(0.25%)
1452,6112,61121,聚碩一,,,,
1453,6114,61141,翔昇一,,,,
1454,6115,61151,鎰勝一,,,,
1455,6115,61152,鎰勝二,,,,
1456,6115,61153,鎰勝三,2015-06-22,2017-06-22,發行滿三年,YTP(3)=(0.5%)，無重設
1457,6117,61171,迎廣一,2026-05-27,2027-05-27,發行滿二年,YTP(2)=(0.5%)
1458,6118,61181,建達一,,,,
1459,6118,61182,建達二,,,,
1460,6119,61191,大傳一,,,,
1461,6119,61192,大傳二,,,,
1462,6120,61201,輔祥一,,,,
1463,6120,61202,輔祥二,,,,
1464,6120,61203,輔祥三,,,,
1465,6120,61204,輔祥四,,,,
1466,6121,61211,新普一,,,,
1467,6122,61221,擎邦一,,,,
1468,6122,61222,擎邦二,,,,
1469,6123,61231,上奇一,,,,
1470,6123,61232,上奇二,,,,
1471,6125,61251,廣運一,,,,
1472,6125,61252,廣運二,,,,
1473,6125,61253,廣運三,,,,
1474,6125,61254,廣運四,,,,
1475,6125,61255,廣運五,2026-06-21,2027-06-21,發行滿二年,YTP(2)=(0.5%)
1476,6126,61261,信音一,,,,
1477,6126,61262,信音二,2018-03-24,2019-03-24,發行滿二年,YTP(2)=(0.5%)
1478,6126,61263,信音三,2025-11-30,2026-11-30,發行滿二年,YTP(2)=(0.75%)
1479,6127,61271,九豪一,,,,
1480,6127,61272,九豪二,,,,
1481,6127,61273,九豪三,,,,
1482,6127,61274,九豪四,2017-06-10,2018-06-10,發行滿二年,YTP(2)=(1%)
1483,6129,61291,普誠一,,,,
1484,6131,61311,悠克一,,,,
1485,6131,61312,悠克二,2016-07-03,2017-07-03,發行滿二年,YTP(2)=(0%)
1486,6132,61321,銳普一,,,,
1487,6133,61331,金橋一,,,,
1488,6133,61332,金橋二,,,,
1489,6134,61341,萬旭一,2017-02-17,,無,YTP(3)=(0%)
1490,6134,61342,萬旭二,2025-06-14,,無,YTM(3)=(0%)
1491,6135,61351,佳營一,,,,
1492,6136,61361,富爾一,,,,
1493,6136,61362,富爾二,,,,
1494,6138,61381,茂達一,,,,
1495,6139,61391,亞翔一,,,,
1496,6139,61392,亞翔二,,,,YTP(2)=(0.5%)，無重設
1497,6139,61393,亞翔三,2017-08-20,2018-08-20,發行滿二年,YTP(2)=(0.5%)
1498,6139,61394,亞翔四,2026-01-25,2027-01-25,發行滿二年,YTP(2)=(0%)
1499,6141,61411,柏承一,,,,
1500,6141,61412,柏承二,,,,
1501,6142,61421,友勁一,,,,
1502,6145,61451,勁永一,,,,
1503,6146,61461,耕興一,,,,
1504,6146,61462,耕興二,2017-10-07,,無,YTP(3)=(0%)
1505,6147,61471,頎邦一,,,,
1506,6147,61472,頎邦二,,,,
1507,6150,61501,撼訊一,,,,
1508,6150,61502,撼訊二,,,,
1509,6150,61503,撼訊三,,,,
1510,6150,61504,撼訊四,2022-04-29,2023-04-29,發行滿二年,YTP(2)=(0.5%)
1511,6150,61505,撼訊五,2024-08-04,,無,YTM(3)=(0.5%)
1512,6150,61506,撼訊六,2027-03-07,,無,YTM(3)=(0%)
1513,6152,61521,百一一,,,,
1514,6152,61522,百一二,,,,
1515,6153,61531,嘉聯一,,,,
1516,6153,61532,嘉聯益二,,,,
1517,6153,61533,嘉聯益三,,,,"YTP(2,3)=(0%)，無重設"
1518,6153,61534,嘉聯益四,2017-10-16,,無,YTP(3)=(0%)
1519,6155,61551,鈞寶一,,,,
1520,6155,61552,鈞寶二,,,,
1521,6156,61561,科橋一,,,,
1522,6156,61562,松上二,2019-06-16,2020-06-16,發行滿二年,YTP(2)=(0.5%)
1523,6156,61563,松上三,2019-06-19,2020-06-19,發行滿二年,YTP(2)=(0.75%)
1524,6156,61564,松上四,2024-01-12,2025-01-12,發行滿二年,YTP(2)=(0%)
1525,6158,61581,禾昌一,,,,
1526,6159,61591,詮鼎一,,,,
1527,6159,61592,詮鼎二,,,,
1528,6159,61593,詮鼎三,,,,
1529,6161,61611,捷波一,,,,
1530,6161,61612,捷波二,,,,
1531,6161,61613,捷波三,,,,YTP(2)=(0%)，無重設
1532,6162,61621,鴻源一,,,,
1533,6163,61632,華電網二,,,,
1534,6163,61633,華電網三,,,,YTP(2)=(0%)，無重設
1535,6163,61634,華電網四,2023-05-25,2024-05-25,發行滿二年,YTP(2)=(0.25%)
1536,6164,61641,華興一,,,,
1537,6164,61642,華興二,,,,
1538,6166,61661,凌華一,,,,
1539,6167,61671,久正一,,,,
1540,6168,61681,宏齊一,,,,
1541,6168,61682,宏齊二,,,,
1542,6168,61683,宏齊三,,,,
1543,6168,61684,宏齊四,2017-07-29,,無,YTP(3)=(0%)
1544,6170,61701,統振一,,,,
1545,6170,61702,統振二,,,,
1546,6170,61703,統振三,,,,YTP(3)=(0.7472%) 
1547,6172,61721,互億一,,,,
1548,6173,61731,信昌一,,,,
1549,6173,61732,互億二,,,,
1550,6174,61741,安碁一,,,,
1551,6174,61742,安碁二,,,,
1552,6175,61751,立敦一,,,,
1553,6175,61752,立敦二,,,,
1554,6175,61753,立敦三,2021-03-04,2022-03-04,發行滿二年,YTP(2)=(0%)
1555,6175,61754,立敦四,2023-07-15,2024-07-15,發行滿二年,YTP(2)=(0%)
1556,6176,61761,瑞儀一,2017-01-24,2019-01-24,發行滿三年,YTP(3)=(0%)
1557,6177,61771,十全一,,,,
1558,6177,61772,達麗二,,,,
1559,6177,61773,達麗三,,,,
1560,6177,61774,達麗四,2015-08-23,2016-08-23,發行滿三年、發行滿四年,
1561,6177,61775,達麗五,2018-09-07,2020-09-07,發行滿三年,"YTP(3,5)=(1.25%)"
1562,6177,61776,達麗六,2018-09-08,2020-09-08,發行滿三年,"YTP(3,5)=(1.2%)"
1563,6177,61777,達麗七,2027-06-25,2028-06-25,發行滿二年,YTP(2)=(1%)
1564,6178,61781,振遠一,,,,
1565,6178,61782,振遠二,,,,
1566,6179,61791,亞通一,2023-07-21,,無,YTP(3)=(0.5%)
1567,6179,61792,亞通二,2024-06-22,,無,YTM(3)=(0.5%)
1568,6179,61793,亞通三,2025-07-25,2026-07-25,發行滿二年,YTP(2)=(0.5%)
1569,6179,61794,亞通四,2026-08-28,2027-08-28,發行滿二年,YTM(3)=(0.5%)
1570,6180,61801,橘子一,2017-07-15,2018-07-15,發行滿二年,YTP(2)=(0.5%)
1571,6181,61811,宇銓一,,,,
1572,6182,61821,合晶一,,,,
1573,6182,61822,合晶二,,,,
1574,6182,61823,合晶三,,,,
1575,6182,61824,合晶四,,,,
1576,6182,61825,合晶五,2017-04-15,2018-04-15,發行滿二年,YTP(2)=(0.5%)
1577,6182,61826,合晶六,2019-03-30,2020-03-30,發行滿兩年,
1578,6182,61827,合晶七,2026-07-27,,無,YTM(5)=(0.4%)
1579,6182,61828,合晶八,2027-09-27,2029-09-27,發行滿三年,YTP(3)=(0%)
1580,6184,61841,大豐電一,2016-05-17,,發行滿三年,YTP(3)=(1.9%) 
1581,6184,61842,大豐電二,2019-01-19,,無,YTP(3)=(1.5%)
1582,6184,61843,大豐電三,2027-03-06,,無,YTM(3)=(0.5%)
1583,6185,61851,幃翔一,,,,
1584,6186,61861,晶磊一,,,,
1585,6186,61862,晶磊二,,,,
1586,6187,61871,萬潤一,,,,
1587,6187,61872,萬潤二,,,,
1588,6187,61873,萬潤三,,,,
1589,6187,61874,萬潤四,2025-02-22,,無,YTM(3)=(0%)
1590,6187,61875,萬潤五,2027-07-10,,無,YTM(3)=(0%)
1591,6189,61891,豐藝一,,,,
1592,6189,61892,豐藝二,,,,
1593,6189,61893,豐藝三,2023-06-08,,無,YTP(3)=(0%)
1594,6189,61894,豐藝四,2026-11-10,2027-11-10,發行滿三、四年,"YTP(3,4)=(0.25%)"
1595,6190,61901,萬泰科一,,,,
1596,6190,61902,萬泰科二,,,,
1597,6190,61903,萬泰科三,,,,
1598,6190,61904,萬泰科四,2017-07-15,,無,YTP(3)=(0%)
1599,6190,61905,萬泰科五,,,,YTM(3)=(0%)
1600,6190,61906,萬泰科六,2025-10-31,,無,YTM(3)=(0%)
1601,6191,61911,精成一,,,,
1602,6193,61931,洪氏一,,,,
1603,6194,61941,育富一,,,,
1604,6195,61952,詩肯二,2019-12-15,2020-12-15,發行滿三年、四年 ,YTP(3)=(0%)
1605,6196,61961,帆宣一,,,,
1606,6196,61962,帆宣二,,,,
1607,6196,61963,帆宣三,2019-08-22,,無,YTP(3)=(0%)
1608,6196,61964,帆宣四,2023-12-15,,無,YTM(3)=(0%)
1609,6196,61965,帆宣五,2026-06-27,,無,YTM(3)=(0%)
1610,6197,61971,佳必琪一,,,,
1611,6197,61972,佳必琪二,,,,
1612,6197,61973,佳必琪三,2027-10-15,,無,YTM(3)=(0%)
1613,6198,61981,凌泰一,,,,
1614,6199,61991,精威一,,,,
1615,6199,61992,精威二,,,,
1616,6203,62031,海韻電一,2024-09-09,,無,YTM(3)=(0%)
1617,6205,62051,詮欣一,,,,
1618,6205,62052,詮欣二,,,,
1619,6205,62053,詮欣三,2023-11-04,,無,YTM(3)=(0.25%)
1620,6206,62061,飛捷一,,,,
1621,6206,62062,飛捷二,,,,
1622,6207,62071,雷科一,,,,
1623,6207,62072,雷科二,,,,
1624,6207,62073,雷科三,,,,
1625,6207,62074,雷科四,,,,
1626,6208,62081,日揚一,,,,
1627,6208,62082,日揚二,,,,
1628,6208,62083,日揚三,2023-05-29,,無,YTP(3)=(0%)
1629,6209,62091,今國光一,,,,
1630,6209,62092,今國光二,2024-08-13,,無,YTM(3)=(0%)
1631,6213,62131,聯茂一,,,,
1632,6213,62132,聯茂二,,,,
1633,6213,62133,聯茂三,,,,
1634,6213,62134,聯茂四,,,,
1635,6213,62135,聯茂五,,,,
1636,6215,62151,和椿一,,,,
1637,6215,62152,和椿二,,,,
1638,6216,62161,居易一,,,,
1639,6217,62171,中探針一,,,,
1640,6217,62172,中探針二,,,,
1641,6217,62173,中探針三,,,,
1642,6217,62174,中探針四,2024-08-27,2025-08-27,發行滿三、四年,"YTP(3,4)=(0.25%)"
1643,6219,62191,富旺一,2015-10-14,2016-10-14,發行滿二年,YTP(2)=(1.5%)
1644,6219,62192,富旺二,,,,YTP(2)=(1.75%)
1645,6219,62193,富旺三,2016-05-12,2017-05-12,發行滿二年,YTP(2)=(1.75%)
1646,6220,62201,岳豐一,,,,
1647,6220,62202,岳豐二,,,,
1648,6220,62203,岳豐三,,,,
1649,6220,62204,岳豐四,,,,
1650,6220,62205,岳豐五,,,,
1651,6220,62206,岳豐六,2015-07-10,2016-07-10,以發行後滿二年,YTP(2)=(0.5~1%)
1652,6220,62207,岳豐七,2015-11-15,2016-11-15,發行滿二年,YTP(2)=(1%)
1653,6220,62208,岳豐八,2020-06-19,,無,YTP(3)=(0%)
1654,6220,62209,岳豐九,2023-02-18,,無,YTP(3)=(0%)
1655,6221,62211,晉泰一,,,,
1656,6222,62221,上揚一,,,,
1657,6223,62231,旺矽一,,,,
1658,6223,62232,旺矽二,,,,
1659,6223,62233,旺矽三,2016-11-18,2017-11-18,發行滿二年,YTP(2)=(0%)
1660,6223,62234,旺矽四,2021-08-15,2022-08-15,發行滿三、四年,"YTP(3,4)=(0%)"
1661,6223,62235,旺矽五,2028-01-08,2030-01-08,發行滿三年,YTP(3)=(0%)
1662,6224,62241,聚鼎一,2024-01-18,,無,YTM(3)=(0%)
1663,6225,62251,天瀚一,,,,
1664,6226,62261,光鼎一,,,,
1665,6226,62262,光鼎二,,,,
1666,6226,62263,光鼎三,,,,
1667,6226,62264,光鼎四,2017-11-28,,無,YTP(3)=(0%)
1668,6227,62271,茂綸一,,,,
1669,6228,62281,全譜一,,,,
1670,6230,62301,超眾一,,,,
1671,6232,62321,仕欽一,,,,
1672,6233,62331,旺玖一,,,,
1673,6233,62332,旺玖二,,,,
1674,6234,62341,高僑一,,,,
1675,6234,62342,高僑二,,,,
1676,6237,62371,驊訊一,,,,
1677,6238,62381,巨圖一,,,,
1678,6238,62382,勝麗二,,,,YTP(2)=(1.8%)
1679,6238,62383,勝麗三,2017-08-27,2018-08-27,發行滿二年,YTP(2)=(1.35%)
1680,6238,62384,勝麗四,2017-08-28,2018-08-28,發行滿二年,YTP(2)=(1.5%)
1681,6242,62421,聯豪一,,,,
1682,6243,62431,迅杰一,,,,
1683,6243,62432,迅杰二,,,,
1684,6243,62433,迅杰三,2027-06-25,,無,YTM(3)=(0%)
1685,6244,62441,茂迪一,,,,
1686,6245,62451,立端一,,,,
1687,6245,62452,立端二,2015-10-21,2016-10-21,發行滿二、三年,"YTP(2,3)=(0-1%)"
1688,6248,62481,沛波一,,,,
1689,6248,62482,沛波二,2022-11-08,,無,YTP(3)=(0%)
1690,6248,62483,沛波三,2021-11-11,2022-11-11,發行滿二年,YTP(2)=(0.75%)
1691,6248,62484,沛波四,2024-10-26,2025-10-26,發行滿二年,YTP(2)=(0.75%)
1692,6251,62511,定穎一,,,,
1693,6251,62512,定穎二,2024-05-13,,00:00:00,YTM(3)=(0.25%)
1694,6255,62551,奈普一,,,,
1695,6257,62571,矽格一,,,,
1696,6257,62572,矽格二,2020-04-24,,無,YTP(3)=(0%)
1697,6257,62573,矽格三,2022-10-15,,無,YTP(3)=(0%)
1698,6257,62574,矽格四,2024-10-13,,無,YTM(3)=(0%)
1699,6259,62591,百徽一,,,,
1700,6259,62592,百徽二,,,,YTP(2)=(0%)
1701,6261,62611,久元一,,,,
1702,6261,62612,久元二,,,,
1703,6261,62613,久元三,,,,YTP(3)=(1%)，無重設
1704,6264,62641,富裔一,2016-03-25,2017-03-25,發行滿二年,YTP(2)=(0.5%)
1705,6265,62651,方昶一,,,,
1706,6265,62652,方昶二    ,,,,
1707,6266,62661,泰詠一,,,,
1708,6266,62662,泰詠二,,,,
1709,6269,62691,台郡一,,,,
1710,6269,62692,台郡二,,,,
1711,6269,62693,台郡三,2017-08-21,,無,YTP(3)=(1.5%)
1712,6269,62694,台郡四,2018-12-12,,到期還本,YTP(2.75)=(0.5%)
1713,6269,62695,台郡五,2027-08-02,,無,YTM(3)=(0%)
1714,6269,62696,台郡六,2027-08-02,,無,YTM(3)=(0%)
1715,6270,62701,倍微一,,,,
1716,6271,62711,同欣電一,2017-04-24,,無,YTP(3)=(0%)
1717,6274,62741,台燿一,,,,
1718,6274,62742,台燿二,2021-05-25,2023-05-25,發行滿三年,YTP(3)=(0%)
1719,6274,62743,台燿三,2023-05-22,2025-05-22,發行滿三年,YTP(3)=(0%)
1720,6274,62744,台燿四,2027-05-06,2029-05-06,發行滿三年,YTP(3)=(0%)
1721,6275,62751,元山一,,,,
1722,6275,62752,元山二,,,,
1723,6275,62753,元山三,,,,
1724,6275,62754,元山四,2015-07-18,2016-07-18,發行滿二年,"YTP(2,3)=(1.25%)"
1725,6275,62755,元山五,2019-03-30,2021-03-30,發行滿三年,"YTP(3,5)=(1.25%)"
1726,6275,62756,元山六,2024-09-30,2026-09-30,發行滿三年,YTP(3)=(0.25%)
1727,6276,62761,名鐘一,,,,
1728,6279,62791,胡連一,2026-06-14,2028-06-14,發行滿三年,YTP(3)=(0%)
1729,6282,62821,康舒一,2025-02-23,2027-02-23,發行滿三年,YTM(3)=(0%)
1730,6282,62822,康舒二,2026-06-13,2028-06-13,發行滿三年,YTP(3)=(0%)
1731,6283,62831,淳安一,,,,
1732,6283,62832,淳安二,2023-11-22,2024-11-22,發行滿二年,YTP(2)=(0%)
1733,6284,62841,佳邦一,,,,
1734,6284,62842,佳邦二,2015-11-25,2016-11-25,發行滿二年,YTP(2)=(0.5%)
1735,6284,62843,佳邦三,2025-12-14,2026-12-14,發行滿二年,YTP(2)=(0%)
1736,6285,62851,啟碁一,,,,
1737,6285,62852,啟碁二,2019-01-05,,無,YTP(3)=(0%)
1738,6285,62853,啟碁三,2025-06-27,,無,YTM(3)=(0%)
1739,6287,62871,元隆一,,,,
1740,6287,62872,元隆二,,,,
1741,6287,62873,元隆三,,,,
1742,6287,62874,元隆四,2018-02-09,,無,YTP(3)=(1%)
1743,6287,62875,元隆五,2020-12-08,,無,YTP(3)=(1%)
1744,6288,62881,聯嘉一,2022-12-25,,無,YTP(3)=(0%)
1745,6288,62882,聯嘉二,2023-05-19,2024-05-19,發行滿二年,YTP(2)=(0.5%)
1746,6288,62883,聯嘉三,2024-11-15,2025-11-15,發行滿二年,YTP(2)=(2%)
1747,6288,62884,聯嘉四,2025-12-21,2026-12-21,發行滿二年,YTP(2)=(2%)
1748,6289,62891,華上一,,,,
1749,6289,62892,華上二,,,,
1750,6290,62901,良維一,,,,
1751,6290,62902,良維二,,,,
1752,6290,62903,良維三,,,,
1753,6290,62904,良維四,,,,
1754,6290,62905,良維五,2014-08-04,2015-08-04,發行滿三/年、/四年,"YTP(3,4)=(1.25%)，無重設"
1755,6290,62906,良維六,,,,"YTP(3,4)=(1.5%)，無重設"
1756,6290,62907,良維七,2019-07-07,2020-07-07,發行滿三/年及/四年,"YTP(3,4)=(1.25%)"
1757,6290,62908,良維八,2019-07-08,2020-07-08,發行滿三年及滿四年,"YTP(3,4)=(1.5%)"
1758,6290,62909,良維九,2025-03-07,2027-03-07,發行滿三年,YTM(3)=(0.25%)
1759,6414,64141,樺漢一,2017-05-05,2018-05-05,發行滿二年,YTP(2)=(1%)
1760,6414,64142,樺漢二,2019-05-13,2021-05-13,發行滿三年,YTP(3)=(1%)
1761,6414,64143,樺漢三,2022-02-26,2024-02-26,發行滿三年,YTP(3)=(0.5%)
1762,6414,64144,樺漢四,2024-11-16,2026-11-16,發行滿三年,YTP(3)=(0%)
1763,6414,64145,樺漢五,2026-08-16,,無,YTM(3)=(0%)
1764,6416,64161,瑞祺電通一,2023-02-10,,無,YTP(3)=(0.5%)
1765,6422,64221,君耀一KY,2020-01-12,2022-01-12,00:00:00,YTP(3)=(1%)
1766,6425,64251,易發一,2027-10-15,,無,YTM(3)=(0%)
1767,6426,64261,統新一,2020-06-12,,無,YTP(3)=(0.5%)
1768,6432,64321,今展科一,2018-03-11,2019-03-11,發行滿二年,YTP(2)=(1.0%)
1769,6432,64322,今展科二,2021-09-03,2022-09-03,00:00:00,YTP(2)=(0.5%)
1770,6432,64323,今展科三,2023-07-02,2024-07-02,發行滿二年,YTP(2)=(0.5%)
1771,6432,64324,今展科四,2026-08-16,2027-08-16,發行滿二年,YTM(3)=(0%)
1772,6438,64381,迅得一,2021-11-25,2022-11-25,發行滿二年,YTP(2)=(0.5%)
1773,6438,64382,迅得二,2025-05-05,2026-05-05,發行滿二年,YTP(2)=(0.25%)
1774,6441,64411,廣錠一,2022-03-05,2023-03-05,發行滿二年,YTP(2)=(0.5%)
1775,6441,64412,廣錠二,2022-03-05,2023-03-05,發行滿二年,YTP(2)=(0.5%)
1776,6441,64413,廣錠三,2022-10-26,2023-10-26,發行滿二年,YTP(2)=(0.5%)
1777,6441,64414,廣錠四,2022-10-26,2023-10-26,發行滿二年,YTP(2)=(0.5%)
1778,6441,64415,廣錠五,2022-10-27,2023-10-27,發行滿二年,YTP(2)=(1%)
1779,6442,64421,光聖一,2026-11-11,2027-11-11,發行滿二年,YTP(2)=(0%)
1780,6449,64491,鈺邦一,2020-03-01,,無,YTP(3)=(0%)
1781,6449,64492,鈺邦二,2021-04-27,,00:00:00,YTP(3)=(0%)
1782,6451,64511,訊芯一KY,2021-02-12,2023-02-12,發行滿三年,YTP(3)=(0%)
1783,6451,64512,訊芯二KY,2028-02-27,,無,YTM(3)=(0%)
1784,6465,64651,威潤一,2022-12-09,2023-12-09,發行滿二年,YTP(2)=(0.25%)
1785,6469,64691,大樹一,2020-06-12,2021-06-12,發行滿二年,YTP(2)=(0.5%)
1786,6469,64692,大樹二,2025-09-12,,無,YTM(3)=(0%)
1787,6472,64721,保瑞一,2020-07-06,2021-07-06,發行滿二年,YTP(2)=(0.5%)
1788,6472,64722,保瑞二,2025-09-28,2027-09-28,發行滿三年,YTP(3)=(0.25%)
1789,6472,64723,保瑞三,2026-08-04,2028-08-04,發行滿三年,YTP(3)=(0.25%)
1790,6477,64771,安集一,2022-12-20,2024-12-20,發行滿三年,競拍，承銷價101.59
1791,6477,64772,安集二,2023-10-30,2025-10-30,發行滿三年,YTP(3)=(0.5%)
1792,6477,64773,安集三,2024-08-04,2026-08-04,發行滿三年,YTP(3)=(0.5%)
1793,6477,64774,安集四,2025-07-21,2027-07-21,發行滿三年,YTP(3)=(0.25%)
1794,6486,64861,互動一,2021-11-22,2022-11-22,發行滿二年,YTP(2)=(0.25%)
1795,6486,64862,互動二,2026-01-11,,無,YTM(3)=(0%)
1796,6496,64961,科懋一,2023-09-24,,無,YTM(3)=(0%)
1797,6509,65092,聚和二,,,,
1798,6509,65093,聚和三,,,,
1799,6509,65094,聚和四,2016-10-30,2017-10-30,00:00:00,YTP(2)=(1%)
1800,6509,65095,聚和五,2023-10-29,2024-10-29,發行滿二年,YTP(2)=(0%)
1801,6509,65096,聚和六,2026-07-03,2027-07-03,發行滿二年,YTP(2)=(0%)
1802,6515,65151,穎崴一,2027-05-31,,無,YTM(3)=(0%)
1803,6532,65321,瑞耘一,2022-03-18,2023-03-18,發行滿二年,YTP(2)=(0.25%)
1804,6546,65461,正基一,2026-06-05,2027-06-05,發行滿二年,YTP(2)=(0%)
1805,6547,65471,高端疫苗一,2024-05-09,2025-05-09,發行滿二年,YTP(2)=(0%)
1806,6548,65481,長科一,2024-07-19,2026-07-19,發行滿三年,YTM(3)=(0%)
1807,6552,65521,易華電一,2024-10-25,2026-10-25,發行滿三年,YTP(3)=(0%)
1808,6558,65581,興能高一,2022-11-20,2024-11-20,發行滿三年,YTP(3)=(0%)
1809,6570,65701,維田一,2024-06-06,2025-06-06,發行滿二年,YTP(2)=(0.25%)
1810,6573,65731,虹揚一KY,2020-08-17,2021-08-17,發行滿兩年,YTP(2)=(1%)
1811,6578,65781,達邦蛋白一,2024-12-08,,無,YTM(3)=(0.5%)
1812,6579,65791,研揚一,,,,
1813,6584,65841,南俊國際一,2026-10-29,2027-10-29,發行滿二年,YTP(2)=(0.5%)
1814,6584,65842,南俊國際二,2026-10-30,2027-10-30,發行滿二年,YTP(2)=(0.5%)
1815,6585,65851,鼎基一,2026-10-26,,無,YTM(3)=(0%)
1816,6585,65852,鼎基二,2026-10-27,,無,YTM(3)=(0%)
1817,6589,65891,台康生技一,2022-05-29,2023-05-29,發行滿二年,YTP(2)=(0%)
1818,6591,65911,動力一KY,2021-01-03,2022-01-03,發行滿二年,YTP(2)=(0.5%)
1819,6591,65912,動力二KY,2022-09-01,2023-09-01,發行滿二年,YTP(2)=(0.5%)
1820,6591,65913,動力三KY,2024-08-12,2025-08-12,發行滿二年,YTP(2)=(0.25%)
1821,6593,65931,台灣銘板一,2025-12-14,,無,YTM(3)=(0%)
1822,6603,66031,富鑫一,,,,
1823,6603,66032,富強鑫二,2018-06-02,2019-06-02,發行滿三年,"YTP(3,4)=(0.75%)"
1824,6603,66033,富強鑫三,2025-08-24,,無,YTM(3)=(0%)
1825,6605,66051,帝寶一,,,,
1826,6613,66131,朋億一,2024-12-12,2025-12-12,發行滿二年,YTP(2)=(0%)
1827,6616,66161,特昇一KY,2021-12-03,2022-12-03,發行滿二年,YTP(2)=(0.25%)
1828,6616,66162,特昇二KY,2023-11-11,2024-11-11,發行滿二年,YTP(2)=(0.5%)
1829,6616,66163,特昇三KY,2026-09-20,2027-09-20,發行滿三、四年,YTP(3)=(0.5-1%)
1830,6624,66241,萬年清一,2027-07-05,2029-07-05,發行滿三年,YTP(3)=(0.25%)
1831,6629,66291,泰金一KY,2022-10-22,2023-10-22,發行滿二年,
1832,6629,66292,泰金二KY,2026-09-13,2027-09-13,發行滿二年,YTP(2)=(0.5%)
1833,6641,66411,基士德一KY,2024-05-17,2026-05-17,發行滿三年,YTP(3)=(0.25%)
1834,6645,66451,金萬林一創,2026-12-04,2027-12-04,發行滿二年,YTP(2)=(1%)
1835,6654,66541,天正國際一,2024-12-10,,無,YTM(3)=(0%)
1836,6655,66551,科定一,2023-01-05,2024-01-05,發行滿二年,YTP(2)=(0.5%)
1837,6664,66641,群翊一,2025-05-30,,無,YTM(3)=(0%)
1838,6664,66642,群翊二,2027-11-19,,無,YTM(3)=(0%)
1839,6668,66681,中揚光一,2022-01-02,2023-01-02,發行滿二年,YTP(2)=(0%)
1840,6668,66682,中揚光二,2022-01-03,2023-01-03,發行滿二年,YTP(2)=(0.5%)
1841,6668,66683,中揚光三,2024-01-03,2025-01-03,發行滿二年,YTP(2)=(0.5%)
1842,6670,66701,復盛應用一,2025-04-11,,無,YTM(3)=(0%)
1843,6680,66801,鑫創電子一,2027-09-02,2029-09-02,發行滿三年,YTP(3)=(0.5%)
1844,6702,67021,興航一,2017-10-09,2019-10-09,發行滿三年,YTP(3)=(0%)
1845,6706,67061,惠特一,2024-02-03,,無,YTM(3)=(0%)
1846,6706,67062,惠特二,2027-10-25,,無,YTM(3)=(0%)
1847,6715,67151,嘉基一,2025-01-19,,無,YTM(3)=(0%)
1848,6715,67152,嘉基二,2027-01-18,,無,YTM(3)=(0%)
1849,6727,67271,亞泰金屬一,2023-06-10,2024-06-10,發行滿二年,YTP(2)=(0%)
1850,6753,67531,龍德造船一,2027-06-25,,無,YTM(3)=(0%)
1851,6761,67611,穩得一,2024-06-08,2025-06-08,發行滿二年,YTP(2)=(0%)
1852,6768,67681,志強一KY,2027-10-31,,無,YTM(3)=(0%)
1853,6796,67961,晉弘一,2026-08-25,,無,YTM(3)=(0%)
1854,6803,68031,崑鼎一,,,,
1855,6804,68041,明係一,2026-06-19,,無,YTM(3)=(0.25%)
1856,6806,68061,森崴能源一,2026-11-22,,無,YTM(3)=(0%)
1857,6823,68231,濾能一,2025-06-01,2026-06-01,發行滿二年,YTP(2)=(1%)
1858,6830,68301,汎銓一,2026-08-15,2027-08-15,發行滿二年,YTP(2)=(0%)
1859,6835,68351,圓裕一,2026-11-01,2027-11-01,發行滿二年,YTP(2)=(0%)
1860,6840,68401,東研信超一,2027-05-27,,無,YTM(3)=(0.5%)
1861,6846,68461,綠茵一,2028-03-13,2030-03-13,發行滿三年,
1862,6846,68462,綠茵二,2028-03-25,2030-03-25,發行滿三年,YTP(3)=(0.5%)
1863,6854,68541,錼創科技-KY創一,2027-02-27,2028-02-27,發行滿二年,YTP(2)=(0.5%)
1864,6863,68631,永道一KY,2027-10-15,,無,YTM(3)=(0%)
1865,6869,68691,雲豹能源一,2026-11-28,,無,YTM(3)=(0.25%)
1866,6870,68701,騰雲一,2027-12-05,2029-12-05,發行滿三年,YTP(3)=(0%)
1867,6870,68702,騰雲二,2027-12-05,2029-12-05,發行滿三年,YTP(3)=(0%)
1868,6873,68731,泓德能源一,2025-09-28,2026-09-28,發行滿二年,YTP(2)=(1%)
1869,6874,68741,倍力一,2026-11-04,2027-11-04,發行滿二年,YTP(2)=(0.5%)
1870,7402,74021,邑錡一,2023-11-09,2024-11-09,發行滿二年,YTP(2)=(0.5%)
1871,8011,80111,台通一,,,,YTP(2)=(1%)
1872,8011,80112,台通二,2018-06-21,2019-06-21,發行滿兩年,YTP(2)=(0.75%)
1873,8011,80113,台通三,2018-06-22,2019-06-22,發行滿兩年,YTP(2)=(1.25%)
1874,8011,80114,台通四,2021-06-24,2022-06-24,發行滿二年,YTP(2)=(0.75%)
1875,8016,80161,矽創一,,,,
1876,8021,80211,尖點一,,,,
1877,8027,80271,鈦昇一,2017-11-27,2018-11-27,00:00:00,YTP(2)=(1.0%)
1878,8027,80272,鈦昇二,2021-06-20,2023-06-20,發行滿三年,YTP(3)=(1%)
1879,8027,80273,鈦昇三,2025-07-13,2026-07-13,發行滿三、四年,"YTP(3,4)=(0.5%)"
1880,8028,80281,昇陽半導體一,2021-11-13,2022-11-13,發行滿二年,YTP(2)=(0.25%)
1881,8028,80282,昇陽半導體二,2030-01-22,,無,YTM(5)=(0%)
1882,8034,80341,榮群一,,,,
1883,8038,80381,長園科一,2016-09-16,2017-09-16,發行滿二年,YTP(2)=(1%)
1884,8039,80391,台虹一,,,,
1885,8039,80392,台虹二,,,,
1886,8042,80421,金山電一,,,,
1887,8042,80422,金山電二,,,,
1888,8042,80423,金山電三,2014-10-29,2017-10-19,發行滿二年,YTP(2)=(0-1%) 
1889,8042,80424,金山電四,2017-06-30,2018-06-30,發行滿二年,YTP(2)=(0.25%)
1890,8042,80425,金山電五,2021-07-10,2023-07-10,發行滿三年,YTP(3)=(0.25%)
1891,8043,80431,蜜望實一,,,,
1892,8044,80441,網家一,2023-10-07,,無,YTM(3)=(0%)
1893,8049,80491,晶采一,,,,
1894,8049,80492,晶采二,,,,
1895,8049,80493,晶采三,,,,YTP(2)=(1%)，無重設
1896,8050,80501,廣積一,,,,
1897,8050,80502,廣積二,,,,
1898,8050,80503,廣積三,,,,"YTP(2,3)=(1%,1%) "
1899,8050,80504,廣積四,2017-02-13,2018-02-13,發行滿二、三年,"YTP(2,3)=(1%)"
1900,8050,80505,廣積五,2022-09-07,2023-09-07,發行滿二、三年,"YTP(2,3)=(0.25%)"
1901,8050,80506,廣積六,2024-11-22,2025-11-22,發行滿二、三年,YTP(2)=(0.25%)
1902,8066,80661,來思達一,2022-12-17,,無,100-103%發行
1903,8067,80671,志旭一,,,,
1904,8069,80691,元太一,,,,
1905,8069,80692,元太二,,,,
1906,8070,80701,長華一,,,,
1907,8070,80702,長華二,,,,
1908,8070,80703,長華三,,,,
1909,8070,80704,長華四,2023-11-25,2025-11-25,發行滿三年,YTP(3)=(0%)
1910,8070,80705,長華五,2026-03-13,,無,YTM(3)=(0%)
1911,8071,80711,豐聲一,,,,
1912,8074,80741,鉅橡一,,,,
1913,8074,80742,鉅橡二,,,,
1914,8074,80743,鉅橡三,,,,YTP(3)=(1.5%) 
1915,8074,80744,鉅橡四,,,,YTP(3)=(1.5%) 
1916,8074,80745,鉅橡五,2018-08-20,2019-08-20,發行滿三、四年,"YTP(3,4)=(1.5%)"
1917,8076,80761,伍豐一,,,,
1918,8076,80762,伍豐二,,,,
1919,8076,80763,伍豐三,,,,YTP(2)=(0.5%) 
1920,8076,80764,伍豐四,2020-06-20,2021-06-20,發行滿二年,YTP(2)=(0%)
1921,8077,80771,冠華一,,,,
1922,8079,80791,誠遠一,,,,
1923,8079,80792,誠遠二,,,,
1924,8082,80821,捷超一,,,,
1925,8082,80822,捷超二,,,,
1926,8082,80823,捷超三,,,,
1927,8084,80841,巨虹一,,,,
1928,8085,80851,福華一,,,,
1929,8085,80852,福華二,,,,
1930,8087,80871,華鎂一,,,,
1931,8088,80881,品安一,,,,
1932,8088,80882,品安二,,,,
1933,8091,80911,翔名一,,,,
1934,8091,80912,翔名二,,,,YTP(2)=(1.25%)，無重設
1935,8091,80913,翔名三,,,,YTP(2)=(1.75%)，無重設
1936,8091,80914,翔名四,2026-08-15,2027-08-15,發行滿二年,YTP(2)=(0.125%)
1937,8092,80921,建暐一,,,,
1938,8092,80922,建暐二,,,,
1939,8092,80923,建暐三,2022-07-22,2023-07-22,發行滿二年,YTP(2)=(0.5%)
1940,8092,80924,建暐四,2026-03-11,2027-03-11,發行滿二年,YTP(2)=(0.5%)
1941,8096,80961,擎亞一,,,,
1942,8097,80971,鴻松一,,,,
1943,8097,80972,常珵二,2024-06-21,,無,YTM(3)=(0%)
1944,8101,81011,華冠一,,,,
1945,8103,81031,瀚荃一,,,,
1946,8103,81032,瀚荃二,,,,
1947,8103,81033,瀚荃三,,,,
1948,8103,81034,瀚荃四,2024-10-21,,無,YTM(3)=(0%)
1949,8104,81041,錸寶一,2022-07-17,2023-07-17,發行滿二年,YTP(2)=(0.5%)
1950,8104,81042,錸寶二,2025-01-11,2027-01-11,發行滿三年,YTP(3)=(0.5%)
1951,8105,81051,凌巨一,,,,
1952,8105,81052,凌巨二,,,,
1953,8107,81071,大億一,,,,
1954,8107,81072,大億二,,,,YTP(2)=(1.25%)，無重設
1955,8107,81073,大億三,,,,"YTP(3,4)=(1.35%)，無重設"
1956,8109,81091,博大一,2024-07-20,,無,YTM(3)=(0%)
1957,8110,81101,華東一,2017-11-14,,無,YTP(3)=(0.25%)
1958,8110,81102,華東二,2021-03-19,,無,YTP(3)=(0.25%)
1959,8111,81111,立碁一,,,,
1960,8111,81112,立碁二,,,,
1961,8111,81113,立碁三,,,,
1962,8112,81121,至上一,,,,
1963,8112,81122,至上二,,,,
1964,8112,81123,至上三,,,,
1965,8112,81124,至上四,,,,
1966,8112,81125,至上五,,,,
1967,8112,81126,至上六,,,,YTP(2)=(0%)，無重設
1968,8112,81127,至上七,,,,YTP(2)=(0.5%)
1969,8112,81128,至上八,2018-05-31,2019-05-31,發行滿二年,YTP(2)=(0.5%)
1970,8112,81129,至上九,2024-03-10,2025-03-10,發行滿二年,YTP(2)=(0.5%)
1971,8114,81141,振樺電一,2017-07-28,,無,YTP(3)=(0%)
1972,8114,81142,振樺電二,2019-11-08,,無,YTP(3)=(0%)
1973,8147,81471,正淩一,2017-01-30,2018-01-30,00:00:00,YTP(2)=(0.25%)
1974,8147,81472,正淩二,2024-01-21,2025-01-21,發行滿二年,YTP(2)=(0.5%)
1975,8147,81473,正淩三,2027-10-03,,無,YTM(3)=(0%)
1976,8155,81551,博智一,2028-01-10,2030-01-10,發行滿三年,YTP(3)=(0%)
1977,8171,81711,天宇一,,,,YTP(2)=(1.5%) 
1978,8171,81712,天宇二,2016-09-05,2017-09-05,發行滿二年,YTP(2)=(1.5%)
1979,8171,81713,天宇三,2023-03-23,2024-03-23,發行滿二年,YTP(2)=(0.45%)
1980,8171,81714,天宇四,2027-11-12,,無,YTM(3)=(0%)
1981,8171,81715,天宇五,2027-11-14,,無,YTM(3)=(0.5%)
1982,8210,82101,勤誠一,2027-01-19,,無,YTM(3)=(0%)
1983,8213,82131,志超一,2019-01-12,2019-07-12,發行滿二年,YTP(2)=(0.5%)
1984,8234,82341,新漢一,,,,
1985,8240,82401,華宏一,,,,
1986,8240,82402,華宏二,,,,YTP(3)=(1%) 
1987,8249,82491,菱光一,,,,
1988,8255,82551,朋程一,2026-08-09,,無,YTM(3)=(0%)
1989,8261,82611,富鼎一,,,,
1990,8261,82612,富鼎二,,,,
1991,8261,82613,富鼎三,,,,
1992,8266,82661,中日一,,,,
1993,8277,82771,商丞一,,,,YTP(3)=(0%)
1994,8277,82772,商丞二,,,,
1995,8277,82773,商丞三,2017-08-25,,無,
1996,8287,82871,英格爾ㄧ,,,,
1997,8289,82891,泰藝一,,,,
1998,8299,82991,群聯一,2024-12-17,,無,YTM(3)=(0%)
1999,8299,82992,群聯二,2027-01-23,,發行滿三年,YTP(3)=(0%)
2000,8349,83491,友信一,,,,
2001,8349,83492,恒耀二,2018-05-14,2020-05-14,發行滿三年,YTP(3)=(1.5%)
2002,8349,83493,恒耀三,2019-06-03,2021-06-03,發行滿三年,YTP(3)=(1.5%)
2003,8349,83494,恒耀四,2023-03-06,2025-03-06,發行滿三年,YTP(3)=(0.25%)
2004,8354,83541,冠郝一,,,,
2005,8367,83671,建新國際一,2025-01-25,,無,YTM(3)=(0%)
2006,8374,83741,羅昇一,,,,
2007,8374,83742,羅昇二,2027-11-15,,無,YTM(3)=(0%)
2008,8383,83831,千附一,,,,
2009,8390,83901,金益一,,,,
2010,8390,83902,金益二,,,,
2011,8390,83903,金益三,,,,
2012,8390,83904,金益四,,,,YTP(2)=(0.75~1%)，無重設
2013,8390,83905,金益鼎五,2021-11-19,2022-11-19,發行滿二年,YTP(2)=(0.25%)
2014,8401,84011,白紗一,2015-06-10,2016-06-10,發行滿二年,YTP(2)=(1%) 
2015,8403,84031,盛弘一,,,,YTP(2)=(1.5%)，無重設
2016,8403,84032,盛弘二,2015-08-02,2016-08-02,發行滿二年,YTP(2)=(1.5%)
2017,8403,84033,盛弘三,2020-02-09,2021-02-09,發行滿二年,YTP(2)=(0.5%)
2018,8406,84061,金可一KY,2015-07-17,2016-07-17,發行後滿/二、/三年,"YTP(2,3)=(0.5%)"
2019,8411,84111,福貞一KY,2015-08-20,2016-08-20,發行滿二年,YTP(2)=(1%)
2020,8411,84112,福貞二KY,2024-10-13,2025-10-13,發行滿二年,YTP(2)=(0.5%)
2021,8420,84201,明揚一,2025-10-07,,無,YTM(3)=(0%)
2022,8421,84211,旭源一,2016-03-18,2017-03-18,發行滿二年,YTP(2)=(1%)
2023,8422,84221,可寧衛一,2025-11-22,2027-11-22,發行滿三年,YTP(3)=(0.25%)
2024,8422,84222,可寧衛二,2028-04-07,2030-04-07,發行滿三年,YTP(3)=(0%)
2025,8429,84291,金麗一KY,2016-02-24,2017-02-24,00:00:00,YTP(2)=(0.5%)
2026,8431,84311,匯鑽科一,2017-10-16,2018-10-16,發行滿二年,YTP(2)=(1.25%)
2027,8433,84331,弘帆一,2025-03-07,2026-03-07,發行滿二年,YTP(2)=(0.25%)
2028,8433,84332,弘帆二,2026-05-24,2027-05-24,發行滿二年,YTP(2)=(0.25%)
2029,8433,84333,弘帆三,2026-05-27,2027-05-27,發行滿二年,YTP(2)=(0.25%)
2030,8436,84361,大江一,2017-10-16,2018-10-16,發行滿二年,YTP(2)=(0.5%)
2031,8436,84362,大江二,2020-06-08,2021-06-08,發行滿二年,"YTP(2,3)=(0.5%)"
2032,8437,84371,大地一KY,2018-03-11,2019-03-11,發行滿二年,YTP(2)=(0.5%)
2033,8437,84372,大地二KY,2018-03-14,2019-03-14,00:00:00,YTP(2)=(1.0%)
2034,8442,84421,威宏一KY,2025-08-19,,無,YTM(3)=(0%)
2035,8442,84422,威宏二KY,2026-10-19,,無,YTM(3)=(0%)
2036,8450,84501,霹靂一,2018-07-13,,無,YTP(3)=(0%)
2037,8462,84621,柏文一,2020-01-22,2021-01-22,發行滿二年,YTP(2)=(1%)
2038,8462,84622,柏文二,2023-01-06,2024-01-06,發行滿二年,YTP(2)=(1%)
2039,8462,84623,柏文三,2025-04-14,2026-04-14,發行滿二年,YTP(2)=(1%)
2040,8466,84661,美吉吉一KY,2023-08-12,,無,YTM(3)=(0.25%)
2041,8466,84662,美吉吉二KY,2025-07-26,2026-07-26,發行滿二年,YTP(2)=(0.5%)
2042,8467,84671,波力一KY,2023-08-07,,無,YTM(3)=(0.35%)
2043,8467,84672,波力二KY,2027-05-30,,無,YTM(3)=(0%)
2044,8467,84673,波力三KY,2027-05-31,,無,YTM(3)=(0%)
2045,8473,84731,山林水一,2022-01-04,,無,YTP(3)=(0.25%)
2046,8473,84732,山林水二,2024-09-28,2026-09-28,發行滿三年,YTP(3)=(0%)
2047,8476,84761,台境一,2021-01-10,,無,YTP(3)=(0%)
2048,8478,84781,東哥遊艇一,2027-07-15,,無,YTM(3)=(0%)
2049,8488,84881,吉源一KY,2026-12-19,,無,YTM(3)=(0%)
2050,8489,84891,三貝德一,2026-12-09,2027-12-09,發行滿二年,YTP(2)=(0.1%)
2051,8499,84991,鼎炫一KY,2021-10-07,2022-10-07,發行滿二年,YTP(2)=(0.25%)
2052,8916,89161,光隆一,2019-09-30,,00:00:00,YTP(3)=(0%)
2053,8924,89241,大田一,,,,
2054,8925,89251,偉盟一,,,,
2055,8925,89252,偉盟二,,,,
2056,8925,89253,偉盟三,,,,
2057,8925,89254,偉盟四,,,,
2058,8925,89255,偉盟五,,,,"YTP(2,3)=(1%)，無重設"
2059,8926,89261,台汽一,,,,
2060,8927,89271,北基一,,,,
2061,8927,89272,北基二,,,,
2062,8927,89273,北基三,,,,YTP(2)=(0-0.5%) 
2063,8927,89274,北基四,,,,YTP(2)=(0.5-1%) 
2064,8927,89275,北基五,2023-12-23,2024-12-23,發行滿三、四年,"YTP(3,4)=(0%)"
2065,8927,89276,北基六,2023-12-10,2024-12-10,發行滿二年,YTP(2)=(0.15%)
2066,8927,89277,北基七,2027-08-16,,無,YTM(3)=(0.5%)
2067,8927,89278,北基八,2026-08-21,2027-08-21,發行滿二年,YTP(2)=(1%)
2068,8928,89281,鉅明一,,,,
2069,8929,89291,富堡一,,,,
2070,8930,89301,青鋼一,,,,
2071,8930,89302,青鋼二,,,,
2072,8932,89321,宏大一,2023-04-15,2024-04-15,發行滿二年,YTP(2)=(0%)
2073,8933,89331,愛地雅一,,,,
2074,8933,89332,愛地雅二,2016-02-13,2017-02-13,發行滿二、三年,"YTP(2,3)=(0.5%)"
2075,8933,89333,愛地雅三,2016-02-14,2018-02-14,發行滿二、四年,"YTP(2,3)=(1.5,1.7%)"
2076,8933,89334,愛地雅四,2019-01-17,2021-01-17,發行滿二、四年,"YTP(2,4)=(0.5%,0.7%)"
2077,8933,89335,愛地雅五,2021-06-08,2022-06-08,發行滿三、四年,"YTP(3,4)=(1.5%, 1.7%)"
2078,8935,89351,邦泰一,,,,
2079,8935,89352,邦泰二,,,,
2080,8936,89361,國統一,,,,
2081,8936,89362,國統二,,,,
2082,8936,89363,國統三,,,,
2083,8936,89364,國統四,2017-01-21,2018-01-21,發行滿二年,YTP(2)=(1.2%)
2084,8938,89381,明安一,,,,
2085,8938,89382,明安二,,,,
2086,8938,89383,明安三,2025-07-20,,無,YTM(3)=(0%)
2087,8941,89411,關中一,,,,
2088,8942,89421,森鉅一,,,,
2089,8942,89422,森鉅二,,,,
2090,8942,89423,森鉅三,,,,
2091,8942,89424,森鉅四,2014-05-03,2015-05-03,發行滿二/年及/三年,"YTP(2,3)=(0.5,0.7%)，無重設"
2092,8996,89961,高力一,,,,
2093,8996,89962,高力二,,,,
2094,8996,89963,高力三,2015-08-14,2016-08-14,發行滿二、三年,YTP(3)=(0.25%)
2095,8996,89964,高力四,2026-12-06,2028-12-06,發行滿三年,
2096,9802,98021,鈺齊一KY,2015-10-25,2016-10-25,發行滿二年,YTP(2)=(0-0.5%)
2097,9802,98022,鈺齊二KY,2015-10-28,2016-10-28,發行滿二年,YTP(2)=(0-1%)
2098,9802,98023,鈺齊三KY,2018-05-03,2019-05-03,發行滿二年,YTP(2)=(0.5%)
2099,9802,98024,鈺齊四KY,2020-10-02,2021-10-02,發行滿二年,YTP(2)=(0.5%)
2100,9802,98025,鈺齊五KY,2022-08-17,2023-08-17,發行滿二年,YTP(2)=(0.5%)
2101,9802,98026,鈺齊六KY,2026-11-15,2027-11-15,發行滿二年,YTP(2)=(0.5%)
2102,9906,99061,欣巴巴一,2025-06-09,2026-06-09,發行滿二年,YTP(2)=(0.25%)
2103,9906,99062,欣巴巴二,2026-05-07,2027-05-07,發行滿二年,YTM(3)=(1.5%)
2104,9906,99063,欣巴巴三,2027-02-27,2028-02-27,發行滿二年,YTP(2)=(1.5%)
2105,9921,99211,巨大一,2025-06-13,2027-06-13,發行滿三年,YTM(3)=(0%)
2106,9924,99242,福興二,,,,
2107,9927,99271,泰銘一,,,,
2108,9927,99272,泰銘二,,,,
2109,9933,99331,中鼎一,,,,
2110,9933,99332,中鼎二,2027-07-23,2029-07-23,發行滿三年,YTP(3)=(0%)
2111,9934,99341,成霖一,,,,
2112,9934,99342,成霖二,2014-10-20,2017-10-20,發行滿三年,YTP(3)=(1.478%)，無重設
2113,9935,99351,慶豐富一,,,,
2114,9935,99352,慶豐富二,,,,
2115,9935,99353,慶豐富三,2026-10-14,2027-10-14,發行滿二年,YTP(2)=(0%)
2116,9938,99381,百和一,,,,
2117,9939,99392,宏全二,2027-10-29,2029-10-29,發行滿三年,YTP(3)=(0%)
2118,9941,99411,裕融一,2015-06-20,2017-06-20,發行滿三年,YTP(3)=(0%)，無重設
2119,9941,99412,裕融二,2026-11-20,2028-11-20,發行滿三年,YTM(3)=(0%)
2120,9942,99421,茂順一,,,,
2121,9944,99441,新麗一,,,,
2122,9944,99442,新麗二,2016-03-12,2017-03-12,發行滿二年,YTP(2)=(1%)
2123,9946,99461,三發一,,,,YTP(2)=(1%)，無重設
2124,9955,99551,佳龍一,,,,
2125,9955,99552,佳龍二,,,,
2126,9955,99553,佳龍三,,,,
2127,9958,99581,世紀鋼一,,,,YTP(2)=(0.5-1%) 
2128,9958,99582,世紀鋼二,2021-07-30,,無,YTP(3)=(0%)
2129,9958,99583,世紀鋼三,2021-07-31,,無,YTP(3)=(0.5%)
2130,9958,99584,世紀鋼四,2023-08-11,,無,YTM(3)=(0.5%)
2131,9958,99585,世紀鋼五,2025-07-19,2026-07-19,發行滿二年,YTP(2)=(0.5%)
2132,9958,99586,世紀鋼六,2025-07-31,2026-07-31,發行滿二年,YTP(2)=(0.5%)
2133,9958,99587,世紀鋼七,2026-10-28,2027-10-28,發行滿二年,YTP(2)=(0.25%)
2134,9958,99588,世紀鋼八永,2026-11-08,2027-11-08,發行滿二年,YTP(2)=(0.25%)
2135,1402,140201,遠東新E1永,2027-08-08,2029-08-08,發行滿三年,YTP(3)=(0%)
2136,1402,140202,遠東新E2永,2027-08-08,2029-08-08,發行滿三年,YTP(3)=(0%)
2137,1715,171501,萬洲E1,2018-05-13,,無,YTP(3)=(0.75-1%)
2138,2332,233201,友訊E1,2017-06-17,2020-06-17,發行滿二年,"YTP(2,5)=(0,0.25%)"
2139,2352,235201,明基E1,,,,
2140,2406,240601,國碩E1,,,,YTP(2)=(0%)，無重設
2141,2406,240602,國碩E2,2016-05-23,2017-05-23,無,"YTP(2,3)=(1%)"
2142,2603,260301,長榮E1,,,,
2143,2886,288601,兆豐金E1,,,,YTP(2.5)=(0%)，無重設
2144,2886,288602,兆豐金E2,2018-08-25,,無,YTP(3)=(0%)
2145,2887,288701,台新金E1,2025-04-01,,無,YTM(3)=(0%)
2146,8112,811210,至上十,2027-05-24,2028-05-24,發行滿三、四年,"YTP(3,4)=(0%)"
2147,8404,84041,百和興業一KY,2027-10-03,2028-10-03,發行滿二年,YTP(2)=(0%)
2148,6477,64775,安集五,2027-10-09,2028-10-09,發行滿二年,YTP(2)=(1.5%)
2149,8087,80872,麗升能源二,2027-05-02,2028-05-02,發行滿二年,YTP(2)=(1%)
2150,6771,67711,平和環保一創,2027-05-08,2028-05-08,發行滿二年,YTP(2)=(0.5%)
2151,6290,629010,良維十,2027-05-13,2028-05-13,發行滿二年,YTP(2)=(0.25%)
2152,4916,49165,事欣科五,2027-05-14,2028-05-14,發行滿二、三、四年,"YTP(2,3,4)=(1%)"
2153,6117,61172,迎廣二,2027-05-28,2028-05-28,發行滿二年,YTP(2)=(0.5%)
2154,1472,14722,三洋實業二,2027-05-29,2028-05-29,發行滿二年,YTP(2)=(0.5%)
2155,6873,68732,泓德能源二,2028-05-29,2030-05-29,發行滿三年,YTP(3)=(0.5%)
2156,4129,41295,聯合五,2028-05-29,2030-05-29,發行滿三年,YTP(3)=(0.5%)
2157,3653,36534,健策四,2028-06-03,2030-06-03,發行滿三年,YTP(3)=(0%)
2158,4555,45554,氣立四,2028-06-09,,無,YTM(3)=(0%)
2159,3653,36535,健策五,2028-06-13,2030-06-13,發行滿三年,YTP(3)=(0%)
2160,1472,14723,三洋實業三,2027-06-17,2028-06-17,發行滿二年,YTP(2)=(1%)
2161,1466,14664,聚隆四,2028-06-20,,無,YTM(3)=(0%)
2162,3188,31882,鑫龍騰二,2027-06-20,2028-06-20,發行滿二年,YTP(2)=(1%)
2163,6538,65381,倉和一,2028-06-26,2030-06-26,發行滿三年,YTP(3)=(0%)
2164,2247,22471,汎德一,2028-06-26,,無,YTM(3)=(0%)
2165,2247,22472,汎德二,2028-06-30,,無,YTM(3)=(0%)
2166,3040,30401,遠見一,2027-06-30,2028-06-30,發行滿二年,YTP(2)=(1%)
2167,6982,69821,大井泵浦一,2027-07-23,2028-07-23,發行滿二年,YTP(2)=(0%)
2168,3526,35267,凡甲七,2028-07-24,2029-07-24,發行滿三、四年,"YTP(3,4)=(0%)"
2169,6469,64693,大樹三,2028-07-28,,無,YTM(3)=(0%)
2170,4442,44421,竣邦一KY,2027-07-28,2028-07-28,發行滿二年,YTP(2)=(0.5%)
2171,8411,84113,福貞三KY,2028-08-01,2030-08-01,發行滿三年,YTP(3)=(0.25%)
2172,1786,17863,科妍三,2027-08-01,2028-08-01,發行滿二年,YTP(2)=(1%)
2173,6982,69822,大井泵浦二,2027-08-04,2028-08-04,發行滿二年,YTP(2)=(0%)
2174,6843,68431,進典一,2027-08-04,2028-08-04,發行滿二年,YTP(2)=(0.5%)
2175,3131,31312,弘塑二,2028-08-05,2030-08-05,發行滿三年,YTP(3)=(0%)
2176,3167,31672,大量二,2028-08-06,,無,YTM(3)=(0%)
2177,2641,26418,正德八,2028-08-06,2030-08-06,發行滿三年,YTP(3)=(0.25%)
2178,7556,75561,意德士一,2028-08-12,,無,YTM(3)=(0%)
2179,7556,75562,意德士二,2028-08-15,,無,YTM(3)=(0%)
2180,4581,45811,光隆精密一KY,2027-08-15,2028-08-15,發行滿二年,YTP(2)=(0.25%)
2181,6821,68211,聯寶一,2027-08-15,2028-08-15,發行滿二年,YTP(2)=(0.5%)
2182,3188,31883,鑫龍騰三,,,,
2183,7402,74022,邑錡二,2027-09-02,2028-09-02,發行滿二年,YTP(2)=(1%)
2184,3707,37075,漢磊五,2028-08-20,2030-08-20,發行滿三年,YTP(3)=(0.5%)
2185,6207,62075,雷科五,2027-08-26,2028-08-26,發行滿二年,YTP(2)=(0.25%)
2186,6207,62076,雷科六,2027-09-05,2028-09-05,發行滿二年,YTP(2)=(0%)
2187,4558,45581,寶緯一,2028-08-28,,無,YTM(3)=(0%)
2188,2743,27431,山富一,2027-08-28,2028-08-28,發行滿二年,YTP(2)=(0.5%)
2189,6533,65331,晶心科一,2028-09-08,,無,YTM(3)=(0%)
2190,6591,65914,動力四KY,2027-08-27,2028-08-27,發行滿二年,YTP(2)=(0.25%)
2191,5439,54391,高技一,2028-09-09,2030-09-09,發行滿三年,YTP(3)=(0%)
2192,3284,32843,太普高三,2027-09-15,2028-09-15,發行滿二年,YTP(2)=(0.5%)
2193,4168,41684,醣聯四,2028-09-18,,無,YTM(3)=(0%)
2194,4438,44383,廣越三,2028-09-30,,無,YTM(3)=(0%)
2195,4722,47223,國精化三,2028-10-01,,無,YTM(3)=(0%)
2196,3687,36872,歐買尬二,2027-10-02,2028-10-02,發行滿二年,YTP(2)=(0.25%)
2197,6957,69571,裕慶一KY,2027-10-02,2028-10-02,發行滿二年,YTP(2)=(0%)
2198,3687,36873,歐買尬三,2027-10-03,2028-10-03,發行滿二年,YTP(2)=(0%)
2199,1256,12561,鮮活果汁一KY,2027-10-08,2028-10-08,發行滿二年,YTP(2)=(0.25%)
2200,2753,27531,八方雲集一,2028-10-09,,無,YTM(3)=(0%)
2201,5201,52011,凱衛一,2028-10-15,,無,YTM(3)=(0%)
2202,6219,62194,富旺四,2028-10-16,,無,YTM(3)=(0.25%)
2203,6163,61635,華電網五,2027-10-16,2028-10-16,發行滿二年,YTP(2)=(1%)
2204,2753,27532,八方雲集二,2028-10-20,,無,YTM(3)=(0%)
2205,7713,77131,威力德一,2027-10-20,2028-10-20,發行滿二年,YTP(2)=(0.5%)
2206,6209,62093,今國光三,2028-10-23,,無,YTM(3)=(0%)
2207,4113,41135,聯上五,2028-10-27,2030-10-27,發行滿三年,YTP(3)=(0%)
2208,3551,35513,世禾三,2028-10-28,,無,YTM(3)=(0%)
2209,3684,36841,榮昌一,2027-10-28,2028-10-28,發行滿二年,YTP(2)=(1%)
2210,3037,30371,欣興一,2028-11-03,2030-11-03,發行滿三年,YTP(3)=(0%)
2211,6190,61907,萬泰科七,2028-11-06,,無,YTM(3)=(0%)
2212,6274,62745,台燿五,2028-11-13,2030-11-13,發行滿三年,YTP(3)=(0%)
2213,6191,61912,精成科二,,,,
2214,6670,66702,復盛應用二,,,,
2215,4113,41136,聯上六,,,,
2216,2236,22363,百達三KY,,,,
2217,8299,82993,群聯三,,,,
2218,3032,30321,偉訓一,2027-11-13,2028-11-13,發行滿二年,YTP(2)=(0.5%)
2219,3032,30322,偉訓二,2027-11-25,2028-11-25,發行滿二、三、四年,
2220,2402,24023,毅嘉三,2027-11-19,2028-11-19,發行滿二年,
2221,8042,80426,金山電六,,,,
2222,2368,23683,金像電三,2028-11-24,2030-11-24,發行滿三年,
2223,6796,67962,晉弘二,,,,
2224,4772,47721,台特化一,2028-11-27,,無,
2225,6442,64422,光聖二,,,,
2226,6442,64423,光聖三,,,,
2227,6904,69041,伯鑫一,,,,
2228,6890,68901,來億一KY,2028-11-28,,無,
2229,6890,68902,來億二KY,,,,
2230,3543,35431,州巧一,,,,
2231,5309,53096,系統電六,,,,
2232,5309,53097,系統電七,,,,
