序號,開標日期,股票代號,CB代號,名稱,股本,發行規模,年期,擔保,信用評等,競拍張數,底標價,截標日,截標收盤,轉換價,訂價溢價率,理論價,最低得標,最低溢價,平均得標,平均溢價,發行券商,產業分類,合格件數,投標張數,投標倍數,投標均張,投標開始日,最高投(得)標數量(張),撥券日,得標總金額,得標手續費率(%),最高得標價格(元),承銷價格(元)
1,2019-03-22,4943,49431,康控一KY,15.7,15.0,3,無擔保,9,13500,100.0,2019-03-20,124.5,121.1,1.02,102.81,100.5,-0.0224,102.07,-0.0072,中信證券,電子零組件業,829,19751,1.46,23.83,2019-03-18,1350.0,2019-04-02,1377907550.0,1.0,159.0,102.07
2,2019-09-02,4736,47363,泰博三,9.2,15.0,5,有擔保,4,12752,100.0,2019-08-07,126.0,140.0,1.057,90.0,107.17,0.1908,108.46,0.2051,凱基證券,生技醫療業,1559,54356,4.26,34.87,2019-08-05,1275.0,2019-08-21,1394223850.0,0.5,140.1,109.33
3,2019-11-04,8028,80281,昇陽一,13.2,10.0,3,無擔保,6,8732,102.0,2019-10-31,76.8,76.1,1.02,100.92,108.45,0.0746,109.92,0.0892,富邦證券,半導體業,1063,31398,3.6,29.54,,,,,,,
4,2019-12-02,2729,27291,瓦城一,2.3,8.0,3,無擔保,5,6880,102.0,2019-11-28,286.0,300.0,1.072,95.33,102.81,0.0784,107.3,0.1255,富邦證券,觀光餐旅,674,11341,1.65,16.83,,,,,,,
5,2019-12-11,6477,64771,安集一,11.4,3.0,5,無擔保,6,2550,100.0,2019-12-09,22.65,23.0,1.02,98.48,100.51,0.0206,101.59,0.0316,福邦證券,光電業,187,4116,1.61,22.01,2019-12-05,255.0,2019-12-20,259066700.0,0.5,109.22,101.59
6,2020-01-06,3617,36171,碩天一,8.1,10.0,3,無擔保,5,10200,101.5,2020-01-02,113.0,122.0,1.096,92.62,104.1,0.1239,105.23,0.1361,宏遠證券,其他電子業,882,24587,2.41,27.88,2019-12-30,1020.0,2020-01-15,1073334860.0,0.5,141.0,105.23
7,2020-01-08,1436,14361,華友聯一,9.6,3.0,5,有擔保,8,2550,100.0,2020-01-06,40.95,40.0,1.052,102.38,106.66,0.0419,107.73,0.0523,第一金證,建材營造業,372,7637,2.99,20.53,2020-01-02,255.0,2020-01-17,274721790.0,0.5,120.0,107.73
8,2020-01-09,3594,35943,磐儀三,7.2,3.0,3,無擔保,7,2550,100.0,2020-01-07,25.45,22.8,1.02,111.62,101.65,-0.0893,104.86,-0.0606,福邦證券,電腦及週邊設備業,241,4769,1.87,19.79,2020-01-03,255.0,2020-01-20,267389720.0,0.5,115.3,104.86
9,2020-02-06,4967,49671,十銓一,7.5,5.0,3,有擔保,6,4250,102.0,2020-02-04,36.55,33.9,1.069,107.82,110.7,0.0267,112.21,0.0407,群益證券,半導體業,444,11307,2.66,25.47,2020-01-31,425.0,2020-02-17,476883600.0,0.5,119.6,112.21
10,2020-02-18,2466,24663,冠希電三,15.6,3.0,3,有擔保,8,2660,102.0,2020-02-14,34.9,38.0,1.08,91.84,103.11,0.1227,104.5,0.1378,中信證券,光電業,481,5011,1.88,10.42,2020-02-12,266.0,2020-02-27,277980900.0,0.5,110.0,104.5
11,2020-02-19,4175,41752,杏一二,3.2,3.0,5,無擔保,6,2550,102.0,2020-02-17,72.9,77.3,1.05,94.31,102.65,0.0885,103.62,0.0987,國泰證券,生技醫療業,190,4108,1.61,21.62,2020-02-13,255.0,2020-03-02,264225240.0,0.5,110.0,103.62
12,2020-02-26,2228,22282,劍麟二,7.6,3.0,3,無擔保,5,2550,100.0,2020-02-24,95.2,106.23,1.05,89.62,104.5,0.1661,105.98,0.1826,元大證券,汽車工業,416,11327,4.44,27.23,2020-02-20,255.0,2020-03-09,270260630.0,0.5,110.0,105.98
13,2020-04-20,6150,61504,撼訊四,4.5,4.0,3,無擔保,8,3550,100.0,2020-04-16,42.8,34.5,1.02,124.06,102.22,-0.176,106.83,-0.1389,宏遠證券,電腦及週邊設備業,221,4439,1.25,20.09,2020-04-14,355.0,2020-04-29,379239070.0,0.5,117.33,106.83
14,2020-05-11,4919,49191,新唐一,39.1,20.0,7,無擔保,4,5361,100.0,2020-05-07,39.15,39.9,1.083,98.12,100.0,0.0192,100.91,0.0284,中信證券,半導體業,473,5361,1.0,11.33,2020-05-05,1800.0,2020-05-20,540953740.0,0.5,110.0,100.0
15,2020-05-28,6189,61893,豐藝三,18.3,10.0,3,無擔保,4,3740,101.0,2020-05-26,34.4,34.5,1.021,99.71,101.0,0.0129,103.94,0.0424,群益證券,電子通路業,192,3740,1.0,19.48,2020-05-22,850.0,2020-06-08,388726950.0,0.5,498.0,101.0
16,2020-07-31,9958,99584,世紀鋼四,23.1,15.0,3,無擔保,5,10544,100.0,2020-07-29,92.8,90.88,1.02,102.11,100.0,-0.0207,101.13,-0.0096,群益證券,鋼鐵工業,426,10544,1.0,24.75,2020-07-27,1275.0,2020-08-11,1066290440.0,0.5,110.0,100.0
17,2020-08-06,9802,98025,鈺齊五KY,18.6,5.0,3,無擔保,4,4250,100.0,2020-08-04,105.0,112.0,1.023,93.75,105.5,0.1253,106.55,0.1365,國票證券,運動休閒,648,19271,4.53,29.74,2020-07-31,425.0,2020-08-17,452831280.0,0.5,110.1,106.55
18,2020-08-25,1589,15893,永冠三KY,11.1,15.0,5,無擔保,6,12750,100.0,2020-08-21,99.0,100.0,1.025,99.0,101.5,0.0253,103.56,0.0461,中信證券,電機機械,941,24755,1.94,26.31,2020-08-19,1275.0,2020-09-03,1320378820.0,0.5,120.02,103.56
19,2020-08-26,2937,29371,集雅社一,3.3,2.5,3,有擔保,6,2125,104.0,2020-08-24,33.95,39.0,1.147,87.05,104.6,0.2016,106.1,0.2188,富邦證券,居家生活,177,2989,1.41,16.89,2020-08-20,212.0,2020-09-04,225465300.0,0.5,120.0,106.1
20,2020-09-24,4967,49672,十銓二,7.5,8.0,3,有擔保,6,6880,102.0,2020-09-22,37.1,42.0,1.147,88.33,105.0,0.1887,106.47,0.2053,第一金證,半導體業,692,16215,2.36,23.43,2020-09-18,688.0,2020-10-07,732547700.0,0.5,240.0,106.47
21,2020-09-24,8044,80441,網家一,11.8,15.0,3,有擔保,6,13304,103.0,2020-09-22,105.0,112.0,1.059,93.75,105.77,0.1282,107.42,0.1458,凱基證券,數位雲端,1138,31470,2.37,27.65,2020-09-18,1330.0,2020-10-07,1429120140.0,1.5,230.0,107.42
22,2020-09-28,5263,52633,智崴三,5.7,7.0,5,無擔保,7,5951,100.0,2020-09-24,104.0,105.0,1.021,99.05,100.7,0.0167,101.64,0.0262,台新證券,文化創意業,335,11333,1.9,33.83,2020-09-22,595.0,2020-10-12,604869400.0,0.5,115.0,101.64
23,2020-10-13,6629,66291,泰金一KY,3.6,2.0,3,無擔保,6,1700,100.0,2020-10-08,63.9,59.8,1.02,106.86,106.1,-0.0071,107.88,0.0096,中信證券,居家生活,574,8668,5.1,15.1,2020-10-06,170.0,2020-10-22,183392590.0,0.5,113.0,107.88
24,2020-10-21,6477,64772,安集二,11.4,3.0,5,無擔保,6,2550,100.0,2020-10-19,59.5,42.1,1.02,141.33,115.2,-0.1849,120.18,-0.1497,國泰證券,光電業,599,8781,3.44,14.66,2020-10-15,255.0,2020-10-30,306465660.0,0.5,150.1,120.18
25,2020-10-21,5306,53063,桂盟三,12.6,10.0,3,有擔保,4,8500,103.0,2020-10-19,198.5,205.2,1.05,96.73,106.1,0.0968,107.5,0.1113,凱基證券,運動休閒,718,19924,2.34,27.75,2020-10-15,850.0,2020-10-30,913722320.0,1.0,120.0,107.5
26,2020-11-23,2636,26364,台驊四,12.7,3.0,3,無擔保,4,2550,102.0,2020-11-19,37.85,40.0,1.036,94.63,104.2,0.1012,105.09,0.1106,凱基證券,航運業,480,10480,4.11,21.83,2020-11-17,255.0,2020-12-02,267979230.0,0.5,108.69,105.09
27,2020-12-01,1626,16264,艾美特四KY,14.1,4.0,3,無擔保,7,3460,100.0,2020-11-27,26.25,27.0,1.07,97.22,100.0,0.0286,100.0,0.0286,凱基證券,電器電纜,96,1280,0.37,13.33,2020-11-25,346.0,2020-12-10,129816450.0,0.5,106.02,100.0
28,2020-12-03,3489,34891,森寶一,8.3,1.0,3,有擔保,8,900,103.0,2020-12-01,13.0,13.85,1.14,93.86,105.99,0.1292,107.48,0.1451,合庫證券,建材營造業,223,2487,2.76,11.15,2020-11-27,90.0,2020-12-14,96729890.0,0.5,112.63,107.48
29,2020-12-04,3023,30237,信邦七,23.3,13.0,3,無擔保,4,11400,101.0,2020-12-02,206.0,203.0,1.051,101.48,105.28,0.0375,108.3,0.0672,富邦證券,電子零組件業,1005,32101,2.82,31.94,2020-11-30,1140.0,2020-12-15,1234582540.0,0.5,158.28,108.3
30,2020-12-07,5546,55461,永固一KY,8.2,8.0,3,無擔保,7,6800,100.0,2020-12-03,83.9,78.8,1.023,106.47,100.11,-0.0598,102.41,-0.0382,中信證券,建材營造業,427,9989,1.47,23.39,2020-12-01,680.0,2020-12-16,696364820.0,0.5,120.0,102.41
31,2021-01-25,6706,67061,惠特一,7.2,5.0,3,無擔保,5,4250,100.0,2021-01-21,157.5,168.0,1.05,93.75,108.16,0.1537,109.28,0.1657,凱基證券,光電業,930,22780,5.36,24.49,2021-01-19,425.0,2021-02-03,464426010.0,0.5,136.0,109.28
32,2021-02-26,3713,37131,新晶投控一,7.8,5.0,3,有擔保,7,4250,102.0,2021-02-24,54.6,53.8,1.049,101.49,112.62,0.1097,113.92,0.1225,第一金證,綠能環保,727,22095,5.2,30.39,2021-02-22,425.0,2021-03-10,484175190.0,0.5,120.0,113.92
33,2021-05-04,6251,62512,定穎二,27.8,5.0,3,無擔保,5,4250,101.0,2021-04-29,22.55,23.5,1.078,95.96,107.7,0.1224,110.1,0.1474,富邦證券,電子零組件業,734,13542,3.19,18.45,2021-04-27,425.0,2021-05-13,467936910.0,0.5,121.1,110.1
34,2021-05-04,1341,13411,富林KY一,4.9,1.5,3,無擔保,6,1275,100.0,2021-04-29,82.4,75.8,1.022,108.71,112.2,0.0321,115.0,0.0579,中信證券,塑膠工業,436,6451,5.06,14.8,2021-04-27,127.0,2021-05-13,146628770.0,0.5,152.1,115.0
35,2021-05-06,3512,35121,皇龍一,8.4,4.0,3,有擔保,8,3400,100.0,2021-05-04,36.6,39.0,1.04,93.85,109.29,0.1646,112.04,0.1939,台新證券,建材營造業,420,8803,2.59,20.96,2021-04-29,340.0,2021-05-17,380938230.0,0.5,138.0,112.04
36,2021-05-06,6641,66411,基士德KY一,3.4,3.0,3,無擔保,5,2550,100.0,2021-05-04,71.6,76.0,1.05,94.21,101.5,0.0774,104.64,0.1107,永豐金證,綠能環保,189,3666,1.44,19.4,2021-04-29,255.0,2021-05-17,266842900.0,0.5,138.0,104.64
37,2021-06-02,6015,60151,宏遠一,33.1,7.0,5,無擔保,BBB,7000,100.0,2021-05-31,25.15,19.18,1.02,131.13,114.7,-0.1253,117.8,-0.1016,凱基證券,證券業,747,21079,3.01,28.22,2021-05-27,700.0,2021-06-11,824581730.0,0.5,151.3,117.8
38,2021-06-10,6179,61792,亞通二,7.4,2.0,3,有擔保,6,1700,101.0,2021-06-10,32.75,32.9,1.02,99.54,114.33,0.1485,115.29,0.1582,兆豐證券,其他業,613,11047,6.5,18.02,2021-06-04,170.0,2021-06-22,195992260.0,0.5,125.0,115.29
39,2021-07-01,2482,24822,連宇二,6.2,2.0,3,有擔保,7,1700,100.0,2021-07-01,12.5,12.65,1.025,98.81,112.8,0.1415,114.15,0.1552,國票證券,其他電子業,311,6224,3.66,20.01,2021-06-25,170.0,2021-07-12,194053150.0,0.5,117.71,114.15
40,2021-07-08,6541,65481,長科一,31.2,15.0,5,有擔保,7,12750,102.0,2021-07-06,83.1,75.0,1.042,110.8,118.28,0.0675,120.56,0.0881,凱基證券,生技醫療業,1154,41071,3.22,35.59,2021-07-02,1275.0,2021-07-19,1537201910.0,0.5,128.0,120.56
41,2021-07-09,8109,81091,博大一,7.8,3.0,3,無擔保,5,2550,100.0,2021-07-07,72.7,74.0,1.021,98.24,109.8,0.1176,111.42,0.1341,凱基證券,電子零組件業,559,12744,5.0,22.8,2021-07-05,255.0,2021-07-20,284123890.0,0.5,116.23,111.42
42,2021-07-23,2338,23383,光罩三,25.3,20.0,5,無擔保,7,17200,102.0,2021-07-21,99.0,88.8,1.024,111.49,112.56,0.0096,115.23,0.0336,凱基證券,半導體業,1154,33705,1.96,29.21,2021-07-19,1720.0,2021-08-03,1981888020.0,0.5,128.0,115.23
43,2021-07-23,3028,30284,增你強四,21.4,7.0,3,無擔保,6,5100,101.0,2021-07-21,27.65,29.0,1.034,95.34,107.33,0.1257,109.18,0.1451,群益證券,電子通路業,562,15559,3.05,27.69,2021-07-19,510.0,2021-08-03,556814850.0,0.5,115.2,109.18
44,2021-07-26,6477,64773,安集三,11.4,5.0,5,無擔保,6,4250,100.0,2021-07-22,45.8,45.3,1.022,101.1,103.88,0.0275,106.99,0.0582,福邦證券,光電業,321,7088,1.67,22.08,2021-07-20,425.0,2021-08-04,454703100.0,0.5,116.5,106.99
45,2021-07-26,6150,61505,撼訊五,4.5,7.0,3,無擔保,8,5950,100.0,2021-07-22,139.0,138.3,1.021,100.51,100.23,-0.0027,104.29,0.0376,宏遠證券,電腦及週邊設備業,333,7459,1.25,22.4,2021-07-20,595.0,2021-08-04,620518730.0,0.5,120.0,104.29
46,2021-08-04,6209,62092,今國光二,16.3,3.5,3,有擔保,6,2975,100.0,2021-08-02,33.6,35.0,1.036,96.0,113.3,0.1802,115.17,0.1997,國票證券,光電業,696,12874,4.33,18.5,2021-07-29,297.0,2021-08-13,342640330.0,0.5,123.5,115.17
47,2021-08-10,3533,35331,嘉澤一,10.3,10.0,3,無擔保,4,8800,102.0,2021-08-06,570.0,563.2,1.02,101.21,114.46,0.1309,115.45,0.1407,元大證券,電子零組件業,1352,37818,4.3,27.97,2021-08-04,880.0,2021-08-19,1015932860.0,0.6,163.5,115.45
48,2021-08-24,3339,33394,泰谷四,4.3,3.0,3,有擔保,8,2550,102.0,2021-08-20,18.8,19.8,1.02,94.95,109.3,0.1511,110.98,0.1688,富邦證券,光電業,315,7618,2.99,24.18,2021-08-18,255.0,2021-09-02,282999350.0,0.5,116.5,110.98
49,2021-08-31,6203,62031,海韻一,8.0,6.0,3,無擔保,5,5116,103.5,2021-08-27,97.2,95.8,1.02,101.46,111.1,0.095,112.84,0.1121,富邦證券,電子零組件業,550,13263,2.59,24.11,2021-08-25,511.0,2021-09-09,577269840.0,0.5,119.0,112.84
50,2021-08-31,1582,15823,信錦三,12.4,12.0,3,無擔保,4,10320,100.0,2021-08-27,70.3,66.8,1.02,105.24,108.3,0.0291,111.87,0.063,富邦證券,電子零組件業,640,18383,1.78,28.72,2021-08-25,1032.0,2021-09-09,1154510750.0,0.5,118.1,111.87
51,2021-09-07,3018,30184,同開四,7.3,3.5,3,有擔保,9,2975,102.0,2021-09-09,17.75,19.8,1.1,89.65,108.6,0.2114,110.84,0.2364,富邦證券,其他電子業,231,7623,2.56,33.0,2021-09-01,297.0,2021-09-16,329763570.0,0.5,115.11,110.84
52,2021-09-08,6190,61905,萬泰科五,14.0,3.0,3,無擔保,6,2550,101.0,2021-09-06,24.25,25.0,1.018,97.0,103.8,0.0701,106.4,0.0969,元富證券,通信網路業,162,4229,1.66,26.1,2021-09-02,255.0,2021-09-17,271310080.0,0.5,111.8,106.4
53,2021-09-14,3122,31221,笙泉一,3.8,2.0,3,有擔保,6,1700,102.0,2021-09-10,50.3,52.0,1.032,96.73,109.6,0.133,111.71,0.1549,群益證券,半導體業,249,4909,2.89,19.71,2021-09-08,170.0,2021-09-27,189899440.0,0.5,119.28,111.71
54,2021-09-14,3708,37083,上緯三,9.4,10.0,5,有擔保,6,8500,100.0,2021-09-10,91.4,99.0,1.069,92.32,106.33,0.1517,108.38,0.1739,元大證券,綠能環保,373,13269,1.56,35.57,2021-09-08,850.0,2021-09-27,921263960.0,0.5,113.94,108.38
55,2021-09-15,3708,37084,上緯四,9.4,10.0,5,無擔保,6,8500,100.0,2021-09-13,89.7,95.0,1.023,94.42,100.5,0.0644,103.45,0.0956,元大證券,綠能環保,180,9524,1.12,52.91,2021-09-09,850.0,2021-09-28,879359860.0,0.5,107.72,103.45
56,2021-09-15,8473,84732,山林水二,13.5,10.0,5,無擔保,6,8500,101.0,2021-09-13,35.95,38.0,1.053,94.61,101.0,0.0676,103.24,0.0913,兆豐證券,綠能環保,56,1597,0.19,28.52,2021-09-09,850.0,2021-09-28,164873020.0,0.5,106.8,101.0
57,2021-09-16,3483,34833,力致三,7.1,3.0,3,無擔保,6,2550,100.0,2021-09-14,83.4,83.6,1.02,99.76,106.5,0.0676,108.22,0.0848,永豐金證,電腦及週邊設備業,278,7976,3.13,28.69,2021-09-10,255.0,2021-09-29,275963920.0,0.5,113.1,108.22
58,2021-09-17,6275,62756,元山六,7.0,3.0,5,有擔保,6,2550,100.0,2021-09-15,28.6,30.0,1.062,95.33,108.6,0.1392,110.95,0.1638,第一金證,電子零組件業,257,6889,2.7,26.81,2021-09-13,255.0,2021-09-30,282924490.0,0.5,115.0,110.95
59,2021-10-01,6257,62574,矽格四,44.4,15.0,3,無擔保,4,12750,101.0,2021-09-29,58.4,65.4,1.03,89.3,104.6,0.1714,106.2,0.1893,凱基證券,半導體業,594,26059,2.04,43.87,2021-09-27,1275.0,2021-10-13,1353995740.0,0.5,110.5,106.2
60,2021-10-05,4714,47146,永捷六,13.5,3.0,5,有擔保,8,2680,101.0,2021-10-01,13.7,16.8,1.17,81.55,103.02,0.2633,105.37,0.2921,富邦證券,化學工業,142,3757,1.4,26.46,2021-09-29,268.0,2021-10-15,282394680.0,0.5,111.0,105.37
61,2021-10-07,8420,84201,明揚一,5.1,5.0,3,無擔保,6,4250,102.0,2022-09-28,67.5,75.0,1.02,90.0,102.38,0.1376,103.98,0.1553,台新證券,運動休閒,181,6931,1.63,38.29,2022-09-22,425.0,2022-10-07,437666000.0,0.5,106.0,102.98
62,2021-10-14,8103,81034,瀚荃四,7.9,5.0,3,無擔保,5,4250,101.0,2021-10-08,45.8,42.2,1.02,108.53,104.28,-0.0392,105.8,-0.0252,群益證券,電子零組件業,325,8572,2.02,26.38,2021-10-05,425.0,2021-10-21,449652530.0,0.5,114.15,105.8
63,2021-10-14,3576,35763,聯合再生三,151.0,30.0,3,有擔保,7,27000,102.0,2021-10-08,20.65,20.9,1.021,98.8,102.35,0.0359,104.18,0.0544,凱基證券,光電業,554,31011,1.15,55.98,2021-10-06,2700.0,2021-10-25,2812889950.0,0.5,114.7,104.18
64,2021-10-14,6552,65521,易華電一,8.3,5.0,5,有擔保,6,4250,102.5,2021-10-12,54.7,63.5,1.076,86.14,104.89,0.2176,106.63,0.2378,台新證券,半導體業,324,9921,2.33,30.62,2021-10-07,425.0,2021-10-25,453198380.0,0.5,115.0,106.63
65,2021-10-19,4739,47393,康普三,10.3,7.0,5,有擔保,5,6050,100.0,2021-10-15,123.0,110.0,1.051,111.82,113.89,0.0185,116.01,0.0375,福邦證券,化學工業,795,22128,3.66,27.83,2021-10-13,605.0,2021-10-28,701846690.0,0.5,125.11,116.01
66,2021-10-20,6509,65095,聚和五,17.3,3.0,3,無擔保,5,2600,102.0,2021-10-18,56.5,55.9,1.02,101.07,107.99,0.0684,110.12,0.0895,台新證券,化學工業,381,9974,3.84,26.18,2021-10-14,260.0,2021-10-29,286317270.0,0.5,123.9,110.12
67,2021-10-27,4714,47147,永捷七,17.8,2.0,3,無擔保,8,1785,100.0,2021-10-25,14.25,14.0,1.02,101.79,102.38,0.0058,103.76,0.0194,富邦證券,化學工業,161,3912,2.19,24.3,2021-10-21,178.0,2021-11-05,185211190.0,0.5,109.8,103.76
68,2021-11-02,6616,66162,特昇二-KY,3.6,1.2,3,無擔保,6,1020,101.0,2021-10-29,22.3,22.8,1.05,97.81,101.0,0.0326,101.76,0.0404,第一金證,居家生活,44,576,0.56,13.09,2021-10-27,102.0,2021-11-11,50877860.0,0.5,107.0,101.0
69,2021-11-11,1609,16094,大亞四,59.5,12.0,5,無擔保,5,10320,101.0,2021-11-09,27.6,28.8,1.06,95.83,106.89,0.1154,108.31,0.1302,凱基證券,電器電纜,1164,41122,3.98,35.33,2021-11-05,1032.0,2021-11-22,1117729060.0,0.5,116.5,108.31
70,2021-11-11,6283,62832,淳安二,14.8,3.0,3,有擔保,6,2550,100.0,2021-11-09,49.1,55.1,1.02,89.11,109.28,0.2263,110.78,0.2432,中信證券,其他電子業,844,17102,6.71,20.26,2021-11-05,255.0,2021-11-22,282500280.0,1.0,120.5,110.78
71,2021-11-16,2069,20694,運錩四,15.6,3.0,3,無擔保,7,2550,100.0,2021-11-12,35.55,31.5,1.024,112.86,109.91,-0.0261,111.6,-0.0111,台新證券,鋼鐵工業,393,8160,3.2,20.76,2021-11-10,255.0,2021-11-25,284589610.0,0.5,117.99,111.6
72,2021-11-29,2066,20661,世德一,3.7,4.0,3,無擔保,6,3410,103.0,2021-11-25,61.6,63.1,1.02,97.62,109.1,0.1176,110.21,0.1289,台新證券,電機機械,616,15035,4.41,24.41,2021-11-23,341.0,2021-12-08,375808410.0,0.5,113.14,110.21
73,2021-11-29,6578,65781,達邦蛋白一,3.0,2.0,3,有擔保,6,1700,101.0,2021-11-25,17.9,18.5,1.048,96.76,110.78,0.1449,112.02,0.1577,兆豐證券,農業科技業,413,9184,5.4,22.24,2021-11-23,170.0,2021-12-08,190431500.0,0.5,115.1,112.02
74,2021-12-01,8927,89276,北基六,19.8,3.0,3,無擔保,7,2700,100.0,2021-11-29,33.15,35.5,1.05,93.38,100.0,0.0709,103.04,0.1034,合庫證券,油電燃氣業,173,2542,0.94,14.69,2021-11-25,270.0,2021-12-10,261927730.0,0.5,111.38,100.0
75,2021-12-01,6654,66541,天正國際一,3.7,4.0,3,有擔保,6,3400,102.5,2021-11-29,103.0,98.0,1.023,105.1,115.1,0.0951,116.41,0.1076,凱基證券,其他電子業,912,22722,6.68,24.91,2021-11-25,340.0,2021-12-10,395792660.0,0.5,121.96,116.41
76,2021-12-09,1909,19094,榮成四,128.0,7.0,3,無擔保,7,5950,102.0,2021-12-07,24.55,26.1,1.07,94.06,107.0,0.1376,108.58,0.1544,台新證券,造紙工業,720,19387,3.26,26.93,2021-12-03,595.0,2021-12-20,646048920.0,0.5,120.0,108.58
77,2021-12-22,4566,45662,時碩二,7.2,6.3,3,無擔保,5,5355,101.0,2021-12-20,46.05,47.0,1.043,97.98,110.08,0.1235,111.8,0.1411,凱基證券,電機機械,811,23230,4.34,28.64,2021-12-16,535.0,2022-01-03,598662850.0,0.5,305.0,111.8
78,2021-12-29,3268,32681,海德威一,3.3,2.0,3,有擔保,7,1700,104.0,2021-12-27,29.3,29.2,1.025,100.34,114.93,0.1454,115.76,0.1536,合庫證券,半導體業,740,14059,8.27,19.0,2021-12-23,170.0,2022-01-10,196788580.0,0.5,120.0,115.76
79,2022-01-03,2061,20612,風青二,4.7,1.0,3,有擔保,8,850,100.0,2021-12-29,22.9,22.7,1.02,100.88,117.39,0.1636,118.94,0.179,中信證券,電器電纜,465,8057,9.48,17.33,2021-12-27,85.0,2022-01-12,101097900.0,1.0,122.11,118.94
80,2022-01-07,3138,31381,耀登一,4.7,4.0,3,有擔保,7,3400,100.0,2022-01-05,237.5,230.0,1.038,103.26,118.45,0.1471,121.0,0.1718,國票證券,通信網路業,947,22623,6.65,23.89,2022-01-03,340.0,2022-01-18,411409590.0,0.5,200.0,121.0
81,2022-01-10,6715,67151,嘉基一,5.7,3.0,3,無擔保,5,2550,100.0,2022-01-06,123.0,123.4,1.02,99.68,114.2,0.1457,116.22,0.166,中信證券,電子零組件業,581,15355,6.02,26.43,2022-01-04,255.0,2022-01-19,296356590.0,0.5,118.89,116.22
82,2022-01-12,8147,81472,正凌二,3.1,2.0,3,無擔保,6,1700,102.0,2022-01-10,59.6,63.8,1.02,93.42,109.0,0.1668,111.28,0.1912,富邦證券,電子零組件業,230,4939,2.91,21.47,2022-01-06,170.0,2022-01-21,189168260.0,0.5,115.25,111.28
83,2022-01-13,1532,15324,勤美四,37.6,15.0,3,無擔保,6,12750,100.5,2022-01-11,33.05,34.2,1.04,96.64,108.0,0.1176,110.04,0.1387,台新證券,電機機械,757,34721,2.72,45.87,2022-01-07,1275.0,2022-01-24,1403055610.0,0.5,117.5,110.04
84,2022-01-14,8367,83671,建新一,8.1,7.0,3,無擔保,6,5950,100.0,2022-01-12,49.0,55.0,1.028,89.09,104.8,0.1763,106.94,0.2003,凱基證券,航運業,459,20488,3.44,44.64,2022-01-10,595.0,2022-01-25,636313800.0,0.5,116.0,106.94
85,2022-01-17,1533,15332,車王電二,9.9,10.0,3,無擔保,6,8500,100.0,2022-01-17,60.7,73.5,1.05,82.59,102.51,0.2413,109.58,0.3269,凱基證券,汽車工業,422,20345,2.39,48.21,2022-01-11,850.0,2022-01-26,896873940.0,0.5,115.0,105.51
86,2022-02-11,6187,61874,萬潤四,8.3,10.0,3,無擔保,5,8500,103.0,2022-02-09,126.0,127.0,1.027,99.21,111.46,0.1234,110.58,0.1146,台新證券,其他電子業,1279,38586,4.54,30.17,2022-02-07,850.0,2022-02-22,958665010.0,0.5,122.5,112.78
87,2022-02-17,1474,14742,弘裕二,13.0,3.0,3,無擔保,6,2550,102.0,2022-01-17,15.7,16.0,1.022,98.13,106.8,0.0884,109.01,0.1109,兆豐證券,紡織纖維,289,6023,2.36,20.84,2022-01-11,255.0,2022-01-26,277970700.0,0.5,120.0,109.01
88,2022-02-18,1617,16173,榮星三,14.4,2.0,5,無擔保,6,1800,100.0,2022-02-16,17.95,18.5,1.031,97.03,111.0,0.144,111.8,0.1523,台新證券,電器電纜,520,11451,6.36,22.02,2022-02-14,180.0,2022-03-02,201234760.0,0.5,113.1,111.8
89,2022-03-11,2065,20652,世豐二,4.6,6.0,3,無擔保,5,5100,101.0,2022-03-09,50.3,61.0,1.142,82.46,106.21,0.288,107.64,0.3054,富邦證券,鋼鐵工業,599,17957,3.52,29.98,2022-03-07,510.0,2022-03-22,548940450.0,0.5,113.0,107.64
90,2022-03-16,2012,20121,春雨一,28.8,7.0,3,有擔保,6,5950,100.0,2022-03-14,31.55,37.5,1.15,84.13,108.66,0.2915,111.31,0.323,國票證券,鋼鐵工業,434,13173,2.21,30.35,2022-03-10,595.0,2022-03-25,662286860.0,0.5,115.68,111.31
91,2022-03-16,2012,20122,春雨二,28.8,5.0,3,有擔保,6,4250,100.0,2022-03-14,31.55,37.5,1.15,84.13,108.76,0.2927,111.51,0.3254,國票證券,鋼鐵工業,351,9992,2.35,28.47,2022-03-10,425.0,2022-03-25,473930510.0,0.5,115.3,111.51
92,2022-03-16,2012,20123,春雨三,28.8,4.0,3,有擔保,6,3400,100.0,2022-03-14,31.55,37.5,1.15,84.13,108.66,0.2915,111.25,0.3223,國票證券,鋼鐵工業,282,7714,2.27,27.35,2022-03-10,340.0,2022-03-25,378254850.0,0.5,115.58,111.25
93,2022-03-25,3707,37074,漢磊四,31.4,10.0,3,有擔保,7,8870,101.0,2022-03-23,130.5,118.8,1.025,109.85,123.26,0.1221,124.85,0.1366,凱基證券,半導體業,1402,36687,4.14,26.17,2022-03-21,887.0,2022-04-07,1107443300.0,1.0,136.81,124.85
94,2022-03-29,6670,66701,復盛一,13.1,15.0,3,無擔保,3,12750,102.0,2022-03-25,202.0,208.0,1.035,97.12,110.68,0.1397,112.01,0.1534,富邦證券,運動休閒,1147,39987,3.14,34.86,2022-03-23,1275.0,2022-04-11,1428079540.0,0.5,124.0,112.01
95,2022-04-19,3548,35481,兆利一,6.0,4.0,3,無擔保,5,3425,101.0,2022-04-15,65.4,72.0,1.029,90.83,108.52,0.1947,109.57,0.2063,永豐金證,電子零組件業,549,15913,4.65,28.99,2022-04-13,342.0,2022-04-28,375282180.0,0.5,112.13,109.57
96,2022-04-26,3687,36871,歐買尬一,3.0,6.0,3,有擔保,5,5100,102.0,2022-04-22,147.5,150.6,1.046,97.94,111.56,0.139,113.52,0.1591,第一金證,數位雲端,572,16369,3.21,28.62,2022-04-20,510.0,2022-05-06,578964060.0,0.5,118.5,113.52
97,2022-04-29,4763,47633,材料KY三,5.9,5.0,5,無擔保,5,4250,101.0,2022-04-25,98.6,102.1,1.02,96.57,101.0,0.0459,102.73,0.0638,富邦證券,化學工業,101,2710,0.64,26.83,2022-04-25,425.0,2022-05-11,278409540.0,0.5,111.3,101.0
98,2022-05-24,1342,13421,八貫一,6.8,2.0,3,有擔保,6,1780,100.0,2022-05-20,73.6,72.0,1.038,102.22,111.52,0.091,112.93,0.1048,元大證券,其他業,406,9568,5.38,23.57,2022-05-18,178.0,2022-06-02,201013900.0,0.5,121.57,112.93
99,2022-05-25,6570,65701,維田一,3.0,1.5,3,無擔保,6,1275,100.0,2022-05-23,40.5,40.8,1.02,99.26,103.1,0.0386,104.61,0.0538,中信證券,電腦及週邊設備業,158,3328,2.61,21.06,2022-05-19,127.0,2022-06-06,133372770.0,0.5,111.55,104.61
100,2022-05-27,5288,52881,豐祥一KY,6.6,5.0,3,無擔保,4,4260,100.0,2022-05-25,152.0,153.0,1.03,99.35,100.79,0.0145,103.82,0.045,元大證券,電機機械,168,8179,1.92,48.68,2022-05-23,426.0,2022-06-08,442272670.0,0.5,116.1,103.82
101,2022-06-02,6134,61342,萬旭二,7.3,2.0,3,有擔保,7,1720,103.0,2022-05-31,25.0,21.6,1.02,115.74,113.89,-0.016,116.23,0.0042,中信證券,電子零組件業,242,5920,3.44,24.46,2022-05-27,172.0,2022-06-14,199908830.0,1.0,122.2,116.23
102,2022-06-10,3645,36451,達邁一,13.1,6.0,3,無擔保,6,5220,101.0,2022-06-08,60.0,57.0,1.027,105.26,106.19,0.0088,108.67,0.0324,元大證券,電子零組件業,406,13737,2.63,33.83,2022-06-06,522.0,2022-06-21,567243770.0,0.5,124.5,108.67
103,2022-06-16,4168,41683,醣聯三,10.9,4.0,3,有擔保,7,3400,100.0,2022-06-14,26.8,27.5,1.044,97.45,102.4,0.0507,105.16,0.0791,台新證券,生技醫療業,205,5075,1.49,24.76,2022-06-10,340.0,2022-06-27,357534190.0,0.5,113.95,105.16
104,2022-06-28,2497,24972,怡利電二,11.9,3.0,3,有擔保,7,2550,100.0,2022-06-24,80.3,85.0,1.025,94.47,103.62,0.0968,104.97,0.1111,國票證券,汽車工業,299,7132,2.8,23.85,2022-06-22,255.0,2022-07-07,267664620.0,0.5,111.99,104.97
105,2022-07-11,8938,89383,明安三,13.5,10.0,3,無擔保,4,8500,102.0,2022-07-07,76.5,81.0,1.023,94.44,102.0,0.08,102.87,0.0892,台新證券,運動休閒,150,7124,0.84,47.49,2022-07-05,850.0,2022-07-20,732872950.0,0.5,106.6,102.0
106,2022-07-12,6477,64774,安集四,11.4,10.0,5,無擔保,6,8500,100.0,2022-07-08,53.3,53.9,1.02,98.89,100.0,0.0113,100.91,0.0205,福邦證券,光電業,249,12402,1.46,49.81,2022-07-06,850.0,2022-07-21,857727990.0,0.5,107.0,100.91
107,2022-07-12,3209,32094,全科四,18.9,6.0,3,無擔保,6,5100,101.0,2022-07-08,36.3,38.2,1.02,95.03,101.0,0.0629,101.31,0.0661,富邦證券,電子通路業,35,942,0.18,26.91,2022-07-06,510.0,2022-07-21,95431360.0,0.5,106.25,101.0
108,2022-07-19,2641,26415,正德五,18.9,6.0,3,無擔保,6,5138,101.0,2022-07-15,19.85,19.99,1.02,99.3,101.0,0.0171,101.18,0.0189,台中銀證,航運業,91,2406,0.47,26.44,2022-07-13,513.0,2022-07-28,243437180.0,0.5,105.37,101.0
109,2022-08-10,8442,84421,威宏KY一,6.0,3.0,3,無擔保,6,2569,102.0,2022-08-08,65.0,65.0,1.02,100.0,103.95,0.0395,105.71,0.0571,富邦證券,其他業,278,7034,2.74,25.3,2022-08-04,256.0,2022-08-19,271580070.0,0.5,115.0,105.71
110,2022-08-16,5245,52451,智晶一,4.5,3.0,3,有擔保,6,2700,102.0,2022-08-12,64.2,64.9,1.02,98.92,105.62,0.0677,107.29,0.0846,合庫證券,光電業,422,9586,3.55,22.72,2022-08-10,270.0,2022-08-25,289688740.0,1.0,111.0,107.29
111,2022-08-25,4555,45553,氣立三,6.7,6.0,3,有擔保,6,5100,103.5,2022-08-23,57.2,60.0,1.056,95.33,103.5,0.0857,104.42,0.0953,富邦證券,電機機械,186,4567,0.9,24.55,2022-08-19,510.0,2022-09-05,476870940.0,0.5,107.11,103.5
112,2022-08-31,6469,64692,大樹二,5.4,10.0,3,無擔保,4,8500,100.0,2022-08-31,295.0,304.98,1.02,96.73,101.89,0.0534,104.21,0.0774,統一證券,生技醫療業,377,15124,1.78,40.12,2022-08-25,850.0,2022-09-12,885772730.0,0.5,120.0,104.21
113,2022-09-19,6472,64722,保瑞二,5.4,8.0,5,有擔保,6,6800,100.0,2022-09-19,312.5,300.0,1.02,104.17,104.1,-0.0006,106.3,0.0205,台新證券,生技醫療業,577,14104,2.07,24.44,2022-09-13,680.0,2022-09-28,722827730.0,0.5,112.1,106.3
114,2022-09-19,2358,23581,廷鑫一,12.5,3.0,3,有擔保,8,2625,103.0,2022-09-19,14.9,15.15,1.042,98.35,105.6,0.0737,106.63,0.0842,合庫證券,其他電子業,289,7052,2.69,24.4,2022-09-13,262.0,2022-09-28,279914920.0,1.0,109.0,106.63
115,2022-09-21,4416,44163,三圓三,6.0,10.0,5,有擔保,8,9500,100.5,2022-09-21,80.7,81.0,1.023,99.63,100.5,0.0087,102.31,0.0269,第一金證,建材營造業,180,7066,0.74,39.26,2022-09-15,950.0,2022-09-30,722931140.0,0.5,106.1,100.5
116,2022-09-22,4438,44382,廣越二,10.3,15.0,3,無擔保,4,12845,101.0,2022-09-22,130.5,138.0,1.027,94.57,101.0,0.068,101.64,0.0748,凱基證券,紡織纖維,302,13258,1.03,43.9,2022-09-16,1284.0,2022-10-03,1305597020.0,0.5,106.62,101.64
117,2022-10-13,4540,45401,全球傳動一,9.4,5.0,3,有擔保,6,4250,101.0,2022-10-13,33.9,40.5,1.05,83.7,101.38,0.2112,102.23,0.2213,凱基證券,電機機械,268,9022,2.12,33.66,2022-10-06,425.0,2022-10-24,434478090.0,0.5,106.8,102.23
118,2022-10-20,6190,61906,萬泰科六,14.0,8.0,3,無擔保,6,6800,101.0,2022-10-20,32.55,36.2,1.016,89.92,101.0,0.1233,101.89,0.1332,元富證券,通信網路業,90,3027,0.45,33.63,2022-10-14,680.0,2022-10-31,239139410.0,0.5,105.56,101.0
119,2022-11-09,1599,15991,宏佳騰一,7.6,3.0,3,有擔保,5,2550,101.0,2022-11-09,41.0,43.3,1.05,94.69,101.88,0.076,103.07,0.0885,富邦證券,電機機械,159,4213,1.65,26.5,2022-11-03,255.0,2022-11-18,262828070.0,0.5,108.0,103.07
120,2022-11-11,3290,32903,東浦三,10.0,3.0,3,有擔保,7,2700,100.0,2022-11-11,21.35,20.4,1.02,104.66,106.5,0.0176,106.85,0.021,統一證券,電子零組件業,239,9318,3.45,38.99,2022-11-07,270.0,2022-11-22,288487550.0,0.5,108.11,106.85
121,2022-11-11,8422,84221,可寧衛一,10.9,25.0,5,無擔保,4,21250,101.0,2022-11-11,170.0,170.0,1.02,100.0,101.02,0.0102,102.37,0.0237,台新證券,綠能環保,374,22182,1.04,59.31,2022-11-07,2125.0,2022-11-22,2175308810.0,0.5,106.22,102.37
122,2022-11-17,5225,52251,東科KY一,6.1,3.5,3,有擔保,6,3150,101.0,2022-11-17,40.5,39.2,1.03,103.32,104.89,0.0152,106.42,0.03,凱基證券,其他電子業,302,9454,3.0,31.3,2022-11-11,315.0,2022-11-28,335224810.0,0.5,110.0,106.42
123,2022-11-28,4744,47442,皇將二,4.7,1.5,3,有擔保,6,1380,100.0,2022-11-28,25.85,27.0,1.038,95.74,103.89,0.0851,104.82,0.0948,福邦證券,生技醫療業,210,5457,3.95,25.99,2022-11-22,138.0,2022-12-07,144656600.0,1.0,107.11,104.82
124,2022-12-01,3023,30238,信邦八,23.3,10.0,3,無擔保,4,8500,101.0,2022-12-01,269.0,286.5,1.04,93.89,103.2,0.0991,104.5,0.113,台新證券,電子零組件業,408,18825,2.21,46.14,2022-11-25,850.0,2022-12-12,888290480.0,0.5,107.89,104.5
125,2022-12-01,4540,45402,全球傳動二,9.4,3.0,3,無擔保,6,2550,100.0,2022-12-01,35.75,37.0,1.022,96.62,100.0,0.035,100.17,0.0367,凱基證券,電機機械,87,3340,1.31,38.39,2022-11-25,255.0,2022-12-12,255426270.0,0.5,102.1,100.17
126,2022-12-05,6593,65931,台灣銘版一,2.0,3.0,3,有擔保,7,2550,100.0,2022-12-05,39.75,37.8,1.02,105.16,107.7,0.0242,109.71,0.0433,統一證券,資訊服務業,184,7133,2.8,38.77,2022-11-29,255.0,2022-12-14,279766660.0,0.5,120.0,109.71
127,2022-12-20,4968,49681,立積一,6.3,3.0,3,無擔保,4,2550,101.0,2022-07-18,138.0,137.2,1.02,100.58,103.38,0.0278,104.98,0.0437,台新證券,半導體業,228,5931,2.33,26.01,2022-07-14,255.0,2022-07-29,267710450.0,0.5,110.2,104.98
128,2022-12-27,2230,22304,泰茂四,4.0,3.0,3,有擔保,8,2700,100.0,2022-12-23,30.1,29.0,1.026,103.79,109.95,0.0593,110.42,0.0638,統一證券,電機機械,329,8984,3.33,27.31,2022-12-21,270.0,2023-01-06,298144150.0,0.5,111.5,110.42
129,2022-12-30,6486,64862,互動二,3.9,6.0,3,有擔保,6,5100,101.0,2022-12-28,62.8,60.7,1.02,103.46,104.23,0.0074,106.15,0.026,富邦證券,通信網路業,302,8601,1.69,28.48,2022-12-26,510.0,2023-01-11,541348980.0,0.5,120.0,106.15
130,2023-02-09,1589,15894,永冠四KY,11.1,15.0,5,無擔保,6,13500,100.0,2023-02-07,67.7,62.3,1.021,108.67,100.51,-0.0751,104.23,-0.0408,永豐金證,電機機械,409,15003,1.11,36.68,2023-02-03,1350.0,2023-02-20,1407155910.0,0.5,112.52,104.23
131,2023-02-24,3533,35332,嘉澤二,10.3,10.0,3,無擔保,4,8800,102.0,2023-02-22,818.0,862.1,1.02,94.88,106.59,0.1234,108.14,0.1397,元大證券,電子零組件業,837,34481,3.92,41.2,2023-02-20,880.0,2023-03-09,951609470.0,0.6,120.0,108.14
132,2023-03-10,3663,36633,鑫科三,7.4,2.0,3,有擔保,6,1700,101.5,2023-03-08,30.5,30.9,1.035,98.71,108.11,0.0953,109.8,0.1124,富邦證券,其他電子業,355,9433,5.55,26.57,2023-03-06,170.0,2023-03-21,186655190.0,0.5,129.0,109.8
133,2023-03-10,5450,54501,南良一,12.2,5.0,5,有擔保,7,4250,100.5,2023-03-08,21.15,18.8,1.026,112.5,113.28,0.0069,116.23,0.0332,富邦證券,其他業,456,13528,3.18,29.67,2023-03-06,425.0,2023-03-21,493967970.0,0.5,125.65,116.23
134,2023-04-17,4123,41236,晟德六,45.9,7.0,5,有擔保,6,5950,100.0,2023-04-13,48.3,48.0,1.041,100.63,109.1,0.0842,110.08,0.094,元富證券,生技醫療業,681,21349,3.59,31.35,2023-04-11,595.0,2023-04-26,654998900.0,0.5,125.6,110.08
135,2023-05-15,2421,24213,建準三,25.1,12.0,5,無擔保,5,10200,100.0,2023-05-11,65.0,54.9,1.035,118.4,113.52,-0.0412,115.52,-0.0243,台新證券,電子零組件業,620,23927,2.35,38.59,2023-05-09,1020.0,2023-05-24,1178337000.0,0.5,121.13,115.52
136,2023-05-19,4129,41294,聯合四,8.8,5.0,3,無擔保,6,4250,100.0,2023-05-17,62.5,61.7,1.021,101.3,105.03,0.0369,106.57,0.0521,凱基證券,生技醫療業,443,15667,3.69,35.37,2023-05-15,425.0,2023-05-30,452918350.0,0.5,114.0,106.57
137,2023-05-24,4906,49066,正文六,36.3,15.0,3,無擔保,6,13201,101.0,2023-05-22,30.5,30.8,1.022,99.03,102.33,0.0334,103.82,0.0484,凱基證券,通信網路業,535,23142,1.75,43.26,2023-05-18,1320.0,2023-06-02,1370592120.0,0.5,110.01,103.82
138,2023-05-31,9906,99061,欣巴巴一,8.3,2.0,3,有擔保,8,1700,101.0,2023-05-29,50.8,53.8,1.1,94.42,108.83,0.1526,110.0,0.165,統一證券,建材營造業,213,5818,3.42,27.31,2023-05-25,170.0,2023-06-09,187007330.0,0.5,115.0,110.0
139,2023-06-05,6279,62791,胡連一,10.0,15.0,3,無擔保,4,12750,102.0,2023-06-01,148.0,146.5,1.021,101.02,107.21,0.0612,108.61,0.0751,永豐金證,電子零組件業,1044,34318,2.69,32.87,2023-05-30,1275.0,2023-06-14,1384715900.0,0.5,138.88,108.61
140,2023-06-07,3617,36172,碩天二,8.1,12.0,5,無擔保,5,10200,100.0,2023-06-05,199.5,200.0,1.025,99.75,105.5,0.0576,107.64,0.0791,宏遠證券,其他電子業,652,23369,2.29,35.84,2023-06-01,1020.0,2023-06-16,1097954960.0,0.5,150.0,107.64
141,2023-06-08,6804,68041,明係一,3.5,2.0,3,無擔保,6,1700,102.0,2023-06-06,71.1,73.8,1.035,96.34,102.93,0.0684,104.24,0.082,兆豐證券,運動休閒,171,4158,2.45,24.32,2023-06-02,170.0,2023-06-19,177199790.0,0.5,109.0,104.24
142,2023-06-09,3587,35871,閎康一,6.2,6.0,3,無擔保,4,5100,102.0,2023-06-07,231.5,218.0,1.034,106.19,112.53,0.0597,113.69,0.0706,元大證券,其他電子業,951,30207,5.92,31.76,2023-06-05,510.0,2023-06-20,579832050.0,0.5,150.0,113.69
143,2023-06-12,5608,56086,四維航六,27.9,5.0,3,無擔保,7,4250,100.0,2023-06-08,23.55,23.8,1.031,98.95,105.22,0.0634,107.71,0.0885,永豐金證,航運業,293,8696,2.05,29.68,2023-06-06,425.0,2023-06-21,457763900.0,0.5,112.32,107.71
144,2023-06-21,3092,30922,鴻碩二,9.1,2.5,3,無擔保,7,2125,100.0,2023-06-19,39.0,37.6,1.022,103.72,105.1,0.0133,107.33,0.0348,凱基證券,電子零組件業,439,10219,4.81,23.28,2023-06-15,212.0,2023-07-04,228066890.0,0.5,113.25,107.33
145,2023-07-13,5230,52303,雷迪克三,4.7,3.0,3,無擔保,7,2550,101.5,2023-07-11,24.35,23.6,1.02,103.18,110.68,0.0727,111.88,0.0843,富邦證券,光電業,545,14459,5.67,26.53,2023-07-07,255.0,2023-07-24,285286060.0,0.5,114.0,111.88
146,2023-07-20,2066,20662,世德二,3.7,4.0,3,無擔保,6,3400,101.5,2023-07-18,103.0,101.0,1.018,101.98,109.0,0.0688,109.91,0.0778,統一證券,電機機械,582,14802,4.35,25.43,2023-07-14,340.0,2023-07-31,373682990.0,0.5,113.0,109.91
147,2023-07-20,9958,99586,世紀剛六,23.1,15.0,3,無擔保,5,13410,100.0,2023-07-18,141.5,141.0,1.02,100.35,105.33,0.0496,107.77,0.0739,永豐金證,鋼鐵工業,766,25776,1.92,33.65,2023-07-14,1341.0,2023-07-31,1445189830.0,0.5,128.0,107.77
148,2023-07-26,6472,64723,保瑞三,5.4,17.0,5,無擔保,6,14450,100.0,2023-04-24,1010.0,808.0,1.03,125.0,115.74,-0.0741,119.35,-0.0452,台新證券,生技醫療業,801,24035,1.66,30.01,2023-07-20,1445.0,2023-08-04,1724565020.0,0.5,132.5,119.35
149,2023-08-07,2236,22362,百達二KY,4.6,2.0,3,無擔保,7,1700,100.5,2023-08-07,64.5,66.0,1.031,97.73,101.52,0.0388,103.79,0.062,台新證券,汽車工業,137,2540,1.49,18.54,2023-08-03,170.0,2023-08-18,176447120.0,0.5,110.0,103.79
150,2023-08-14,3088,30882,艾訊二,8.3,8.0,3,無擔保,5,7020,100.0,2023-08-15,97.7,109.5,1.023,89.22,104.2,0.1679,106.0,0.188,凱基證券,電腦及週邊設備業,643,24370,3.47,37.9,2023-08-11,702.0,2023-08-28,744123380.0,0.5,115.0,106.0
151,2023-08-16,6796,67961,晉弘一,3.5,2.0,3,無擔保,7,1780,100.0,2023-08-14,106.5,123.0,1.049,86.59,102.55,0.1844,104.16,0.203,福邦證券,生技醫療業,213,7289,4.09,34.22,2023-08-10,178.0,2023-08-25,185403370.0,0.5,115.0,104.16
152,2023-08-21,1586,15864,和勤四,8.4,2.0,3,有擔保,7,1720,100.0,2023-08-17,31.4,33.39,1.05,94.04,106.11,0.1283,107.2,0.1399,合庫證券,電機機械,180,4730,2.75,26.28,2023-08-15,172.0,2023-08-30,184381070.0,1.0,112.22,107.2
153,2023-08-31,2436,24361,偉詮電一,17.8,11.0,3,無擔保,5,9350,101.0,2023-08-29,66.7,61.2,1.029,108.99,110.1,0.0102,112.15,0.029,台新證券,半導體業,784,26455,2.83,33.74,2023-08-25,935.0,2023-09-11,1048604110.0,0.5,119.91,112.15
154,2023-09-08,1526,15261,日馳一,6.0,5.0,3,無擔保,6,4250,101.0,2023-09-06,36.05,38.0,1.068,94.87,102.12,0.0764,103.81,0.0943,富邦證券,電機機械,284,6527,1.54,22.98,2023-09-04,425.0,2023-09-19,441204380.0,0.5,108.2,103.81
155,2023-09-11,2906,29061,高林一,20.9,10.0,3,無擔保,5,9000,100.0,2023-09-07,17.85,18.0,1.021,99.17,104.23,0.0511,105.28,0.0616,元富證券,貿易百貨業,597,20869,2.32,34.96,2023-09-05,900.0,2023-09-20,947521540.0,0.5,110.82,105.28
156,2023-09-26,5209,52091,新鼎一,2.7,3.0,3,無擔保,5,2677,102.0,2023-09-22,172.0,177.0,1.023,97.18,108.43,0.1158,109.46,0.1264,凱基證券,其他業,631,17316,6.47,27.44,2023-09-20,267.0,2023-10-06,293026870.0,0.5,112.5,109.46
157,2023-10-11,8442,84422,威宏二KY,6.0,4.0,3,有擔保,6,3415,102.0,2023-10-05,85.1,84.3,1.02,100.95,110.44,0.094,111.6,0.1055,富邦證券,其他業,499,13972,4.09,28.0,2023-09-28,341.0,2023-10-19,381125480.0,0.5,115.5,111.6
158,2023-10-17,6585,65851,鼎基一,6.9,5.0,3,有擔保,6,4350,102.0,2023-10-13,118.0,120.9,1.05,97.6,110.69,0.1341,111.96,0.1471,第一金證,其他業,487,13122,3.02,26.94,2023-10-11,435.0,2023-10-26,487025980.0,0.5,120.56,111.96
159,2023-10-18,3006,30061,晶豪科一,28.6,10.0,3,無擔保,5,8500,101.0,2023-10-16,93.9,85.6,1.025,109.7,113.88,0.0381,115.42,0.0522,凱基證券,半導體業,1008,36256,4.27,35.97,2023-10-12,850.0,2023-10-27,981040090.0,0.5,121.7,115.42
160,2023-10-30,5306,53064,桂盟四,12.6,10.0,3,有擔保,4,8520,100.0,2023-10-26,126.5,130.5,1.024,96.93,106.3,0.0966,108.44,0.1187,凱基證券,運動休閒,503,21802,2.56,43.34,2023-10-24,852.0,2023-11-08,923929400.0,0.5,131.0,108.44
161,2023-11-01,2063,20632,世鎧二,5.0,6.0,3,無擔保,5,5400,100.5,2023-10-30,43.9,55.0,1.058,79.82,105.15,0.3174,107.32,0.3446,富邦證券,鋼鐵工業,292,9868,1.83,33.79,2023-10-26,540.0,2023-11-10,579547930.0,0.5,111.38,107.32
162,2023-11-07,3013,30133,晟銘電三,15.6,4.0,3,有擔保,7,3400,101.0,2023-11-03,43.8,43.5,1.02,100.69,112.23,0.1146,112.3,0.1153,中信證券,電腦及週邊設備業,410,13088,3.85,31.92,2023-11-01,340.0,2023-11-16,381809530.0,1.0,118.0,112.3
163,2023-11-13,6806,68061,森崴一,21.6,30.0,3,有擔保,9,28350,100.0,2023-11-09,108.5,114.0,1.096,95.18,102.9,0.0812,105.76,0.1112,福邦證券,綠能環保,917,45146,1.59,49.23,2023-11-07,2835.0,2023-11-22,2998205890.0,0.5,115.5,105.76
164,2023-11-16,4566,45663,時碩三,8.2,8.0,3,無擔保,5,6935,100.0,2023-11-14,51.5,52.0,1.027,99.04,104.21,0.0522,106.15,0.0718,凱基證券,電機機械,513,17407,2.51,33.93,2023-11-10,693.0,2023-11-27,736158820.0,0.5,122.0,106.15
165,2023-11-21,6126,61263,信音三,11.7,5.0,3,無擔保,6,4750,100.0,2023-11-17,27.7,28.0,1.038,98.93,102.6,0.0371,104.18,0.0531,元大證券,電子零組件業,257,6743,1.42,26.24,2023-11-15,475.0,2023-11-30,494875580.0,0.5,107.0,104.18
166,2023-11-24,2368,23682,金像電二,49.2,40.0,5,無擔保,4,34000,105.0,2023-11-22,221.0,223.1,1.02,99.06,105.12,0.0612,107.16,0.0818,富邦證券,電子零組件業,797,42859,1.26,53.78,2023-11-20,3400.0,2023-12-05,3643279440.0,0.5,130.0,107.16
167,2023-11-27,8996,89964,高力四,8.9,10.0,5,無擔保,5,8500,101.0,2023-11-23,245.0,240.0,1.039,102.08,111.6,0.0932,113.8,0.1148,兆豐證券,電機機械,1031,34645,4.08,33.6,2023-11-21,850.0,2023-12-06,967263040.0,0.5,220.0,113.8
168,2023-12-04,2427,24271,三商電一,19.7,5.0,5,無擔保,7,4250,102.0,2023-11-30,27.25,27.32,1.025,99.74,102.0,0.0226,102.68,0.0294,台新證券,資訊服務業,146,4322,1.02,29.6,2023-11-28,425.0,2023-12-13,400144360.0,0.5,118.0,102.0
169,2023-12-05,6284,62843,佳邦一,14.9,7.0,3,無擔保,5,5950,102.0,2023-12-01,85.3,92.0,1.1,92.72,107.61,0.1606,108.68,0.1722,台新證券,電子零組件業,809,23952,4.03,29.61,2023-11-29,595.0,2023-12-14,646625280.0,0.5,115.0,108.68
170,2023-12-07,3522,35221,御頂一,6.3,1.5,3,有擔保,9,1350,101.0,2023-12-05,21.0,19.5,1.029,107.69,112.68,0.0463,113.62,0.055,兆豐證券,觀光餐旅,260,7420,5.5,28.54,2023-12-01,135.0,2023-12-18,153382480.0,0.5,118.0,113.62
171,2023-12-08,8488,84881,吉源一KY,6.8,3.0,3,有擔保,7,2550,101.0,2023-12-06,18.6,18.5,1.025,100.54,102.71,0.0216,104.67,0.0411,玉山證券,其他業,191,5497,2.16,28.78,2023-12-04,255.0,2023-12-19,266913480.0,0.5,112.83,104.67
172,2023-12-26,6015,60152,宏遠證二,35.1,6.0,5,無擔保,BBB,6000,100.0,2023-12-22,10.85,10.92,1.021,99.36,100.05,0.007,101.36,0.0201,凱基證券,證券業,200,11413,1.9,57.07,2023-12-20,600.0,2024-01-05,608160270.0,0.5,107.1,101.36
173,2023-12-27,3548,35482,兆利二,6.6,8.0,3,無擔保,5,7200,101.0,2023-12-25,195.5,199.0,1.031,98.24,112.12,0.1413,113.2,0.1523,永豐金證,電子零組件業,1246,42464,5.9,34.08,2023-12-21,720.0,2024-01-08,815044010.0,0.5,118.91,113.2
174,2024-01-09,6715,67152,嘉基二,6.3,3.0,3,無擔保,5,2550,100.0,2024-01-05,157.5,168.0,1.021,93.75,113.87,0.2146,114.74,0.2239,中信證券,電子零組件業,848,22565,8.85,26.61,2024-01-03,255.0,2024-01-18,292598840.0,0.5,117.38,114.74
175,2024-01-10,8210,82101,勤誠一,12.1,10.0,3,無擔保,4,8974,102.0,2024-01-08,242.5,271.0,1.021,89.48,108.1,0.208,109.69,0.2258,元大證券,電腦及週邊設備業,862,32252,3.59,37.42,2024-01-04,897.0,2024-01-19,984373650.0,0.5,158.0,109.69
176,2024-01-11,3479,34793,安勤三,7.2,6.5,3,無擔保,5,5700,100.0,2024-01-09,112.0,121.5,1.023,92.18,108.5,0.177,109.53,0.1882,凱基證券,電腦及週邊設備業,616,25637,4.5,41.62,2024-01-05,570.0,2024-01-22,624292740.0,0.5,116.87,109.53
177,2024-01-17,4967,49673,十銓三,7.2,12.0,3,有擔保,6,10800,102.0,2024-01-15,85.2,81.0,1.021,105.19,114.16,0.0853,116.16,0.1043,永豐金證,半導體業,885,31244,2.89,35.3,2024-01-11,1080.0,2024-01-26,1254497820.0,0.5,121.19,116.16
178,2024-01-17,2476,24762,鉅祥二,19.1,10.0,3,無擔保,4,8500,102.0,2024-01-15,73.6,72.2,1.02,101.94,112.51,0.1037,113.8,0.1164,中信證券,電子零組件業,792,29362,3.45,37.07,2024-01-11,850.0,2024-01-26,967266980.0,0.5,121.1,113.8
179,2024-02-21,5263,52635,智崴五,6.5,8.0,3,有擔保,7,6800,100.0,2024-02-19,115.5,112.0,1.023,103.13,112.94,0.0952,114.83,0.1135,台新證券,文化創意業,692,28230,4.15,40.79,2024-02-15,680.0,2024-03-04,780836290.0,0.5,117.0,114.83
180,2024-02-21,5321,53211,美而快一,5.0,2.0,3,無擔保,7,1700,100.0,2024-02-19,88.3,92.0,1.035,95.98,104.0,0.0836,105.95,0.1039,台新證券,數位雲端,212,5336,3.14,25.17,2024-02-15,170.0,2024-03-04,180116430.0,0.5,116.3,105.95
181,2024-02-26,6150,61506,撼訊六,4.8,4.0,3,無擔保,8,3400,100.0,2024-02-22,91.6,90.2,1.02,101.55,104.0,0.0241,105.95,0.0433,宏遠證券,電腦及週邊設備業,321,9991,2.94,31.12,2024-02-20,340.0,2024-03-07,362909500.0,0.5,111.88,106.74
182,2024-02-26,3272,32723,東碩三,6.1,3.0,5,無擔保,6,2550,100.0,2024-02-22,34.05,34.2,1.02,99.56,104.0,0.0446,105.95,0.0642,凱基證券,電腦及週邊設備業,363,11968,4.69,32.97,2024-02-20,255.0,2024-03-07,277763680.0,0.5,114.5,108.93
183,2024-02-29,8092,80924,建暐四,5.2,1.7,3,有擔保,9,1530,100.0,2024-02-26,21.0,14.5,1.021,144.83,137.0,-0.054,139.45,-0.0371,國票證券,其他電子業,297,8859,5.79,29.83,2024-02-22,153.0,2024-03-11,213351730.0,0.5,150.0,139.45
184,2024-05-13,3483,34834,力致四,8.6,2.0,3,無擔保,6,1700,101.0,2024-05-09,162.0,168.0,1.049,96.43,117.11,0.2145,118.57,0.2296,永豐金證,電腦及週邊設備業,847,18767,11.04,22.16,2024-05-07,170.0,2024-05-22,201571750.0,0.5,175.0,118.57
185,2024-05-15,8433,84332,弘帆二,5.4,1.0,3,無擔保,6,850,100.0,2024-05-13,98.4,102.0,1.02,96.47,112.69,0.1681,114.11,0.1828,玉山證券,居家生活,217,4649,5.47,21.42,2024-05-09,85.0,2024-05-24,96995240.0,0.5,118.7,114.11
186,2024-05-16,6840,68401,東研信超,2.5,2.0,3,無擔保,6,1765,100.0,2024-05-14,72.0,73.4,1.021,98.09,102.0,0.0398,105.36,0.0741,康和證券,其他電子業,73,2501,1.42,34.26,2024-05-10,176.0,2024-05-27,185965080.0,0.5,115.5,105.36
187,2024-05-16,6117,61171,迎廣,8.9,5.0,3,無擔保,8,4250,100.0,2024-05-14,88.3,84.0,1.021,105.12,108.2,0.0293,111.35,0.0593,台新證券,電腦及週邊設備業,378,11705,2.75,30.97,2024-05-10,425.0,2024-05-27,473245760.0,0.5,119.33,111.35
188,2024-05-21,8467,84672,波力KY二,5.1,2.0,3,有擔保,6,1785,100.0,2024-05-17,175.0,193.6,1.1,90.39,112.3,0.2424,114.7,0.2689,富邦證券,運動休閒,316,7982,4.47,25.26,2024-05-15,178.0,2024-05-30,204740980.0,0.5,122.1,114.7
189,2024-05-22,6515,65151,穎崴一,3.5,10.0,3,無擔保,5,8500,103.0,2024-05-20,862.0,886.0,1.02,97.29,115.06,0.1826,116.37,0.1961,凱基證券,半導體業,1093,42297,4.98,38.7,2024-05-16,850.0,2024-05-31,989124920.0,0.5,150.0,116.37
190,2024-06-07,3583,35832,辛耘二,8.0,10.0,3,無擔保,5,8500,100.0,2024-06-05,327.0,347.5,1.02,94.1,116.2,0.2348,117.07,0.2441,富邦證券,半導體業,1271,52260,6.15,41.12,2024-06-03,850.0,2024-06-19,995128300.0,0.7,123.0,117.07
191,2024-06-12,6125,61255,廣運五,24.9,6.0,3,無擔保,6,5100,102.0,2024-06-07,115.5,114.0,1.022,101.32,116.8,0.1528,118.47,0.1693,元大證券,光電業,1110,37410,7.34,33.7,2024-06-05,510.0,2024-06-21,604203250.0,0.7,130.2,118.47
192,2024-06-13,1560,15601,中砂一,14.5,10.0,5,無擔保,4,8500,101.0,2024-06-11,281.0,292.1,1.02,96.2,117.59,0.2224,118.38,0.2306,凱基證券,電機機械,1203,47963,5.64,39.87,2024-06-06,850.0,2024-06-24,1006198670.0,0.5,250.0,118.38
193,2024-06-24,6509,65096,聚和六,17.4,5.0,3,無擔保,5,4250,100.0,2024-06-20,42.0,41.5,1.03,101.2,113.39,0.1204,115.46,0.1409,凱基證券,化學工業,648,23856,5.61,36.81,2024-06-18,425.0,2024-07-03,490711700.0,0.5,120.89,115.46
194,2024-06-26,6624,66241,萬年清一,2.1,1.0,3,有擔保,7,850,101.0,2024-06-24,39.6,42.2,1.03,93.84,111.03,0.1832,113.98,0.2146,玉山證券,綠能環保,150,3646,4.29,24.31,2024-06-20,85.0,2024-07-05,96880960.0,0.5,123.0,113.98
195,2024-07-01,6187,61875,萬潤五,9.0,5.0,3,無擔保,5,4250,104.0,2024-06-27,263.0,288.0,1.1,91.32,118.69,0.2997,119.63,0.31,兆豐證券,其他電子業,1091,37764,8.89,34.61,2024-06-25,425.0,2024-07-10,508441750.0,0.7,158.0,119.63
196,2024-07-04,8478,84781,東哥一,8.9,15.0,3,無擔保,5,12750,100.0,2024-07-02,415.5,392.2,1.02,105.94,117.24,0.1067,119.19,0.1251,凱基證券,運動休閒,1199,42763,3.35,35.67,2024-06-28,1275.0,2024-07-15,1519688420.0,0.5,331.0,119.19
197,2024-07-05,3362,33621,先進光一,14.3,12.0,5,有擔保,6,10200,102.0,2024-07-03,267.0,254.0,1.02,105.12,121.88,0.1595,123.26,0.1726,中信證券,光電業,1126,40154,3.94,35.66,2024-07-01,1020.0,2024-07-16,1257260300.0,1.0,211.0,123.26
198,2024-07-05,4572,45721,駐龍一,3.9,5.0,3,無擔保,6,4250,100.0,2024-07-03,161.5,175.0,1.122,92.29,114.8,0.244,116.21,0.2592,台新證券,電機機械,656,19337,4.55,29.48,2024-07-01,425.0,2024-07-16,493887420.0,0.5,123.88,116.21
199,2024-07-11,2439,24395,美律五,22.4,5.0,3,無擔保,3,4250,100.0,2024-07-09,141.0,139.0,1.02,101.44,118.89,0.172,120.31,0.186,富邦證券,通信網路業,672,19467,4.58,28.97,2024-07-05,425.0,2024-07-22,511303890.0,0.5,127.5,120.31
200,2024-07-12,9933,99332,中鼎二,81.0,60.0,5,無擔保,3,51006,102.0,2024-07-10,52.2,53.9,1.021,96.85,102.95,0.063,104.82,0.0823,國泰證券,其他業,1198,91716,1.8,76.56,2024-07-08,5100.0,2024-07-23,5346565560.0,0.5,120.1,104.82
201,2024-07-17,2641,26417,正德七,30.4,5.9,3,無擔保,6,5015,101.0,2024-07-15,20.4,22.7,1.02,89.87,102.69,0.1427,104.88,0.167,群益證券,航運業,220,10432,2.08,47.42,2024-07-11,501.0,2024-07-26,525993010.0,0.5,120.0,104.88
202,2024-07-22,6269,62695,台郡五,32.3,20.0,3,無擔保,4,17000,100.0,2024-07-18,95.0,93.0,1.029,102.15,113.17,0.1079,115.07,0.1265,元大證券,電子零組件業,1067,55394,3.26,51.92,2024-07-16,1700.0,2024-08-02,1956252970.0,0.5,120.87,115.07
203,2024-08-06,3518,35181,柏騰一,9.6,3.0,3,有擔保,7,2550,100.0,2024-08-02,37.7,35.0,1.079,107.71,115.53,0.0726,118.63,0.1013,台新證券,其他電子業,316,9655,3.79,30.55,2024-07-31,255.0,2024-08-15,302506160.0,0.5,125.5,118.63
204,2024-08-06,6830,68301,汎銓一,5.2,5.0,3,無擔保,5,4250,100.0,2024-08-02,135.0,150.0,1.061,90.0,108.02,0.2002,110.28,0.2253,台新證券,其他電子業,387,14920,3.51,38.55,2024-07-31,425.0,2024-08-15,468669620.0,0.5,116.8,110.28
205,2024-08-07,8927,89277,北基七,35.5,5.9,3,有擔保,7,5160,104.0,2024-08-05,59.4,68.27,1.02,87.01,109.45,0.2579,111.53,0.2818,合庫證券,油電燃氣業,270,15772,3.06,58.41,2024-08-01,516.0,2024-08-16,575520300.0,1.0,118.0,111.53
206,2024-08-14,3376,33763,新日興三,19.6,8.0,5,無擔保,4,6800,100.0,2024-08-12,209.0,202.0,1.02,103.47,119.21,0.1522,120.85,0.168,凱基證券,電子零組件業,964,44980,6.61,46.66,2024-08-08,680.0,2024-08-23,821809070.0,0.5,128.0,120.85
207,2024-08-19,3491,34912,昇達科二,6.4,10.0,5,無擔保,5,8500,101.0,2024-08-15,315.5,305.3,1.06,103.34,116.3,0.1254,118.03,0.1421,凱基證券,通信網路業,629,26213,3.08,41.67,2024-08-13,850.0,2024-08-28,1003264850.0,0.5,128.8,118.03
208,2024-08-20,2228,22283,劍麟三,7.6,3.0,3,無擔保,5,2700,100.0,2024-08-16,93.6,95.51,1.06,98.0,112.87,0.1517,114.2,0.1653,凱基證券,汽車工業,360,13687,5.07,38.02,2024-08-14,270.0,2024-08-29,308341820.0,0.5,117.73,114.2
209,2024-08-21,3691,36913,碩禾三,9.2,20.0,3,有擔保,7,17000,100.0,2024-08-19,114.0,118.0,1.042,96.61,104.55,0.0822,109.03,0.1286,宏遠證券,光電業,455,28032,1.65,61.61,2024-08-15,1702.0,2024-08-30,1856319140.0,0.5,121.0,109.03
210,2024-08-22,1595,15952,川寶二,4.8,3.0,3,無擔保,6,2700,100.0,2024-08-20,38.8,38.3,1.05,101.31,107.5,0.0611,109.82,0.084,福邦證券,電子零組件業,319,9580,3.55,30.03,2024-08-16,270.0,2024-09-02,296527160.0,0.5,117.99,109.82
211,2024-08-23,3564,35642,其陽二,5.9,5.0,3,無擔保,6,4250,100.0,2024-08-21,89.6,85.0,1.027,105.41,111.89,0.0615,114.32,0.0845,台新證券,通信網路業,381,11420,2.69,29.97,2024-08-19,425.0,2024-09-03,485859560.0,0.5,119.77,114.32
212,2024-09-04,6629,66292,泰金二KY,3.6,3.0,3,無擔保,6,2550,100.0,2024-09-02,142.5,135.0,1.02,105.56,114.3,0.0828,116.79,0.1064,元大證券,居家生活,419,13598,5.33,32.45,2024-08-29,255.0,2024-09-13,297812060.0,0.5,123.6,116.79
213,2024-09-05,2464,24642,盟立二,19.6,10.0,3,無擔保,6,8500,103.0,2024-09-03,86.3,80.0,1.044,107.88,115.57,0.0713,117.64,0.0905,中信證券,其他電子業,625,23634,2.78,37.81,2024-08-30,850.0,2024-09-16,999915970.0,0.5,138.66,117.64
214,2024-09-12,1781,17813,合世三,4.7,2.0,3,有擔保,7,1880,100.0,2024-09-10,17.4,17.3,1.041,100.58,100.75,0.0017,112.91,0.1226,華南永昌,生技醫療業,177,5036,2.68,28.45,2024-09-06,188.0,2024-09-24,212264520.0,0.5,119.15,112.91
215,2024-09-18,6182,61828,合晶八,54.3,15.0,5,無擔保,6,12750,102.2,2024-09-13,32.0,33.8,1.02,94.67,102.2,0.0795,104.51,0.1039,富邦證券,半導體業,231,11642,0.91,50.4,2024-09-11,1275.0,2024-09-27,1166868950.0,0.5,421.12,102.2
216,2024-09-19,1609,16095,大亞五,77.4,20.0,5,無擔保,5,17250,100.0,2024-09-16,49.9,53.1,1.06,93.97,105.51,0.1228,107.46,0.1435,凱基證券,電器電纜,796,45670,2.65,57.37,2024-09-12,1725.0,2024-09-30,1853764930.0,0.5,120.0,107.46
217,2024-09-24,8147,81473,正凌三,3.6,3.0,3,無擔保,6,2550,102.0,2024-09-20,143.0,134.6,1.02,106.24,115.66,0.0887,117.36,0.1047,中信證券,電子零組件業,475,13185,5.17,27.76,2024-09-18,255.0,2024-10-03,299269370.0,0.5,123.88,117.36
218,2024-09-26,2383,23837,台光電七,34.5,30.0,5,無擔保,3,27000,105.0,2024-09-24,461.5,490.7,1.05,94.05,108.38,0.1524,110.94,0.1796,凱基證券,電子零組件業,1162,61583,2.28,53.0,2024-09-20,2700.0,2024-10-09,2995433350.0,0.5,125.0,110.94
219,2024-10-01,6425,64251,易發一,4.4,2.0,3,有擔保,8,1800,100.0,2024-09-27,66.6,61.0,1.02,109.18,120.0,0.0991,123.5,0.1312,福邦證券,電機機械,327,10116,5.62,30.94,2024-09-25,180.0,2024-10-15,222304040.0,0.5,127.0,123.5
220,2024-10-01,6197,61973,佳必琪三,12.2,10.0,3,無擔保,5,8500,102.0,2024-09-27,168.5,160.0,1.022,105.31,115.6,0.0977,117.45,0.1153,元大證券,電子零組件業,789,30593,3.6,38.77,2024-09-25,850.0,2024-10-15,998337590.0,0.5,150.0,117.45
221,2024-10-01,6863,68631,永道一KY,7.4,10.0,3,無擔保,5,8500,105.0,2024-09-27,287.0,305.5,1.02,93.94,108.88,0.159,111.46,0.1864,富邦證券,通信網路業,634,23056,2.71,36.37,2024-09-25,850.0,2024-10-15,947375530.0,0.5,188.0,111.46
222,2024-10-08,3516,35161,亞帝歐一,4.4,3.5,3,有擔保,7,2975,101.0,2024-09-30,27.2,26.7,1.032,101.87,107.83,0.0585,109.62,0.076,富邦證券,光電業,88,5102,1.71,57.98,2024-09-26,297.0,2024-10-18,326126490.0,0.5,116.1,109.62
223,2024-10-08,2548,25484,華固四,30.5,20.0,5,無擔保,4,18000,102.0,2024-10-01,135.5,136.3,1.02,99.41,102.56,0.0317,104.83,0.0545,富邦證券,建材營造業,425,27512,1.53,64.73,2024-09-27,1800.0,2024-10-18,1887028900.0,0.5,129.99,104.83
224,2024-10-08,3013,30134,晟銘電四,20.5,5.0,3,有擔保,6,4250,101.0,2024-10-03,123.5,141.5,1.021,87.28,111.69,0.2797,114.01,0.3063,中信證券,電腦及週邊設備業,444,14122,3.32,31.81,2024-10-01,425.0,2024-10-18,484532900.0,1.0,122.0,114.01
225,2024-10-16,6706,67062,惠特二,7.4,5.0,3,無擔保,6,4250,100.0,2024-10-14,181.0,178.8,1.022,101.23,110.23,0.0889,113.36,0.1198,凱基證券,光電業,407,13486,3.17,33.14,2024-10-09,425.0,2024-10-25,481765160.0,0.5,150.0,113.36
226,2024-10-18,9939,99392,宏全二,29.6,40.0,5,無擔保,4,34000,101.0,2024-10-16,154.5,168.4,1.03,91.75,101.0,0.1009,102.79,0.1204,永豐金證,其他業,581,33833,1.0,58.23,2024-10-14,3400.0,2024-10-29,2994517710.0,0.5,135.0,101.0
227,2024-10-18,6584,65841,南俊一,6.6,7.0,3,有擔保,7,6180,102.0,2024-10-16,175.0,178.8,1.024,97.87,112.65,0.151,114.7,0.1719,凱基證券,電子零組件業,570,17630,2.85,30.93,2024-10-14,618.0,2024-10-29,708860570.0,0.5,133.0,114.7
228,2024-10-22,6768,67681,志強一KY,19.6,10.0,3,無擔保,4,9000,100.0,2024-10-18,112.5,101.0,1.024,111.39,111.35,-0.0003,114.23,0.0255,元大證券,運動休閒,561,25529,2.84,45.51,2024-10-16,900.0,2024-10-31,1028099570.0,0.5,121.39,114.23
229,2024-10-23,6835,68351,圓裕一,6.6,6.0,3,無擔保,6,5400,102.0,2024-10-21,53.2,50.8,1.02,104.72,102.33,-0.0229,106.95,0.0213,中信證券,電子零組件業,207,8051,1.49,38.89,2024-10-17,540.0,2024-11-01,577548560.0,0.5,117.3,106.95
230,2024-10-28,4549,45491,恒達一,5.5,5.0,3,無擔保,5,4250,100.0,2024-10-24,165.5,162.7,1.061,101.72,114.51,0.1257,117.27,0.1529,凱基證券,電機機械,602,19888,4.68,33.04,2024-10-22,425.0,2024-11-07,498382070.0,0.5,187.0,117.27
231,2024-10-29,9958,99588,世紀鋼八,25.7,20.0,3,無擔保,5,17950,102.0,2024-10-25,214.5,238.0,1.033,90.13,102.75,0.1401,104.82,0.163,凱基證券,鋼鐵工業,435,24007,1.34,55.19,,,,,,,
232,2024-10-31,8171,81714,天宇四,7.8,2.5,3,有擔保,6,2125,100.0,2024-10-29,34.5,33.8,1.02,102.07,110.27,0.0803,112.44,0.1016,台中銀證,綠能環保,222,5411,2.55,24.37,2024-10-25,212.0,2024-11-12,238930120.0,0.5,117.38,112.44
233,2024-11-06,8374,83742,羅昇二,11.2,5.0,3,無擔保,6,4250,100.0,2024-11-04,125.5,133.1,1.02,94.29,104.2,0.1051,107.06,0.1354,台新證券,電機機械,288,9131,2.15,31.7,2024-10-31,425.0,2024-11-15,455006980.0,0.5,116.0,107.06
234,2024-11-06,9802,98026,鈺齊六-KY,20.1,10.0,3,無擔保,4,8500,100.0,2024-11-04,113.0,111.0,1.02,101.8,107.0,0.0511,108.6,0.0668,國票證券,運動休閒,602,21716,2.55,36.07,2024-10-31,850.0,2024-11-15,923101060.0,0.5,117.0,108.6
235,2024-11-08,6664,66642,群翊二,6.0,12.5,3,無擔保,6,11250,100.0,2024-11-06,285.0,306.0,1.047,93.14,105.4,0.1317,106.98,0.1486,福邦證券,電子零組件業,725,27655,2.46,38.14,2024-11-04,1125.0,2024-11-19,1203580260.0,0.5,200.0,106.98
236,2024-11-12,3702,37023,大聯大三,167.9,20.0,3,無擔保,4,18000,100.0,2024-11-08,76.6,78.0,1.022,98.21,102.51,0.0438,104.3,0.0621,元大證券,電子通路業,518,44848,2.49,86.58,2024-11-06,1800.0,2024-11-21,1877477270.0,0.5,120.0,104.3
237,2024-11-15,3303,33035,岱稜五,9.4,5.0,5,無擔保,6,4410,100.0,2024-11-13,60.3,62.0,1.028,97.26,103.0,0.059,105.28,0.0825,福邦證券,其他電子業,264,9838,2.23,37.27,2024-11-11,441.0,2024-11-26,464283590.0,0.5,117.5,105.28
238,2024-11-18,3346,33466,麗清六,12.1,3.0,3,無擔保,7,2656,100.0,2024-11-14,36.1,38.0,1.022,95.0,100.0,0.0526,101.12,0.0644,永豐證券,汽車工業,35,1524,0.57,43.54,2024-11-12,265.0,2024-11-27,115179630.0,0.5,120.0,100.0
239,2024-11-20,3313,33133,斐成三,16.9,4.0,3,有擔保,7,3480,100.0,2024-11-18,15.2,16.5,1.03,92.12,100.0,0.0855,103.94,0.1283,合庫證券,其他業,85,3753,1.08,44.15,2024-11-14,348.0,2024-11-29,337296910.0,1.0,120.0,100.0
240,2024-11-26,6870,68702,騰雲二,2.3,3.5,5,無擔保,6,3150,101.0,2024-11-22,267.0,236.6,1.02,112.85,108.64,-0.0373,112.33,-0.0046,元大證券,數位雲端,277,12249,3.89,44.22,2024-11-20,315.0,2024-12-05,353846790.0,0.5,130.0,112.33
241,2024-11-28,8489,84891,三貝德一,3.7,3.0,3,有擔保,6,2700,100.0,2024-11-26,29.1,28.8,1.02,101.04,110.38,0.0924,111.0,0.0986,台中銀證,其他業,160,6461,2.39,40.38,2024-11-22,270.0,2024-12-09,299692100.0,0.5,113.58,111.0
242,2024-12-06,5608,56087,四維航七,38.9,6.0,3,有擔保,7,5100,100.0,2024-12-04,17.6,19.3,1.032,91.19,100.87,0.1061,102.44,0.1233,永豐證券,航運業,165,7280,1.43,44.12,2024-12-02,510.0,2024-12-17,522419970.0,0.5,110.0,102.44
243,2024-12-09,5245,52452,智晶二,4.5,3.0,3,無擔保,6,2550,100.0,2024-12-05,36.4,35.0,1.02,104.0,100.0,-0.0385,101.1,-0.0279,台新證券,光電業,100,3666,1.44,36.66,2024-12-03,255.0,2024-12-18,257797350.0,0.5,106.8,101.1
244,2024-12-10,1438,14381,三地開發一,11.1,9.7,5,有擔保,8,8730,100.0,2024-12-06,59.5,57.5,1.02,103.48,114.53,0.1068,117.63,0.1368,統一證券,建材營造業,557,30504,3.49,54.76,2024-12-04,873.0,2024-12-19,1026900420.0,1.0,123.5,117.63
245,2024-12-16,4979,49794,華星光四,14.1,2.0,3,無擔保,6,1800,102.0,2024-12-12,181.5,206.0,1.06,88.11,111.11,0.2611,112.08,0.2721,富邦證券,通信網路業,215,6617,3.68,30.78,2024-12-10,180.0,2024-12-25,201740930.0,0.5,114.8,112.08
246,2024-12-16,2442,24424,新美齊四,26.2,6.0,3,無擔保,7,5100,100.0,2024-12-12,25.45,26.4,1.021,96.4,100.0,0.0373,100.14,0.0388,台新證券,建材營造業,72,5429,1.06,75.4,2024-12-10,510.0,2024-12-25,509597750.0,0.5,102.1,100.0
247,2024-12-18,1316,13166,上曜六,30.1,4.0,3,有擔保,8,3600,100.0,2024-12-16,13.75,17.8,1.2,77.25,100.0,0.2945,102.07,0.3213,元富證券,建材營造業,67,2691,0.75,40.16,2024-12-12,360.0,2024-12-27,261407370.0,0.5,110.67,100.0
248,2024-12-20,2528,25283,皇普三,41.3,6.0,5,有擔保,8,5100,102.0,2024-12-18,38.1,46.4,1.15,82.11,102.0,0.2422,102.51,0.2484,台新證券,建材營造業,89,6883,1.35,77.34,2024-12-16,510.0,2024-12-31,522794780.0,0.5,110.0,102.51
249,2025-01-06,4569,45691,六方科一KY,3.1,5.0,3,無擔保,6,4250,100.0,2025-01-02,203.0,212.0,1.039,95.75,102.87,0.0743,105.25,0.0992,元大證券,汽車工業,219,12965,3.05,59.2,2024-12-30,425.0,2025-01-15,447313070.0,0.5,111.87,105.25
250,2025-01-06,2755,27551,揚秦一,3.0,2.0,3,無擔保,5,1700,101.0,2025-01-02,104.0,106.0,1.035,98.11,101.0,0.0294,102.52,0.0449,永豐證券,觀光餐旅,61,1658,0.98,27.18,2024-12-30,170.0,2025-01-15,152555390.0,0.5,582.0,101.0
251,2025-01-08,2528,25284,皇普四,41.3,5.0,5,無擔保,8,4250,101.0,2025-01-06,42.85,46.4,1.15,92.35,101.0,0.0937,101.12,0.095,台新證券,建材營造業,86,5281,1.24,61.41,2025-01-02,425.0,2025-01-17,429743540.0,0.5,105.0,101.12
252,2025-01-13,8028,80282,昇陽半二,17.3,20.0,5,無擔保,6,17850,103.0,2025-01-09,143.0,140.3,1.02,101.92,103.5,0.0155,104.0,0.0204,永豐證券,半導體業,155,16890,0.95,108.97,2025-01-07,1785.0,2025-01-22,1013971190.0,0.5,110.0,103.5
253,2025-02-12,3390,33902,旭軟二,6.9,2.0,3,有擔保,7,1700,100.0,2025-02-10,28.1,26.2,1.022,107.25,110.59,0.0311,112.55,0.0494,中信證券,電子零組件業,271,6437,3.79,23.75,2025-02-06,170.0,2025-02-21,191336640.0,1.0,116.8,112.55
254,2025-02-14,3095,30954,及成四,1.5,1.5,3,有擔保,9,1275,100.0,2025-02-12,42.65,41.1,1.02,103.77,108.6,0.0465,112.7,0.086,台新證券,通信網路業,197,5136,4.03,26.07,2025-02-10,127.0,2025-02-25,144638250.0,0.5,1056.02,113.44
255,2025-02-14,3045,30455,台灣大五,372.3,30.0,5,無擔保,2,22500,100.0,2025-02-13,112.5,115.8,1.04,97.15,100.0,0.0293,100.63,0.0358,元大證券,通信網路業,264,30173,1.34,114.29,2025-02-10,2550.0,2025-02-25,2566084750.0,0.5,106.22,100.63
256,2025-02-14,3548,35483,兆利三,6.6,15.0,5,無擔保,4,13200,100.0,2025-02-14,167.5,170.0,1.039,98.53,107.87,0.0948,110.05,0.1169,凱基證券,電子零組件業,717,39506,2.99,55.1,2025-02-10,1320.0,2025-02-25,1452707400.0,0.5,116.88,110.05
257,2025-02-18,3434,34341,哲固一,3.3,1.5,3,有擔保,7,1275,100.0,2025-02-14,28.85,30.3,1.025,95.21,104.7,0.0996,106.77,0.1214,華南永昌,光電業,103,2490,1.95,24.17,2025-02-12,127.0,2025-02-27,136136950.0,0.5,110.88,106.77
258,2025-02-18,6451,64512,訊芯二KY,10.8,25.0,3,無擔保,5,22500,100.0,2025-02-14,230.0,241.2,1.035,95.36,100.55,0.0545,104.08,0.0915,福邦證券,半導體業,635,31088,1.38,48.96,2025-02-12,2250.0,2025-02-27,2341848790.0,0.5,130.0,104.08
259,2025-02-19,4439,44391,冠星一KY,3.8,5.0,3,無擔保,5,4250,101.0,2025-02-17,103.0,103.0,1.02,100.0,101.08,0.0108,102.32,0.0232,凱基證券,紡織纖維,160,7589,1.79,47.43,2025-02-13,425.0,2025-03-03,434876910.0,0.5,106.39,102.32
260,2025-03-14,6846,68462,綠茵二,2.7,3.5,5,無擔保,6,2975,100.0,2025-03-12,90.8,81.3,1.02,111.69,101.55,-0.0907,105.38,-0.0565,富邦證券,食品工業,168,4324,1.45,25.74,2025-03-10,297.0,2025-03-25,313493540.0,0.6,135.0,105.38
261,2025-03-20,1474,14743,弘裕三,13.0,3.0,3,無擔保,6,2550,101.5,2025-03-18,14.25,14.5,1.028,98.28,101.5,0.0328,101.81,0.036,兆豐證券,紡織纖維,60,3003,1.18,50.05,2025-03-14,255.0,2025-03-31,253807460.0,0.5,105.3,101.5
262,2025-05-19,6117,61172,迎廣二,9.2,5.0,3,無擔保,7,4250,100.0,2025-05-15,92.0,79.3,1.02,116.02,108.5,-0.0648,110.73,-0.0456,台新證券,電腦及週邊設備業,321,10534,2.48,32.82,2025-05-13,425.0,2025-05-28,470622160.0,0.5,120.0,110.73
263,2025-05-20,1472,14722,三洋實業二,5.3,3.0,3,有擔保,7,2550,100.0,2025-05-16,107.0,102.0,1.025,104.9,108.36,0.033,110.71,0.0554,台新證券,建材營造業,274,8382,3.29,30.59,2025-05-14,255.0,2025-05-29,282319570.0,0.5,115.4,110.71
264,2025-05-28,4555,45554,氣立四,7.0,5.0,3,有擔保,6,4250,102.0,2025-05-26,41.2,44.0,1.048,93.64,102.0,0.0893,103.28,0.103,富邦證券,電機機械,84,4130,0.97,49.17,2025-05-22,425.0,2025-06-09,354244830.0,0.5,107.11,102.0
265,2025-06-04,3653,36535,健策五,14.3,20.0,5,無擔保,3,17012,105.0,2025-06-02,1320.0,1320.9,1.02,99.93,106.61,0.0668,108.37,0.0844,富邦證券,電子零組件業,603,33082,1.94,54.86,2025-05-28,1701.0,2025-06-13,1843635280.0,0.5,200.0,108.37
266,2025-06-05,3617,36173,碩天三,9.4,15.0,3,無擔保,4,12750,100.0,2025-06-03,253.0,305.0,1.147,82.95,100.0,0.2055,100.79,0.2151,富邦證券,其他電子業,185,8825,0.69,47.7,2025-05-29,1275.0,2025-06-16,889471690.0,0.5,270.0,100.0
267,2025-06-06,2351,23511,順德一,18.2,12.0,3,無擔保,5,10200,100.0,2025-06-04,71.3,75.0,1.049,95.07,100.14,0.0534,102.18,0.0748,台新證券,半導體業,279,14593,1.43,52.3,2025-06-02,1020.0,2025-06-17,1042239420.0,0.5,107.51,102.18
268,2025-06-11,1466,14664,聚隆四,11.1,4.0,3,有擔保,7,3400,100.0,2025-06-09,16.8,18.8,1.04,89.36,101.0,0.1302,103.11,0.1539,國票證券,紡織纖維,87,5417,1.59,62.26,2025-06-05,340.0,2025-06-20,350570440.0,0.5,108.0,103.11
269,2025-06-17,6538,65381,倉和一,3.8,3.0,5,無擔保,5,2550,101.0,2025-06-13,108.0,112.0,1.023,96.43,101.3,0.0505,102.54,0.0634,統一證券,電子零組件業,137,3433,1.35,25.06,2025-06-11,255.0,2025-06-26,261474780.0,0.7,106.22,102.54
270,2025-06-19,2247,22472,汎德二,8.1,10.0,3,無擔保,4,8500,101.0,2025-06-17,289.0,297.8,1.025,97.04,101.55,0.0464,102.37,0.0549,群益證券,汽車工業,360,17324,2.04,48.12,2025-06-13,850.0,2025-06-30,870139750.0,0.5,200.0,102.37
271,2025-06-19,2530,25304,華建四,84.0,10.0,3,無擔保,7,7180,100.0,2025-06-17,32.45,32.5,1.023,99.85,100.0,0.0015,100.37,0.0052,凱基證券,建材營造業,174,9585,1.33,55.09,2025-06-13,718.0,2025-06-30,720685010.0,0.5,110.0,100.37
272,2025-07-17,6469,64693,大樹三,15.0,10.0,3,無擔保,4,8650,100.0,2025-07-15,143.5,149.74,1.02,95.83,101.51,0.0592,102.2,0.0664,國泰證券,生技醫療業,462,23446,2.71,50.75,2025-07-11,865.0,2025-07-28,884000790.0,0.5,109.0,102.2
273,2025-07-23,8411,84113,福貞三KY,21.8,12.0,5,有擔保,6,10200,100.0,2025-07-21,13.2,13.4,1.03,98.51,100.0,0.0152,100.49,0.0201,台新證券,其他業,132,9362,0.92,70.92,2025-07-17,1020.0,2025-08-01,940744220.0,0.5,103.6,100.0
274,2025-07-24,6982,69822,大井泵浦二,4.0,2.0,3,無擔保,7,1709,100.0,2025-07-22,62.5,61.8,1.021,101.13,100.0,-0.0112,101.16,0.0003,永豐金證,電機機械,91,1092,0.64,12.0,2025-07-18,170.0,2025-08-04,110470160.0,0.5,109.91,100.0
275,2025-07-24,6843,68431,進典一,3.3,3.0,3,無擔保,6,2700,101.0,2025-07-22,59.8,61.4,1.026,97.39,101.01,0.0371,101.83,0.0455,永豐金證,電機機械,88,2953,1.09,33.56,2025-07-18,270.0,2025-08-04,274946340.0,0.5,105.91,101.83
276,2025-07-25,3131,31312,弘塑二,2.9,10.0,5,無擔保,5,8500,103.0,2025-07-23,1565.0,1649.2,1.02,94.89,109.14,0.1501,110.5,0.1645,凱基證券,其他電子業,1071,41920,4.93,39.14,2025-07-21,850.0,2025-08-05,939217330.0,0.5,120.0,110.5
277,2025-07-28,3167,31672,大量二,8.8,5.0,3,無擔保,6,4661,100.0,2025-07-24,168.0,170.0,1.084,98.82,107.39,0.0867,109.09,0.1039,福邦證券,電機機械,453,17514,3.76,38.66,2025-07-22,466.0,2025-08-06,508448500.0,0.5,133.0,109.09
278,2025-07-28,2641,26418,正德八,32.5,7.8,5,無擔保,6,7020,100.5,2025-07-24,19.5,19.3,1.021,101.04,100.5,-0.0053,101.3,0.0026,群益證券,航運業,112,5987,0.85,53.46,2025-07-22,702.0,2025-08-06,606462730.0,0.5,125.5,100.5
279,2025-08-06,7556,75562,意德士二,2.7,2.0,3,無擔保,6,1800,100.0,2025-08-04,174.0,178.5,1.02,97.48,107.5,0.1028,109.25,0.1208,元大證券,半導體業,314,9261,5.15,29.49,2025-07-31,180.0,2025-08-15,196658740.0,0.5,117.0,109.25
280,2025-08-06,4581,45811,光隆精密一KY,3.4,5.0,3,無擔保,5,4380,100.5,2025-08-04,52.7,56.7,1.025,92.95,100.5,0.0813,100.94,0.086,第一金證,汽車工業,67,3437,0.78,51.3,2025-07-31,438.0,2025-08-15,286362450.0,0.5,107.92,100.5
281,2025-08-19,4558,45581,寶緯一,5.0,3.0,3,有擔保,8,2624,100.0,2025-08-15,27.5,29.8,1.026,92.28,100.1,0.0847,101.17,0.0963,華南永昌,電機機械,105,3368,1.28,32.08,2025-08-13,262.0,2025-08-28,265477880.0,0.5,107.0,101.17
282,2025-08-19,2743,27431,山富一,3.6,3.0,3,無擔保,4,2640,102.0,2025-08-15,106.0,135.0,1.063,78.52,102.0,0.2991,102.31,0.303,國泰證券,觀光餐旅,100,1904,0.72,19.04,2025-08-13,264.0,2025-08-28,194805900.0,0.5,110.0,102.0
283,2025-08-27,6207,62076,雷科六,8.0,2.0,3,無擔保,6,1800,100.0,2025-08-25,57.8,50.6,1.02,114.23,114.0,-0.002,116.21,0.0173,凱基證券,電子零組件業,308,8271,4.6,26.85,2025-08-21,180.0,2025-09-05,209173170.0,0.5,120.15,116.21
284,2025-08-29,5439,54391,高技一,9.3,20.0,5,無擔保,5,17000,101.0,2025-08-27,303.0,300.0,1.033,101.0,110.4,0.0931,111.88,0.1077,凱基證券,電子零組件業,1301,56352,3.31,43.31,2025-08-25,1700.0,2025-09-09,1901965970.0,0.5,220.0,111.88
285,2025-09-09,4168,41684,醣聯四,10.8,5.0,3,有擔保,7,4250,100.0,2025-09-05,26.2,24.0,1.02,109.17,107.4,-0.0162,109.13,-0.0003,統一證券,生技醫療業,369,12074,2.84,32.72,2025-09-03,425.0,2025-09-18,463810420.0,0.5,117.0,109.13
286,2025-09-18,4438,44383,廣越三,10.3,8.0,3,無擔保,4,7120,101.0,2025-09-16,74.3,76.0,1.027,97.76,101.32,0.0364,102.1,0.0444,凱基證券,紡織纖維,290,17431,2.45,60.11,2025-09-12,712.0,2025-09-30,726951650.0,0.5,468.0,102.1
287,2025-09-22,3687,36872,歐買尬二,3.0,4.0,3,無擔保,5,3600,100.0,2025-09-18,76.4,75.9,1.03,100.66,102.89,0.0222,104.51,0.0383,元富證券,數位雲端,494,8134,2.26,16.47,2025-09-16,360.0,2025-10-02,376230190.0,0.5,114.52,104.51
288,2025-09-23,8404,84041,百和興業一KY,42.0,10.0,3,有擔保,7,8500,100.0,2025-09-19,24.35,26.8,1.05,90.86,100.69,0.1082,101.83,0.1208,中信證券,其他業,815,14498,1.71,17.79,2025-09-17,850.0,2025-10-03,865572250.0,1.0,200.0,101.83
289,2025-09-26,6477,64775,安集五,12.4,6.0,3,無擔保,7,5200,100.0,2025-09-24,43.5,44.3,1.022,98.19,100.0,0.0184,100.71,0.0256,福邦證券,光電業,638,8881,1.71,13.92,2025-09-22,520.0,2025-10-09,523708680.0,0.5,107.85,100.71
290,2025-10-02,5201,52011,凱衛一,3.1,1.0,3,有擔保,6,850,101.0,2025-09-30,44.85,41.2,1.038,108.86,111.89,0.0278,112.96,0.0377,兆豐證券,資訊服務業,440,5773,6.79,13.12,2025-09-25,85.0,2025-10-15,96017470.0,0.5,162.0,112.96
291,2025-10-03,6219,62194,富旺四,12.5,6.0,3,有擔保,9,5350,100.5,2025-10-01,20.1,21.17,1.05,94.95,101.1,0.0648,103.05,0.0854,統一證券,建材營造業,253,10547,1.97,41.69,2025-09-26,535.0,2025-10-16,551301410.0,0.5,110.0,103.05
292,2025-10-08,2753,27532,八方雲集二,6.7,2.0,3,無擔保,4,1800,100.0,2025-10-03,197.5,210.0,1.024,94.05,105.8,0.125,107.18,0.1396,元大證券,觀光餐旅,438,12957,7.2,29.58,2025-10-01,180.0,2025-10-20,192917600.0,0.6,162.0,107.18
293,2025-10-08,7713,77131,威力德一,4.6,5.0,3,無擔保,6,4250,101.0,2025-10-03,78.0,73.9,1.021,105.55,102.02,-0.0334,103.84,-0.0162,台新證券,生技醫療業,224,9120,2.15,40.71,2025-10-01,425.0,2025-10-20,441335600.0,0.5,112.6,103.84
294,2025-10-14,6209,62093,今國光三,17.4,4.5,3,有擔保,7,3825,100.0,2025-10-09,43.05,38.6,1.05,111.53,113.6,0.0186,115.02,0.0313,中信證券,光電業,239,15806,4.13,66.13,2025-10-07,382.0,2025-10-23,439952770.0,1.0,118.5,115.02
295,2025-10-15,4113,41135,聯上五,23.1,4.0,5,有擔保,7,3435,102.0,2025-10-13,22.75,26.3,1.1,86.5,102.0,0.1792,102.0,0.1792,合庫證券,建材營造業,189,4176,1.22,22.1,2025-10-08,343.0,2025-10-27,216471200.0,1.0,103.55,102.0
296,2025-10-16,3551,35513,世禾三,6.2,5.0,3,無擔保,5,4250,100.0,2025-10-14,171.5,173.0,1.036,99.13,112.78,0.1377,114.42,0.1542,凱基證券,綠能環保,340,29058,6.84,85.46,2025-10-09,425.0,2025-10-28,486302470.0,0.5,150.0,114.42
297,2025-10-28,6197,61907,萬泰科七,18.6,10.0,5,無擔保,6,8500,100.0,2025-10-23,41.9,41.7,1.018,100.48,104.6,0.041,106.21,0.057,國票證券,電子零組件業,305,27147,3.19,89.01,2025-10-21,850.0,2025-11-06,902799530.0,0.5,113.5,106.21
298,2025-11-14,2368,23683,金像電三,50.6,90.0,5,無擔保,3,76836,107.0,2025-11-10,482.0,450.0,1.035,107.11,111.0,0.0363,112.88,0.0539,富邦證券,電子零組件業,1852,156043,2.03,84.26,2025-11-06,7683.0,2025-11-24,8673140920.0,0.5,301.4,112.88
299,2025-11-14,3032,30322,偉訓二,11.3,10.0,5,無擔保,6,8567,101.0,2025-11-12,92.2,101.9,1.02,90.48,102.66,0.1346,104.73,0.1575,統一證券,電腦及週邊設備業,428,14701,1.72,34.35,2025-11-10,856.0,2025-11-25,897189650.0,0.5,112.0,104.73
300,2025-12-01,6890,68902,萊億二,24.9,5.0,3,無擔保,5,4350,101.0,2025-11-27,280.5,245.2,1.02,114.4,118.36,0.0346,119.83,0.0475,富邦證券,運動休閒,977,25845,5.94,26.45,2025-11-25,435.0,2025-12-10,521278370.0,0.5,237.0,119.83
301,2025-12-08,4739,47394,康普四,11.86,6.0,5,有擔保,5,5640,100.0,2025-12-04,69.2,71.0,1.086,97.465,109.12,0.1196,110.46,0.1333,福邦證券,化學工業,692,26476,4.69,38.26,2025-12-02,564.0,2025-12-17,622988430.0,0.5,121.0,110.46
302,2025-12-04,5307,53097,系統電七,20.91,5.0,3,無擔保,6,4255,101.0,2025-12-02,60.6,55.0,1.028,110.18,114.85,0.0424,116.91,0.0611,富邦證券,電子零組件業,606,18745,4.41,30.93,2025-11-28,425.0,2025-12-15,497434850.0,0.5,124.86,116.91
303,2025-12-02,6442,64423,光聖三,7.81,15.0,3,無擔保,5,12750,102.5,2025-11-28,1190.0,1065.9,1.02,111.64,123.0,0.1017,124.86,0.1184,台新證券,通信網路業,2273,82048,6.44,36.1,2025-11-26,1275.0,2025-12-11,1591954870.0,0.5,132.6,124.86
304,2025-07-17,4442,44421,竣邦一KY,3.12,1.5,3,無擔保,6,1275,100.0,2025-07-15,46.05,49.0,1.03,93.98,100.0,0.0641,100.37,0.068,台新證券,紡織纖維,64,1445,1.13,22.58,2025-07-11,127.0,2025-07-28,127965450.0,0.5,103.1,100.37
