可轉債名稱,可轉債代碼,擔保銀行/信用評等(TCRI),權利金(佰元報價),選擇權到期日,賣回價格(A),賣回日期(B),剩餘年期,折現率(C),權利金參考價,現股參考價,轉換價格,CB轉換價值,CB參考價,溢(折)價%,股價波動率120天%,股價波動率240天%,流通餘額占發行總額%,原始發行量,產業
,,,,,,,,,,,,,,,,,,,
台泥一永,11011.0,twA+,6.38,2027-11-26 00:00:00,100.0,2027-12-10 00:00:00,2.0246575342465754,0.03,3.0799999999999983,22.85,35.2,64.91477272727273,96.7,48.96455142231946,26.11,25.57,100.0,8000000000.0,水泥工業
上曜四,13164.0,富邦銀,0.6599999999999999,2026-01-15 00:00:00,100.0,2026-01-29 00:00:00,0.16164383561643836,0.022,6.209999999999994,15.15,14.7,103.06122448979593,105.55,2.414851485148506,35.72,46.99,33.5,400000000.0,建材營建
上曜六,13166.0,板信銀,2.27,2026-12-13 00:00:00,100.5,2026-12-27 00:00:00,1.0712328767123287,0.023,13.269999999999996,15.15,17.4,87.0689655172414,111.0,27.485148514851467,35.72,46.99,100.0,400000000.0,建材營建
遠東新E1永,140201.0,3,4.52,2027-07-25 00:00:00,100.0,2027-08-08 00:00:00,1.6849315068493151,0.025,8.469999999999999,38.8,43.1,90.02320185614849,103.95,15.470231958762891,17.22,23.59,100.0,1000000000.0,紡織纖維
聚隆四,14664.0,台中商銀,6.18,2028-06-06 00:00:00,100.0,2028-06-20 00:00:00,2.5534246575342467,0.023,12.580000000000013,14.6,18.8,77.6595744680851,106.4,37.008219178082214,39.31,49.96,100.0,400000000.0,紡織纖維
三洋實業二,14722.0,台中商銀,2.5799999999999996,2027-05-15 00:00:00,101.0025,2027-05-29 00:00:00,1.4904109589041097,0.022,8.579999999999998,91.7,98.6,93.00202839756592,106.0,13.97600872410032,22.4,33.84,100.0,300000000.0,建材營建
亞力二,15142.0,6,6.4399999999999995,2027-12-30 00:00:00,100.7519,2028-01-13 00:00:00,2.117808219178082,0.0325,18.939999999999998,96.9,109.2,88.73626373626374,112.5,26.78018575851393,33.25,42.71,100.0,1200000000.0,電機機械
中砂一,15601.0,4,4.21,2027-06-10 00:00:00,100.0,2027-06-24 00:00:00,1.5616438356164384,0.025,33.21000000000001,321.0,284.6,112.78988053408293,129.0,14.371962616822431,38.39,47.19,99.94,1000000000.0,電機機械
和勤四,15864.0,合庫,1.94,2026-08-16 00:00:00,100.0,2026-08-30 00:00:00,0.7452054794520548,0.022,11.439999999999998,26.85,30.74,87.3454782042941,109.5,25.364245810055852,32.46,29.71,100.0,200000000.0,電機機械
大亞五,16095.0,5,6.88,2027-09-16 00:00:00,100.75,2027-09-30 00:00:00,1.83013698630137,0.04,11.72999999999999,38.7,51.3,75.43859649122808,104.85,38.98720930232555,38.11,40.49,100.0,2000000000.0,電器電纜
合世三,17813.0,華南銀,4.4799999999999995,2027-09-10 00:00:00,100.0,2027-09-24 00:00:00,1.8136986301369864,0.023,6.430000000000007,11.35,18.0,63.05555555555556,101.95,61.682819383259904,19.52,34.12,100.0,200000000.0,生技醫療
科妍三,17863.0,6,4.96,2027-07-18 00:00:00,102.01,2027-08-01 00:00:00,1.6657534246575343,0.04,28.960000000000008,81.1,116.5,69.6137339055794,124.0,78.12577065351418,40.6,43.32,100.0,400000000.0,生技醫療
允強四,20344.0,4,7.6499999999999995,2027-09-18 00:00:00,100.0,2027-10-02 00:00:00,1.8356164383561644,0.04,15.650000000000006,20.3,24.0,84.58333333333333,108.0,27.684729064039427,26.9,39.67,100.0,2000000000.0,鋼鐵工業
劍麟三,22283.0,5,5.529999999999999,2027-08-15 00:00:00,100.0,2027-08-29 00:00:00,1.7424657534246575,0.03,33.28,106.0,85.36,124.17994376757264,127.75,2.874905660377358,50.95,45.47,92.9,300000000.0,汽車工業
汎德永業一,22471.0,4,7.239999999999999,2028-06-12 00:00:00,100.0,2028-06-26 00:00:00,2.56986301369863,0.027,14.239999999999995,297.0,289.4,102.62612301313064,107.0,4.2619528619528335,24.57,25.05,100.0,1000000000.0,汽車工業
汎德永業二,22472.0,4,7.27,2028-06-16 00:00:00,100.0,2028-06-30 00:00:00,2.580821917808219,0.027,17.22,297.0,280.2,105.99571734475374,109.95,3.7306060606060676,24.57,25.05,100.0,1000000000.0,汽車工業
旺宏二,23372.0,5,10.71,2028-03-10 00:00:00,100.0,2028-03-24 00:00:00,2.3123287671232875,0.045,60.71000000000001,34.1,23.0,148.2608695652174,150.0,1.1730205278592365,57.66,53.72,50.33,3000000000.0,電子–半導體
順德一,23511.0,5,8.58,2028-06-03 00:00:00,100.0,2028-06-17 00:00:00,2.5452054794520547,0.0325,34.58000000000001,80.0,72.4,110.49723756906076,126.0,14.030000000000008,45.15,45.66,100.0,1200000000.0,電子–半導體
金像電三,23683.0,3,7.319999999999999,2028-11-10 00:00:00,100.0,2028-11-24 00:00:00,2.9835616438356163,0.0235,55.81999999999999,633.0,450.0,140.66666666666669,148.5,5.5687203791469075,54.22,56.4,100.0,9000000000.0,電子–電子零組件
毅嘉三,24023.0,5,6.21,2027-11-05 00:00:00,100.0,2027-11-19 00:00:00,1.9671232876712328,0.03,17.309999999999988,49.2,55.0,89.45454545454547,111.1,24.197154471544692,44.24,42.88,100.0,1000000000.0,電子–電子零組件
偉詮電一,24361.0,5,3.4199999999999995,2026-08-28 00:00:00,100.0,2026-09-11 00:00:00,0.7780821917808219,0.04,12.219999999999999,47.4,53.3,88.93058161350844,108.8,22.34261603375527,40.39,43.65,99.99,1100000000.0,電子–半導體
美律四,24394.0,3,4.16,2027-06-26 00:00:00,100.0,2027-07-10 00:00:00,1.6054794520547946,0.024,10.509999999999991,103.0,128.9,79.90690457719161,106.35,33.0923786407767,24.26,33.15,100.0,2500000000.0,電子–通信網路
美律五,24395.0,3,4.24,2027-07-08 00:00:00,100.0,2027-07-22 00:00:00,1.6383561643835616,0.024,10.239999999999995,103.0,125.2,82.26837060702876,106.0,28.846601941747572,24.26,33.15,100.0,500000000.0,電子–通信網路
光群雷六,24616.0,台中商銀,0.99,2026-03-10 00:00:00,100.0,2026-03-24 00:00:00,0.3095890410958904,0.022,40.99000000000001,15.3,14.5,105.51724137931035,140.0,32.6797385620915,20.91,29.71,42.68,600000000.0,電子–其他電子
良得電四,24624.0,6,3.2499999999999996,2026-07-28 00:00:00,100.0,2026-08-11 00:00:00,0.6931506849315069,0.0425,7.150000000000006,21.8,30.09,72.44931871053507,103.9,43.41059633027522,41.61,40.2,61.07,400000000.0,電子–電子零組件
鉅祥二,24762.0,4,3.1899999999999995,2027-01-12 00:00:00,100.0,2027-01-26 00:00:00,1.1534246575342466,0.025,37.19,87.8,66.5,132.0300751879699,134.0,1.492027334851942,35.65,39.43,38.95,1000000000.0,電子–電子零組件
皇普三,25283.0,元大銀,4.34,2027-12-17 00:00:00,100.752,2027-12-31 00:00:00,2.0821917808219177,0.023,13.290000000000006,30.35,42.4,71.5801886792453,108.95,52.20691927512353,27.41,35.67,100.0,600000000.0,建材營建
華固三,25483.0,4,7.6499999999999995,2027-09-18 00:00:00,100.0,2027-10-02 00:00:00,1.8356164383561644,0.04,9.650000000000006,105.0,125.0,84.0,102.0,21.42857142857142,24.86,31.03,100.0,4000000000.0,建材營建
華固四,25484.0,4,7.819999999999999,2027-10-04 00:00:00,100.0,2027-10-18 00:00:00,1.8794520547945206,0.04,11.819999999999993,105.0,123.5,85.02024291497976,104.0,22.323809523809523,24.86,31.03,100.0,2000000000.0,建材營建
華航七,26107.0,twBBB+,1.32,2026-04-14 00:00:00,100.0,2026-04-28 00:00:00,0.4054794520547945,0.025,18.97,19.2,16.9,113.6094674556213,117.65,3.5565104166666694,17.18,29.0,22.99,4500000000.0,航運業
正德八,26418.0,6,11.620000000000001,2028-07-23 00:00:00,100.7519,2028-08-06 00:00:00,2.682191780821918,0.045,20.77000000000001,20.75,19.3,107.51295336787565,109.15,1.5226506024096365,30.11,38.96,92.96,780000000.0,航運業
王品一,27271.0,4,6.819999999999999,2028-03-15 00:00:00,100.0,2028-03-29 00:00:00,2.326027397260274,0.028,14.61999999999999,215.0,233.4,92.11653813196229,107.8,17.025674418604652,20.89,25.04,99.98,700000000.0,觀光餐旅
山富一,27431.0,4,4.52,2027-08-14 00:00:00,101.0025,2027-08-28 00:00:00,1.7397260273972603,0.03,8.61999999999999,83.1,101.9,81.55053974484788,104.1,27.65090252707583,36.43,47.24,100.0,300000000.0,觀光餐旅
八方雲集一,27531.0,4,8.02,2028-09-25 00:00:00,100.0,2028-10-09 00:00:00,2.8575342465753426,0.027,19.019999999999996,194.5,212.0,91.74528301886792,111.0,20.987146529562995,31.32,31.18,100.0,800000000.0,觀光餐旅
八方雲集二,27532.0,4,8.1,2028-10-06 00:00:00,100.0,2028-10-20 00:00:00,2.8876712328767122,0.027,19.099999999999994,194.5,210.0,92.61904761904762,111.0,19.845758354755773,31.32,31.18,100.0,200000000.0,觀光餐旅
揚秦一,27551.0,5,7.739999999999999,2028-01-01 00:00:00,100.0,2028-01-15 00:00:00,2.1232876712328768,0.035,43.74000000000001,124.0,86.7,143.0219146482122,136.0,-4.909677419354819,33.27,36.75,60.6,200000000.0,觀光餐旅
聯發國際一,27561.0,5,1.28,2026-05-16 00:00:00,101.0025,2026-05-30 00:00:00,0.4931506849315068,0.04,16.28,90.2,90.1,100.11098779134295,115.0,14.872505543237246,38.66,39.28,98.33,300000000.0,觀光餐旅
三商一,29051.0,5,0.76,2026-01-11 00:00:00,100.0,2026-01-25 00:00:00,0.1506849315068493,0.03,0.35999999999999943,15.8,19.23,82.16328653146125,99.6,21.222025316455696,30.92,33.59,11.07,2300000000.0,貿易百貨
高林一,29061.0,5,3.3199999999999994,2026-09-06 00:00:00,100.0,2026-09-20 00:00:00,0.8027397260273973,0.0375,2.769999999999996,13.5,16.8,80.35714285714285,99.45,23.760000000000026,13.22,22.34,46.0,1000000000.0,貿易百貨
晶豪科一,30061.0,5,3.9199999999999995,2026-10-13 00:00:00,100.0,2026-10-27 00:00:00,0.9041095890410958,0.04,18.570000000000007,78.5,83.6,93.89952153110048,114.65,22.09859872611466,55.7,51.42,99.99,1000000000.0,電子–半導體
晟銘電四,30134.0,中信銀/兆豐銀,4.63,2027-10-04 00:00:00,100.0,2027-10-18 00:00:00,1.8794520547945206,0.023,32.97999999999999,131.5,143.8,91.44645340751042,128.35,40.355361216730046,50.63,56.44,100.0,500000000.0,電子–電腦及週邊設備
威健七,30337.0,6,6.97,2027-08-28 00:00:00,100.0,2027-09-11 00:00:00,1.7780821917808218,0.0375,12.170000000000002,30.55,34.44,88.70499419279908,105.2,18.595351882160394,22.07,24.94,100.0,2500000000.0,電子–電子通路
欣興一,30371.0,4,7.329999999999999,2028-10-20 00:00:00,100.0,2028-11-03 00:00:00,2.926027397260274,0.024,42.18000000000001,186.5,165.4,112.75695284159613,134.85,19.593512064343166,54.07,54.0,100.0,4000000000.0,電子–電子零組件
台灣大四,30454.0,2,5.22,2028-02-10 00:00:00,100.0,2028-02-24 00:00:00,2.232876712328767,0.022,4.719999999999999,108.0,118.2,91.37055837563452,99.5,8.897222222222222,14.82,15.66,100.0,7000000000.0,電子–通信網路
台灣大五,30455.0,2,5.22,2028-02-11 00:00:00,100.0,2028-02-25 00:00:00,2.2356164383561645,0.022,7.719999999999999,108.0,111.3,97.03504043126685,102.5,5.631944444444437,14.82,15.66,100.0,3000000000.0,電子–通信網路
艾訊二,30882.0,5,2.5199999999999996,2026-08-14 00:00:00,100.0,2026-08-28 00:00:00,0.7397260273972602,0.03,8.019999999999996,77.3,88.5,87.34463276836158,105.5,20.785899094437266,25.57,41.15,46.07,800000000.0,電子–電腦及週邊設備
及成四,30954.0,陽信銀,3.1499999999999995,2027-02-11 00:00:00,100.0,2027-02-25 00:00:00,1.2356164383561643,0.023,9.150000000000006,28.65,41.1,69.7080291970803,106.0,52.06282722513089,46.86,51.67,100.0,150000000.0,電子–通信網路
弘塑一,31311.0,5,8.290000000000001,2028-07-16 00:00:00,100.0,2028-07-30 00:00:00,2.663013698630137,0.03,29.689999999999998,1475.0,1736.5,84.94097322199828,121.4,42.92277966101694,57.14,61.05,100.0,1000000000.0,電子–其他電子
弘塑二,31312.0,5,8.34,2028-07-22 00:00:00,100.0,2028-08-05 00:00:00,2.6794520547945204,0.03,31.340000000000003,1475.0,1626.6,90.67994589942211,123.0,35.64189830508475,57.14,61.05,100.0,1000000000.0,電子–其他電子
虹冠電一,32571.0,6,6.47,2027-10-18 00:00:00,101.5075,2027-11-01 00:00:00,1.917808219178082,0.04,20.519999999999996,61.1,72.2,84.62603878116343,114.05,34.7693944353519,44.95,50.81,100.0,500000000.0,電子–半導體
昇貿五,33055.0,6,4.3,2026-12-11 00:00:00,100.0,2026-12-25 00:00:00,1.0657534246575342,0.0375,39.20000000000002,95.8,73.3,130.69577080491132,134.9,3.2168058455114945,68.89,58.9,13.62,800000000.0,電子–其他電子
斐成三,33133.0,元大銀,4.89,2027-11-15 00:00:00,100.0,2027-11-29 00:00:00,1.9945205479452055,0.023,13.989999999999995,14.6,15.7,92.99363057324841,109.1,17.319863013698612,46.51,47.21,98.57,400000000.0,其他
雙鴻五,33245.0,4,2.9599999999999995,2027-07-17 00:00:00,101.5075,2027-07-31 00:00:00,1.663013698630137,0.025,45.96000000000001,894.0,734.4,121.73202614379086,143.0,17.471140939597298,47.6,52.98,100.0,1500000000.0,電子–其他電子
臺慶科一,33571.0,4,2.5899999999999994,2026-10-17 00:00:00,100.0,2026-10-31 00:00:00,0.915068493150685,0.025,48.94,161.0,108.9,147.84205693296602,146.35,-1.0092236024844659,42.23,41.04,87.3,1100000000.0,電子–電子零組件
先進光一,33621.0,土銀,3.2899999999999996,2027-07-02 00:00:00,100.75,2027-07-16 00:00:00,1.621917808219178,0.023,4.890000000000001,92.5,251.0,36.852589641434264,101.6,175.69297297297294,41.17,48.03,99.99,1200000000.0,電子–光電
新日興三,33763.0,4,3.1099999999999994,2027-08-09 00:00:00,101.51,2027-08-23 00:00:00,1.726027397260274,0.025,29.060000000000002,197.0,195.2,100.92213114754098,125.95,24.799187817258893,51.78,56.8,99.61,800000000.0,電子–電子零組件
崇越電一,33881.0,4,5.739999999999999,2027-10-26 00:00:00,100.0,2027-11-09 00:00:00,1.9397260273972603,0.028,9.739999999999995,62.0,62.8,98.72611464968153,104.0,5.341935483870963,9.07,16.67,99.98,700000000.0,電子–電子零組件
旭軟二,33902.0,中信銀,5.42,2028-02-07 00:00:00,100.0,2028-02-21 00:00:00,2.2246575342465755,0.023,15.620000000000005,21.6,24.2,89.25619834710746,110.2,23.464814814814794,31.13,34.5,100.0,200000000.0,電子–電子零組件
融程電三,34163.0,5,3.76,2027-01-11 00:00:00,100.0,2027-01-25 00:00:00,1.1506849315068493,0.03,27.760000000000005,146.0,127.1,114.87018095987412,124.0,7.947945205479456,38.53,40.16,83.96,500000000.0,電子–電腦及週邊設備
安勤三,34793.0,5,3.7299999999999995,2027-01-08 00:00:00,100.0,2027-01-22 00:00:00,1.1424657534246576,0.03,15.829999999999998,98.4,109.3,90.02744739249772,112.1,24.517581300812985,30.37,37.97,100.0,650000000.0,電子–電腦及週邊設備
力致四,34834.0,6,6.1899999999999995,2027-05-08 00:00:00,100.0,2027-05-22 00:00:00,1.4712328767123288,0.04,10.189999999999998,92.2,136.1,67.74430565760471,104.0,53.51843817787416,38.69,44.5,100.0,200000000.0,電子–電腦及週邊設備
崧騰三,34843.0,5,0.8400000000000001,2026-04-10 00:00:00,100.75,2026-04-24 00:00:00,0.39452054794520547,0.0325,25.290000000000006,50.2,42.2,118.95734597156398,124.45,4.617330677290843,23.18,39.91,63.62,400000000.0,電子–電子零組件
亞帝歐一,35161.0,永豐銀,4.63,2027-10-04 00:00:00,100.0,2027-10-18 00:00:00,1.8794520547945206,0.023,13.629999999999995,19.75,25.81,76.52072839984503,109.0,42.44506329113924,21.1,33.94,100.0,350000000.0,電子–光電
柏騰一,35181.0,台新銀,4.22,2027-08-01 00:00:00,100.0,2027-08-15 00:00:00,1.704109589041096,0.023,12.120000000000005,20.7,35.0,59.14285714285714,107.9,82.43961352657007,46.61,46.83,100.0,300000000.0,電子–其他電子
御嵿一,35221.0,兆豐銀,1.1,2026-12-04 00:00:00,101.5075,2026-12-18 00:00:00,1.0465753424657533,0.022,7.449999999999989,16.0,18.6,86.02150537634408,106.35,23.63187499999999,33.26,41.15,82.06,150000000.0,觀光餐旅
凡甲六,35266.0,5,3.5599999999999996,2027-01-15 00:00:00,100.0,2027-01-29 00:00:00,1.1616438356164382,0.028,33.56,241.5,200.3,120.56914628057913,130.0,7.821946169772254,26.41,31.69,78.75,1000000000.0,電子–電子零組件
凡甲七,35267.0,5,8.24,2028-07-10 00:00:00,100.0,2028-07-24 00:00:00,2.6465753424657534,0.03,23.439999999999998,241.5,269.6,89.57715133531157,115.2,28.604223602484492,26.41,31.69,100.0,1500000000.0,電子–電子零組件
兆利二,35482.0,4,3.3399999999999994,2026-12-25 00:00:00,100.0,2027-01-08 00:00:00,1.104109589041096,0.0275,6.340000000000003,91.6,186.0,49.247311827956985,103.0,109.14847161572054,38.99,48.54,99.98,800000000.0,電子–電子零組件
兆利三,35483.0,4,6.449999999999999,2028-02-11 00:00:00,100.0,2028-02-25 00:00:00,2.2356164383561645,0.0275,7.950000000000003,91.6,162.8,56.26535626535626,101.5,80.39519650655022,38.99,48.54,100.0,1500000000.0,電子–電子零組件
世禾三,35513.0,5,9.030000000000001,2028-10-14 00:00:00,100.0,2028-10-28 00:00:00,2.9095890410958902,0.03,27.03,157.5,173.0,91.04046242774567,118.0,29.6126984126984,41.57,48.01,100.0,500000000.0,綠能環保
辛耘一,35831.0,4,1.75,2026-05-24 00:00:00,100.0,2026-06-07 00:00:00,0.5150684931506849,0.028,16.0,316.5,349.3,90.60979101059262,114.25,26.09012638230648,40.2,45.9,100.0,200000000.0,電子–半導體
辛耘二,35832.0,4,1.84,2026-06-05 00:00:00,100.0,2026-06-19 00:00:00,0.547945205479452,0.028,20.439999999999998,316.5,337.4,93.80557202133967,118.6,26.431721958925714,40.2,45.9,99.89,1000000000.0,電子–半導體
閎康一,35871.0,4,1.6800000000000002,2026-06-06 00:00:00,100.0,2026-06-20 00:00:00,0.5506849315068493,0.025,20.730000000000004,199.0,192.0,103.64583333333333,119.05,14.862311557788942,42.57,41.8,75.11,600000000.0,電子–其他電子
宏致三,36053.0,5,5.1,2027-07-23 00:00:00,101.5075,2027-08-06 00:00:00,1.6794520547945206,0.0375,32.099999999999994,62.5,50.5,123.76237623762376,127.0,2.615999999999996,40.14,50.39,13.57,1000000000.0,電子–電子零組件
碩天三,36173.0,4,7.3,2028-06-02 00:00:00,100.0,2028-06-16 00:00:00,2.5424657534246577,0.0275,15.299999999999997,203.0,287.3,70.65784893839192,108.0,52.84926108374386,38.07,45.54,100.0,1500000000.0,電子–其他電子
家登四,36804.0,5,2.9399999999999995,2026-10-04 00:00:00,100.0,2026-10-18 00:00:00,0.8794520547945206,0.03,19.289999999999992,342.5,356.0,96.20786516853933,116.35,20.936058394160572,39.91,46.51,35.61,1000000000.0,電子–半導體
榮昌一,36841.0,6,5.92,2027-10-14 00:00:00,102.01,2027-10-28 00:00:00,1.906849315068493,0.04,19.42,47.6,50.7,93.88560157790927,113.5,20.891806722689065,37.93,31.67,100.0,300000000.0,電子–通信網路
碩禾三,36913.0,上海銀等,4.319999999999999,2027-08-16 00:00:00,100.0,2027-08-30 00:00:00,1.7452054794520548,0.023,4.61999999999999,72.1,118.0,61.101694915254235,100.3,64.15256588072123,43.22,45.55,100.0,2000000000.0,電子–光電
大聯大二,37022.0,4,6.14,2027-10-28 00:00:00,100.0,2027-11-11 00:00:00,1.9452054794520548,0.03,9.040000000000006,68.3,76.9,88.81664499349804,102.9,15.856661786237192,28.25,31.45,100.0,3500000000.0,電子–電子通路
大聯大三,37023.0,4,6.22,2027-11-07 00:00:00,100.0,2027-11-21 00:00:00,1.9726027397260273,0.03,10.120000000000005,68.3,74.6,91.5549597855228,103.9,13.48374816983895,28.25,31.45,100.0,2000000000.0,電子–電子通路
上緯投控三,37083.0,一銀,2.11,2026-09-13 00:00:00,100.0,2026-09-27 00:00:00,0.821917808219178,0.022,30.310000000000002,108.0,86.4,125.0,128.2,2.5599999999999845,62.25,55.3,30.37,1000000000.0,綠能環保
聯上五,41135.0,板信銀,6.989999999999999,2028-10-13 00:00:00,100.0,2028-10-27 00:00:00,2.9068493150684933,0.023,12.539999999999992,21.2,26.3,80.6083650190114,105.55,30.941745283018875,28.97,38.3,100.0,400000000.0,建材營建
晟德六,41236.0,永豐銀,5.829999999999999,2028-04-12 00:00:00,100.0,2028-04-26 00:00:00,2.4027397260273973,0.023,19.33,37.95,38.6,98.31606217616581,113.5,15.44400527009222,25.89,30.71,90.88,700000000.0,生技醫療
聯合五,41295.0,6,8.15,2028-05-15 00:00:00,101.5075,2028-05-29 00:00:00,2.493150684931507,0.0375,33.150000000000006,121.5,105.6,115.05681818181819,125.0,8.64197530864197,32.57,33.12,99.98,700000000.0,生技醫療
承業醫五,41645.0,6,10.41,2028-06-06 00:00:00,100.752,2028-06-20 00:00:00,2.5534246575342467,0.0425,19.459999999999994,39.3,47.0,83.61702127659574,109.05,30.416030534351158,33.01,40.66,100.0,900000000.0,生技醫療
醣聯四,41684.0,土銀,6.74,2028-09-04 00:00:00,100.0,2028-09-18 00:00:00,2.8,0.023,16.64,21.5,23.91,89.92053534086156,109.9,22.21902325581395,51.67,46.6,100.0,500000000.0,生技醫療
三圓三,44163.0,一銀,0.10999999999999999,2026-09-16 00:00:00,102.01,2026-09-30 00:00:00,0.8301369863013699,0.022,3.6099999999999994,33.2,65.7,50.532724505327245,103.5,104.81777108433734,31.72,31.74,95.59,1000000000.0,建材營建
廣越三,44383.0,4,8.520000000000001,2028-09-16 00:00:00,100.0,2028-09-30 00:00:00,2.8328767123287673,0.029,22.97,83.2,75.0,110.93333333333332,114.45,3.1700721153846256,30.38,34.4,100.0,800000000.0,紡織纖維
桓達一,45491.0,5,8.040000000000001,2027-10-24 00:00:00,100.0,2027-11-07 00:00:00,1.9342465753424658,0.04,17.99000000000001,115.0,154.4,74.48186528497409,109.95,47.61982608695652,45.41,53.25,100.0,500000000.0,電機機械
氣立四,45554.0,彰銀,6.109999999999999,2028-05-26 00:00:00,100.0,2028-06-09 00:00:00,2.5232876712328767,0.023,18.010000000000005,41.45,43.4,95.50691244239631,111.9,17.164294330518693,40.98,48.7,100.0,500000000.0,電機機械
寶緯一,45581.0,華南銀,6.609999999999999,2028-08-14 00:00:00,100.0,2028-08-28 00:00:00,2.7424657534246575,0.023,8.61,19.95,29.8,66.94630872483222,102.0,52.360902255639076,32.09,40.37,100.0,300000000.0,電機機械
駐龍一,45721.0,6,2.6399999999999997,2026-07-02 00:00:00,100.0,2026-07-16 00:00:00,0.6219178082191781,0.0375,10.689999999999998,154.5,160.6,96.20174346201745,108.05,12.316051779935266,24.08,32.86,100.0,500000000.0,電機機械
國精化三,47223.0,5,8.81,2028-09-17 00:00:00,100.0,2028-10-01 00:00:00,2.835616438356164,0.03,46.00999999999999,183.0,141.3,129.51167728237792,137.2,5.936393442622934,72.04,65.1,100.0,500000000.0,化學工業
康普三,47393.0,彰銀,2.3,2026-10-14 00:00:00,100.0,2026-10-28 00:00:00,0.9068493150684932,0.022,6.799999999999997,68.4,98.5,69.44162436548224,104.5,50.4861111111111,44.34,43.72,99.21,700000000.0,化學工業
台特化一,47721.0,6,11.520000000000001,2028-11-13 00:00:00,100.0,2028-11-27 00:00:00,2.9917808219178084,0.0375,26.519999999999996,306.5,323.8,94.65719579987646,115.0,21.491027732463298,49.07,54.2,100.0,2000000000.0,化學工業
正文六,49066.0,5,2.06,2026-05-19 00:00:00,100.0,2026-06-02 00:00:00,0.5013698630136987,0.035,16.61,26.2,26.6,98.49624060150374,114.55,16.298854961832077,34.4,36.31,43.01,1500000000.0,電子–通信網路
華星光四,49794.0,6,5.1,2026-12-11 00:00:00,100.0,2026-12-25 00:00:00,1.0657534246575342,0.045,37.099999999999994,235.5,204.3,115.27165932452274,132.0,14.512101910828035,54.09,63.59,100.0,200000000.0,電子–通信網路
凱衛一,52011.0,兆豐銀,6.92,2028-10-01 00:00:00,100.0,2028-10-15 00:00:00,2.873972602739726,0.023,33.41999999999999,45.0,38.5,116.88311688311688,126.5,8.227777777777767,51.59,58.05,100.0,100000000.0,電子–資訊服務
雷笛克光學三,52303.0,中信銀,1.72,2026-07-10 00:00:00,100.0,2026-07-24 00:00:00,0.6438356164383562,0.022,6.769999999999996,17.2,22.0,78.18181818181817,105.05,34.36627906976746,35.43,41.34,19.86,300000000.0,電子–光電
智崴五,52635.0,台中商銀,3.0699999999999994,2027-02-18 00:00:00,100.0,2027-03-04 00:00:00,1.2547945205479452,0.022,9.86999999999999,86.4,110.6,78.11934900542497,106.8,36.71388888888887,31.45,35.82,50.46,800000000.0,文化創意
桂盟四,53064.0,日商瑞穗銀行,2.3699999999999997,2026-10-25 00:00:00,100.0,2026-11-08 00:00:00,0.936986301369863,0.022,4.719999999999999,91.2,122.5,74.44897959183675,102.35,37.47669956140347,24.05,32.64,99.99,1000000000.0,運動休閒
中磊七,53887.0,4,2.9399999999999995,2026-11-22 00:00:00,100.0,2026-12-06 00:00:00,1.0136986301369864,0.026,5.340000000000003,82.4,134.6,61.2184249628529,102.4,67.26990291262136,32.76,40.92,100.0,3000000000.0,電子–通信網路
崇越二,54342.0,3,1.69,2026-06-15 00:00:00,100.0,2026-06-29 00:00:00,0.5753424657534246,0.024,69.69,302.5,184.1,164.31287343834873,168.0,2.243966942148745,29.03,31.33,31.04,1000000000.0,電子–電子通路
高技一,54391.0,5,8.63,2028-08-26 00:00:00,100.0,2028-09-09 00:00:00,2.7753424657534245,0.03,44.629999999999995,354.0,300.0,118.0,136.0,15.254237288135597,59.65,62.53,100.0,2000000000.0,電子–電子零組件
南良一,54501.0,土銀,5.6,2028-03-07 00:00:00,100.0,2028-03-21 00:00:00,2.304109589041096,0.023,9.849999999999994,13.2,17.4,75.86206896551725,104.25,37.42045454545453,25.5,31.63,99.96,500000000.0,其他
四維航六,56086.0,陽信銀,1.58,2026-06-07 00:00:00,100.0,2026-06-21 00:00:00,0.5534246575342465,0.023,7.579999999999998,18.3,22.1,82.80542986425338,106.0,28.01092896174866,35.39,42.38,99.98,500000000.0,航運業
四維航七,56087.0,一銀,5.01,2027-12-03 00:00:00,100.0,2027-12-17 00:00:00,2.043835616438356,0.023,17.960000000000008,18.3,19.3,94.81865284974094,112.95,19.122131147540976,35.39,42.38,100.0,600000000.0,航運業
創惟一,61041.0,5,5.9399999999999995,2027-08-12 00:00:00,100.0,2027-08-26 00:00:00,1.7342465753424658,0.0325,11.939999999999998,92.1,124.8,73.79807692307692,106.0,43.63517915309447,36.43,54.46,87.36,500000000.0,電子–半導體
信音三,61263.0,6,4.29,2026-11-16 00:00:00,100.0,2026-11-30 00:00:00,0.9972602739726028,0.04,22.290000000000006,29.45,26.8,109.88805970149254,118.0,7.382003395585746,34.63,36.4,39.8,500000000.0,電子–電子零組件
松上五,61565.0,6,6.56,2027-06-11 00:00:00,100.0,2027-06-25 00:00:00,1.5643835616438355,0.04,6.109999999999999,19.9,29.0,68.62068965517241,99.55,45.072864321608044,33.72,40.25,100.0,350000000.0,電子–電子零組件
華電網五,61635.0,7,7.199999999999999,2027-10-02 00:00:00,102.01,2027-10-16 00:00:00,1.873972602739726,0.0475,59.19999999999999,36.5,25.02,145.88329336530776,152.0,4.1928767123287525,45.5,47.76,100.0,300000000.0,電子–通信網路
達麗七,61777.0,7,6.119999999999999,2027-06-11 00:00:00,102.01,2027-06-25 00:00:00,1.5643835616438355,0.05,20.370000000000005,48.0,46.1,104.12147505422993,114.25,9.72760416666667,27.76,34.57,100.0,600000000.0,建材營建
大豐電三,61843.0,6,3.5199999999999996,2027-02-20 00:00:00,101.5075,2027-03-06 00:00:00,1.2602739726027397,0.0375,3.219999999999999,47.8,49.4,96.76113360323886,99.7,3.0372384937238595,18.16,14.97,87.1,1500000000.0,其他
萬潤五,61875.0,5,5.119999999999999,2027-06-26 00:00:00,100.0,2027-07-10 00:00:00,1.6054794520547946,0.03,40.120000000000005,355.0,276.8,128.25144508670522,135.0,5.261971830985912,40.36,53.69,44.08,500000000.0,電子–半導體
豐藝四,61894.0,4,2.0,2026-10-27 00:00:00,100.7519,2026-11-10 00:00:00,0.9424657534246575,0.026,19.299999999999997,46.5,43.14,107.78859527121001,117.3,8.824129032258066,28.48,33.01,24.96,500000000.0,電子–電子通路
帆宣五,61965.0,4,1.73,2026-06-13 00:00:00,100.0,2026-06-27 00:00:00,0.5698630136986301,0.025,81.72999999999999,235.0,130.7,179.80107115531754,180.0,0.11063829787232304,39.5,38.96,10.23,2500000000.0,電子–其他電子
佳必琪三,61973.0,5,5.92,2027-10-01 00:00:00,100.0,2027-10-15 00:00:00,1.8712328767123287,0.03,23.820000000000007,143.5,152.0,94.4078947368421,117.9,24.883623693379818,39.24,43.47,100.0,1000000000.0,電子–電子零組件
今國光三,62093.0,中信銀,6.68,2028-10-09 00:00:00,100.0,2028-10-23 00:00:00,2.8958904109589043,0.022,53.68000000000001,56.8,38.6,147.1502590673575,147.0,-0.10211267605633179,49.21,50.86,100.0,450000000.0,電子–光電
富旺四,62194.0,台中銀,6.17,2028-10-02 00:00:00,100.7519,2028-10-16 00:00:00,2.8767123287671232,0.023,18.769999999999996,20.05,21.17,94.70949456778459,112.6,18.889875311720704,36.29,39.98,100.0,600000000.0,建材營建
台郡五,62695.0,4,6.9799999999999995,2027-07-19 00:00:00,100.0,2027-08-02 00:00:00,1.6684931506849314,0.04,8.180000000000007,55.6,93.0,59.78494623655914,101.2,69.27338129496403,42.1,42.79,100.0,2000000000.0,電子–電子零組件
台郡六,62696.0,4,6.9799999999999995,2027-07-19 00:00:00,100.0,2027-08-02 00:00:00,1.6684931506849314,0.04,2.980000000000004,55.6,101.0,55.049504950495056,96.0,74.38848920863308,42.1,42.79,100.0,1000000000.0,電子–電子零組件
台燿五,62745.0,4,7.39,2028-10-30 00:00:00,100.0,2028-11-13 00:00:00,2.9534246575342467,0.024,40.19,440.0,386.0,113.98963730569949,132.8,16.501818181818194,54.96,52.87,100.0,4000000000.0,電子–電子零組件
康舒二,62822.0,5,2.17,2026-05-30 00:00:00,100.0,2026-06-13 00:00:00,0.5315068493150685,0.035,11.370000000000005,38.5,46.1,83.51409978308025,109.2,30.75636363636365,46.89,44.4,100.0,4000000000.0,電子–電子零組件
佳邦三,62843.0,4,2.8899999999999997,2026-11-30 00:00:00,100.0,2026-12-14 00:00:00,1.0356164383561643,0.025,15.790000000000006,81.2,86.6,93.76443418013858,112.9,20.408128078817732,34.2,38.17,100.0,700000000.0,電子–電子零組件
良維十,629010.0,5,4.51,2027-04-29 00:00:00,100.500625,2027-05-13 00:00:00,1.4465753424657535,0.0325,151.51,182.0,75.9,239.7891963109354,247.0,3.007142857142875,48.83,45.64,14.55,800000000.0,電子–電子零組件
樺漢五,64145.0,4,2.07,2026-08-02 00:00:00,100.0,2026-08-16 00:00:00,0.7068493150684931,0.025,17.819999999999993,298.0,273.6,108.91812865497074,115.75,6.2724832214765325,25.79,33.87,99.99,3000000000.0,電子–電腦及週邊設備
易發一,64251.0,上海銀,4.609999999999999,2027-10-01 00:00:00,100.0,2027-10-15 00:00:00,1.8712328767123287,0.023,48.110000000000014,78.6,58.7,133.90119250425894,143.5,7.168575063613236,55.4,59.18,77.65,200000000.0,電機機械
大樹三,64693.0,4,7.75,2028-07-14 00:00:00,100.0,2028-07-28 00:00:00,2.6575342465753424,0.028,11.75,102.0,132.53,76.96370633064213,104.0,35.128627450980375,25.86,33.62,100.0,1000000000.0,生技醫療
聚和六,65096.0,5,2.21,2026-06-19 00:00:00,100.0,2026-07-03 00:00:00,0.5863013698630137,0.0325,10.159999999999997,34.8,37.6,92.55319148936168,107.95,16.635632183908065,21.69,28.01,100.0,500000000.0,化學工業
易華電一,65521.0,台新銀,2.28,2026-10-11 00:00:00,100.0,2026-10-25 00:00:00,0.8986301369863013,0.022,2.280000000000001,25.1,58.8,42.68707482993197,100.0,134.26294820717132,36.4,42.07,100.0,500000000.0,電子–半導體
南俊國際一,65841.0,彰銀,1.3,2026-10-15 00:00:00,101.0025,2026-10-29 00:00:00,0.9095890410958904,0.022,102.30000000000001,359.0,177.5,202.25352112676057,201.0,-0.6197771587743817,63.64,61.96,28.48,700000000.0,電子–電子零組件
南俊國際二,65842.0,6,3.8599999999999994,2026-10-16 00:00:00,101.0025,2026-10-30 00:00:00,0.9123287671232877,0.05,89.86000000000001,359.0,191.6,187.3695198329854,186.0,-0.7309192200557146,63.64,61.96,63.93,300000000.0,電子–電子零組件
鼎基一,65851.0,一銀,2.29,2026-10-12 00:00:00,100.0,2026-10-26 00:00:00,0.9013698630136986,0.022,12.290000000000006,89.6,110.9,80.79350766456265,110.0,36.1495535714286,37.25,43.96,54.62,500000000.0,其他
萬年清一,66241.0,土銀,3.2199999999999998,2027-06-21 00:00:00,100.75,2027-07-05 00:00:00,1.5917808219178082,0.023,23.72,49.85,40.6,122.78325123152709,120.5,-1.8595787362086225,35.95,31.66,100.0,100000000.0,綠能環保
金萬林一創,66451.0,華南銀,0.52,2026-11-20 00:00:00,102.0,2026-12-04 00:00:00,1.0082191780821919,0.022,6.269999999999996,18.9,27.87,67.81485468245424,105.75,55.939285714285745,43.66,43.11,100.0,70000000.0,生技醫療
群翊二,66642.0,6,8.67,2027-11-05 00:00:00,100.0,2027-11-19 00:00:00,1.9671232876712328,0.0425,24.120000000000005,258.5,292.1,88.49709003765834,115.45,30.4562669245648,44.3,47.01,100.0,1250000000.0,電子–電子零組件
嘉基二,67152.0,5,3.9799999999999995,2027-01-04 00:00:00,100.0,2027-01-18 00:00:00,1.1315068493150684,0.0325,7.980000000000004,89.8,157.1,57.161043921069385,104.0,81.94209354120265,31.95,39.65,100.0,300000000.0,電子–電子零組件
龍德造船一,67531.0,5,5.39,2027-06-11 00:00:00,100.0,2027-06-25 00:00:00,1.5643835616438355,0.0325,35.389999999999986,123.0,116.6,105.48885077186965,130.0,23.23577235772356,56.6,52.68,52.17,1000000000.0,航運業
志強一KY,67681.0,4,6.529999999999999,2027-10-17 00:00:00,100.0,2027-10-31 00:00:00,1.915068493150685,0.0325,34.53,114.0,95.2,119.74789915966386,128.0,6.891228070175437,41.36,50.4,59.1,1000000000.0,運動休閒
平和環保一創,67711.0,台中銀,2.4499999999999997,2027-04-24 00:00:00,101.0025,2027-05-08 00:00:00,1.4328767123287671,0.022,8.200000000000003,46.95,51.66,90.88269454123113,105.75,16.358785942492005,13.82,23.83,100.0,350000000.0,綠能環保
聯寶一,68211.0,6,6.55,2027-08-01 00:00:00,101.0,2027-08-15 00:00:00,1.704109589041096,0.0425,8.75,38.95,43.06,90.45517882025081,102.2,12.984133504492945,31.22,40.73,100.0,300000000.0,電子–電子零組件
汎銓一,68301.0,5,3.1199999999999997,2026-08-01 00:00:00,100.0,2026-08-15 00:00:00,0.7041095890410959,0.04,21.120000000000005,161.0,147.8,108.93098782138024,118.0,8.325465838509327,40.25,46.05,99.98,500000000.0,電子–其他電子
進典一,68431.0,6,6.0,2027-07-21 00:00:00,101.0025,2027-08-04 00:00:00,1.673972602739726,0.04,13.200000000000003,57.1,61.4,92.99674267100978,107.2,15.272854640980714,30.06,32.66,100.0,300000000.0,電機機械
綠茵一,68461.0,6,7.93,2028-02-28 00:00:00,101.5075,2028-03-13 00:00:00,2.282191780821918,0.04,9.330000000000013,75.0,80.4,93.28358208955223,101.4,8.700800000000019,17.62,25.01,99.71,350000000.0,食品工業
綠茵二,68462.0,6,8.06,2028-03-11 00:00:00,101.5075,2028-03-25 00:00:00,2.315068493150685,0.04,14.060000000000002,75.0,78.0,96.15384615384616,106.0,10.239999999999982,17.62,25.01,99.68,350000000.0,食品工業
錼創科技一KY創,68541.0,中信銀,2.03,2027-02-13 00:00:00,101.0025,2027-02-27 00:00:00,1.2410958904109588,0.022,5.030000000000001,132.0,248.3,53.161498187676195,103.0,93.74924242424242,51.34,64.5,100.0,800000000.0,電子–半導體
來億一KY,68901.0,5,11.530000000000001,2028-11-14 00:00:00,100.0,2028-11-28 00:00:00,2.9945205479452053,0.0375,21.53,271.5,246.4,110.18668831168831,110.0,-0.16942909760589986,53.93,60.16,100.0,4500000000.0,運動休閒
大井泵浦一,69821.0,7,8.51,2027-07-09 00:00:00,100.0,2027-07-23 00:00:00,1.641095890410959,0.05,13.510000000000005,64.1,63.6,100.78616352201257,105.0,4.180967238689548,39.44,0.0,99.8,300000000.0,電機機械
大井泵浦二,69822.0,7,8.67,2027-07-21 00:00:00,100.0,2027-08-04 00:00:00,1.673972602739726,0.05,14.170000000000002,64.1,61.8,103.72168284789645,105.5,1.7145085803432103,39.44,0.0,99.5,200000000.0,電機機械
邑錡二,74022.0,6,4.869999999999999,2027-08-19 00:00:00,102.01,2027-09-02 00:00:00,1.7534246575342465,0.0375,43.870000000000005,131.0,97.6,134.22131147540986,139.0,3.5603053435114385,67.43,66.23,100.0,400000000.0,電子–光電
意德士一永,75561.0,6,11.1,2028-07-29 00:00:00,100.0,2028-08-12 00:00:00,2.6986301369863015,0.04,20.099999999999994,168.0,180.9,92.86898839137645,109.0,17.369642857142864,30.54,48.66,100.0,100000000.0,電子–半導體
意德士二,75562.0,6,11.13,2028-08-01 00:00:00,100.0,2028-08-15 00:00:00,2.706849315068493,0.04,23.129999999999995,168.0,177.4,94.70124013528748,112.0,18.266666666666676,30.54,48.66,100.0,200000000.0,電子–半導體
威力德生醫一,77131.0,5,5.8999999999999995,2027-10-06 00:00:00,101.0025,2027-10-20 00:00:00,1.884931506849315,0.035,10.300000000000011,73.8,73.9,99.86468200270635,104.4,4.541463414634173,24.49,0.0,100.0,500000000.0,生技醫療
鈦昇三,80273.0,6,0.74,2026-06-29 00:00:00,102.0151,2026-07-13 00:00:00,0.6136986301369863,0.04,53.74000000000001,99.0,64.74,152.9193697868397,153.0,0.05272727272724875,44.32,48.27,35.72,1000000000.0,電機機械
廣積六,80506.0,5,6.2299999999999995,2027-11-08 00:00:00,100.0,2027-11-22 00:00:00,1.9753424657534246,0.03,10.230000000000004,46.25,63.3,73.06477093206951,104.0,42.33945945945947,23.14,32.59,47.35,1600000000.0,電子–電腦及週邊設備
翔名四,80914.0,5,2.17,2026-08-01 00:00:00,100.25,2026-08-15 00:00:00,0.7041095890410959,0.03,18.17,115.0,127.0,90.5511811023622,116.0,28.104347826086972,32.35,35.58,100.0,550000000.0,電子–半導體
正淩三,81473.0,6,7.199999999999999,2027-09-19 00:00:00,100.0,2027-10-03 00:00:00,1.8383561643835618,0.0375,11.200000000000003,99.5,132.1,75.3217259651779,104.0,38.07437185929648,39.0,48.53,99.6,300000000.0,電子–電子零組件
博智一,81551.0,4,5.79,2027-12-27 00:00:00,100.0,2028-01-10 00:00:00,2.1095890410958904,0.026,51.78999999999999,178.0,121.6,146.38157894736844,146.0,-0.2606741573033866,49.89,55.61,89.23,1000000000.0,電子–電子零組件
朋程一,82551.0,4,2.02,2026-07-26 00:00:00,100.0,2026-08-09 00:00:00,0.6876712328767123,0.025,7.86999999999999,126.0,196.2,64.22018348623854,105.85,64.8235714285714,37.85,42.03,99.98,800000000.0,電機機械
百和興業一KY,84041.0,王道銀等聯保,4.35,2027-09-19 00:00:00,100.0,2027-10-03 00:00:00,1.8383561643835618,0.022,22.0,25.2,26.8,94.02985074626865,117.65,25.11984126984128,34.72,41.7,100.0,1000000000.0,其他
福貞三KY,84113.0,玉山銀,5.6899999999999995,2028-07-18 00:00:00,100.7519,2028-08-01 00:00:00,2.6684931506849314,0.023,5.890000000000001,12.4,13.3,93.23308270676691,100.2,7.4725806451612975,11.25,20.52,100.0,1200000000.0,其他
可寧衛一,84221.0,4,3.3099999999999996,2027-11-08 00:00:00,102.5251,2027-11-22 00:00:00,1.9753424657534246,0.028,69.31,24.5,14.6,167.8082191780822,166.0,-1.0775510204081629,31.59,25.64,51.1,2500000000.0,綠能環保
可寧衛二,84222.0,4,7.359999999999999,2028-03-24 00:00:00,100.0,2028-04-07 00:00:00,2.350684931506849,0.03,36.45999999999998,24.5,19.0,128.94736842105263,129.1,0.11836734693877471,31.59,25.64,99.93,2000000000.0,綠能環保
威宏二KY,84422.0,富邦銀,2.25,2026-10-05 00:00:00,100.0,2026-10-19 00:00:00,0.8821917808219178,0.022,18.25,71.4,73.9,96.617050067659,116.0,20.061624649859944,28.2,34.8,90.37,400000000.0,其他
柏文三,84623.0,5,1.77,2026-03-31 00:00:00,100.0,2026-04-14 00:00:00,0.36712328767123287,0.04,16.269999999999996,157.5,141.2,111.54390934844194,114.5,2.650158730158725,27.01,31.4,89.0,300000000.0,運動休閒
波力二KY,84672.0,富邦銀等聯保,3.5899999999999994,2027-05-16 00:00:00,100.0,2027-05-30 00:00:00,1.4931506849315068,0.022,18.590000000000003,158.5,191.4,82.81086729362592,115.0,38.87066246056781,44.92,55.89,55.23,210000000.0,運動休閒
山林水二,84732.0,6,1.9300000000000002,2026-09-14 00:00:00,101.26,2026-09-28 00:00:00,0.8246575342465754,0.035,11.930000000000007,36.7,34.1,107.62463343108504,110.0,2.207084468664844,33.0,36.5,24.88,1000000000.0,綠能環保
吉源一KY,84881.0,玉山銀/王道銀,2.6099999999999994,2026-12-05 00:00:00,100.0,2026-12-19 00:00:00,1.0493150684931507,0.022,1.3100000000000023,10.3,18.4,55.97826086956522,98.7,76.31844660194176,23.61,28.57,100.0,300000000.0,其他
三貝德一,84891.0,上海銀,2.3499999999999996,2026-11-25 00:00:00,100.2001,2026-12-09 00:00:00,1.021917808219178,0.022,40.349999999999994,41.85,28.8,145.3125,138.0,-5.032258064516126,43.6,46.99,67.56,332992100.0,其他
高力四,89964.0,5,2.5899999999999994,2026-11-22 00:00:00,100.7519,2026-12-06 00:00:00,1.0136986301369864,0.03,125.59,515.0,233.5,220.55674518201286,223.0,1.107766990291248,68.35,63.11,26.78,1000000000.0,電機機械
鈺齊六KY,98026.0,4,2.6499999999999995,46327,101.0025,46341,0.9561643835616438,0.035,29.099999999999994,111.0,106.4,104.32330827067669,126.45,21.209729729729744,39.3,49.21,99.98,1000000000.0,運動休閒
宏全二,99392.0,4,5.079999999999999,46675,100.0,46689,1.9095890410958904,0.025,9.780000000000001,128.0,161.2,79.4044665012407,104.7,31.856562499999995,17.64,25.46,99.99,4000000000.0,其他
